class,cap-diameter,cap-shape,cap-surface,cap-color,does-bruise-or-bleed,gill-attachment,gill-spacing,gill-color,stem-height,stem-width,stem-root,stem-surface,stem-color,veil-type,veil-color,has-ring,ring-type,spore-print-color,habitat,season
e,1.32,c,g,n,f,a,,g,4.41,1.28,,,g,,,f,f,,l,a
p,4.41,x,h,o,f,a,c,n,4.18,6.21,,y,o,,,t,z,,d,w
e,9.23,o,,n,f,,,w,4.5,20.78,,,n,,,f,f,,d,a
p,3.16,f,w,n,t,d,c,y,3.13,5.61,,,n,,,f,f,,d,u
e,3.71,x,h,n,f,,c,n,5.85,6.52,,s,w,,w,f,f,k,d,a
p,8.88,p,y,w,f,,,k,19.23,19.34,,,w,,,f,f,,d,a
e,7.23,f,,g,f,s,c,u,6.22,15.54,,,b,,,f,f,,d,a
p,9.87,x,s,y,f,s,,p,8.85,17.94,,i,n,,,f,f,,d,u
p,6.59,x,g,n,f,e,,w,8.58,12.09,,y,w,u,w,t,p,,d,u
e,8.8,x,s,w,t,e,,g,9.01,16.55,s,,w,,,t,l,,m,u
p,3.78,f,k,n,f,s,,p,4.15,3.11,,,n,,,f,f,p,g,a
p,8.94,x,e,y,t,p,,o,7.64,22.47,,,u,,,f,f,,d,u
e,17.49,p,d,o,f,p,,n,15.52,33.65,s,y,w,,,f,f,,d,a
p,8.3,x,,n,t,x,,n,8.07,19.4,s,,g,,u,f,f,,d,a
p,3.03,x,t,n,f,s,c,n,5.74,9.32,,,w,,n,t,z,,d,u
e,18.82,f,y,n,f,,,w,26.4,20.21,s,,n,,,t,m,,d,a
p,4.82,f,l,e,f,x,d,n,6.13,5.05,,,y,,,f,f,,d,u
p,2.16,x,s,o,f,d,,o,2.87,5.07,,,y,,,f,f,,m,a
p,1.92,b,g,o,f,,c,n,6.92,3.65,,,n,,,f,f,,m,s
p,7.42,f,t,e,f,x,d,w,5.95,16.59,b,,w,,,f,f,,d,a
e,10.15,p,i,n,t,e,,p,8.88,18.45,,y,w,,,t,l,,l,a
e,19.92,p,d,e,f,p,,n,15.05,35.6,s,y,w,,,f,f,,d,u
p,2.19,c,,u,f,a,c,w,3.48,3.63,,i,u,,,f,f,,d,u
e,8.82,f,h,o,f,s,,n,9.64,13.62,,i,n,,,f,f,,d,a
p,2.18,b,g,y,f,,c,n,7.31,3.67,,,n,,,f,f,,d,u
e,6.52,p,y,w,f,e,c,n,5.08,11.66,,,w,,w,t,e,,m,a
p,7.26,c,k,w,t,x,c,p,7.32,12.97,,,w,,,f,f,,d,u
e,8.53,p,,g,f,a,,w,6.79,13.3,,,w,,,f,f,,g,u
p,2.35,b,,n,f,a,,g,5.48,2.31,,s,g,,,f,f,,d,u
p,9.42,s,t,p,t,d,c,p,7.61,14.56,,,p,,,t,f,,d,u
e,52.16,o,y,y,f,p,,y,6.45,41.86,,k,k,,,f,f,,d,u
e,5.41,x,,y,f,e,,w,6.2,12.15,b,,y,u,y,t,g,,d,a
e,9.37,s,,n,f,s,c,u,7.04,19.41,,,u,,,f,f,,l,w
p,4.84,x,,e,f,x,,w,5.93,7.27,,,w,,,f,f,,d,u
e,3.53,f,t,n,f,d,,o,6.17,8.64,,t,o,,,f,f,,d,w
p,6.06,p,g,n,f,e,,w,6.99,11.9,,y,w,u,w,t,p,,d,a
e,7.36,x,t,y,f,p,,y,5.93,13.44,,,y,,y,t,,,d,u
e,8.7,x,s,n,f,e,c,w,6.98,9.65,,i,n,,,f,f,p,d,w
e,6.15,x,h,n,f,x,c,w,6.46,7.38,,y,n,,,t,r,,d,u
e,6.83,x,h,y,f,p,,y,6.45,13.9,,,y,,y,t,,,d,u
e,1.42,x,t,y,f,d,,w,5.02,1.61,,t,y,,,f,f,,d,a
e,6.75,f,t,n,f,s,,n,8.95,12.99,,t,o,,,f,f,,d,a
p,8.58,s,,y,t,d,,o,5.96,13.03,,,w,,,t,f,,d,a
p,12.58,f,t,n,t,d,c,n,5.73,15.32,,,n,,,f,f,,d,u
p,3.84,x,k,w,f,s,,p,4.44,3.14,,,n,,,f,f,p,g,u
e,6.66,f,d,b,f,d,d,o,6.15,12.39,,,w,,,f,f,,g,a
p,3.24,x,s,y,f,,c,y,8.14,7.57,,,y,u,w,t,z,k,d,u
p,11.9,x,,n,f,e,,w,10.86,15.9,,,w,u,w,t,e,,d,u
p,2.17,c,t,y,f,,,y,8.77,3.28,,,y,,,f,f,,g,a
p,4.23,f,l,n,f,x,d,e,6.16,4.83,,,y,,,f,f,,l,a
p,3.68,f,t,n,f,x,c,p,5.36,4.05,,i,g,,,f,f,,d,u
p,9.15,f,,w,f,x,c,w,10.36,11.99,r,i,w,,,f,f,,d,u
e,8.54,p,y,n,t,e,,p,8.56,17.77,,y,w,,,t,l,,d,a
p,1.61,p,t,n,f,a,c,n,7.31,2.46,,t,y,,,t,e,,m,s
e,5.24,o,l,n,f,f,f,f,6.66,51.28,,,n,,,f,f,g,l,a
e,4.27,x,s,o,f,p,,n,6.27,11.81,,,e,,,f,f,,d,u
e,9.34,f,d,w,f,s,c,w,6.79,31.97,,,w,,,f,f,,m,u
e,6.91,f,s,y,f,a,d,w,8.02,14.73,,i,n,,,t,,w,d,w
e,13.55,p,y,w,f,,,w,20.64,18.86,s,,n,,,t,m,,d,a
p,5.19,s,d,o,f,d,c,o,4.2,7.41,,,o,,,f,f,,h,u
p,17.42,s,d,n,f,d,c,y,6.71,36.43,,k,k,,,f,f,,d,a
p,9.89,f,h,r,f,,c,w,10.94,14.82,,,w,u,w,t,g,,d,u
p,5.47,b,y,n,f,,,k,9.42,12.53,,s,w,,,t,z,,d,a
p,0.94,b,t,n,f,,c,k,3.46,2.64,,,n,,,t,f,,g,a
e,10.33,s,e,n,f,d,c,w,8.35,24.5,s,,w,,,f,f,,d,a
p,7.34,x,,g,t,x,,n,8.79,19.42,s,,u,,u,f,f,,d,a
e,8.4,f,s,u,f,a,c,w,5.38,16.59,,,w,,,f,f,,d,u
e,4.65,x,,l,f,d,,r,6.36,7.5,,,r,,,f,f,,l,a
p,6.04,s,d,o,f,d,c,y,4.13,6.98,,,o,,,f,f,,d,a
e,5.24,f,s,b,f,x,c,w,6.67,9.21,,s,n,,,f,f,,l,a
p,1.03,b,t,y,f,,c,g,3.54,2.51,,,n,,,t,f,,g,a
e,1.72,x,s,y,f,d,,w,7.01,2.36,,t,y,,,f,f,,h,u
e,4.4,f,g,g,f,a,d,g,5.63,4.14,,s,n,,,f,f,,d,u
p,8.15,f,h,r,f,,c,w,10.42,10.87,,,w,u,w,t,p,,d,u
p,3.08,f,t,y,f,a,,r,4.75,6.05,,t,y,,,f,f,,g,a
e,3.5,x,s,w,f,d,d,w,3.7,6.88,,,w,,,f,f,,g,a
e,19.33,x,t,k,f,a,d,k,7.07,23.53,,,w,,,f,f,w,d,w
e,4.66,f,,w,f,x,c,n,6.19,3.36,,,w,,,f,f,,d,a
e,3.5,x,k,n,f,p,,n,4.03,9.3,,,n,,,f,f,,d,a
e,7.92,p,s,w,f,e,c,k,4.55,11.45,,,w,,w,t,e,,g,u
p,8.03,o,,n,f,f,f,f,3.34,24.53,,g,n,,,f,f,,d,u
p,2.94,s,w,o,t,d,c,n,3.76,5.93,,,n,,,f,f,,d,a
p,15.17,s,k,w,t,d,d,n,7.16,28.26,,,w,,,f,f,,d,u
p,6.68,s,t,r,t,d,,w,4.32,11.2,,t,g,,,f,f,,d,a
p,3.7,x,i,e,f,,,e,4.39,4.96,,,e,,,f,f,n,d,a
e,4.7,x,,w,f,x,c,n,8.21,8.6,b,,n,,w,t,,,g,s
e,7.43,x,d,y,t,p,,y,7.11,15.02,,,y,,,f,f,,d,u
p,4.94,x,s,n,t,s,d,w,4.18,11.56,r,y,w,,,f,f,,d,a
e,13.13,f,,b,f,d,c,y,2.44,13.12,,,w,,,f,f,,d,w
e,4.89,f,i,n,f,e,c,n,3.71,11.92,,,w,,,t,r,,w,u
e,11.95,x,s,e,f,d,d,w,10.78,17.52,,i,n,,,t,,w,d,a
p,11.29,f,g,o,f,e,,w,16.6,16.69,s,y,w,u,w,t,g,,d,a
e,5.63,s,,n,f,d,c,w,3.73,6.83,,s,w,,,f,f,,l,a
e,4.82,x,s,n,f,p,,n,5.36,12.4,,,e,,,f,f,,d,u
p,2.83,c,h,y,f,,,y,9.22,3.12,,,y,,,f,f,,g,u
p,5.2,f,l,e,f,x,d,y,6.5,5.87,,,n,,,f,f,,d,a
e,10.44,x,i,n,t,e,,p,9.07,17.71,,y,w,,,t,p,,l,a
e,5.93,s,s,b,f,d,d,o,5.14,12.38,,,w,,,f,f,,g,a
p,3.05,b,t,n,f,,,k,9.59,4.84,,,w,,,t,,k,g,a
p,6.74,p,y,g,f,,,w,9.17,12.79,,s,w,,,t,z,,d,a
p,2.15,x,s,o,f,d,,y,2.54,5.03,,,y,,,f,f,,h,a
e,7.72,x,t,y,f,p,,y,8.06,17.36,,,y,,y,t,,,d,u
e,14.01,f,e,n,f,d,c,w,9.06,24.38,s,,w,,,f,f,,l,w
e,4.67,x,t,o,f,a,d,w,7.06,5.88,,s,n,,,f,f,,d,w
e,9.12,f,e,b,f,,c,b,4.9,19.34,,,w,,,t,f,,d,a
p,10.94,f,t,r,t,d,c,n,6.13,15.59,,,n,,,f,f,,d,a
e,7.53,x,l,w,f,d,,w,3.44,8.61,,,w,,,f,f,,d,a
p,1.13,b,t,y,f,,c,k,3.83,2.53,,,n,,,t,f,,g,a
e,9.8,x,s,e,f,a,d,w,9.88,17.48,,i,n,,,t,,w,d,w
p,7.43,x,y,w,t,,,w,9.18,14.65,s,,w,,,t,l,,g,u
p,4.16,x,,n,f,x,c,p,7.99,3.86,,,p,,,f,f,,l,a
e,4.5,x,i,n,f,e,c,p,4.37,12.52,,,w,,,t,l,,w,a
e,52.93,o,y,y,f,p,,y,7.02,41.43,,k,k,,,f,f,,d,s
p,6.05,c,i,y,f,,c,r,6.77,8.05,,,w,,,f,f,,d,u
p,4.16,o,s,w,f,,c,w,0.0,0.0,f,f,f,,,f,f,n,d,a
e,8.7,x,h,n,t,p,,y,8.06,17.93,,,n,,w,t,p,,d,u
e,5.37,x,h,n,f,a,d,n,5.21,4.92,,t,g,,,t,l,,d,a
p,1.26,f,s,y,f,f,f,f,3.43,5.28,,,y,,,f,f,,d,u
e,19.16,s,t,k,f,a,d,k,6.86,21.65,,,w,,,f,f,w,d,a
e,8.01,x,y,e,f,,,w,6.14,23.05,b,,n,,w,t,e,,d,a
p,7.43,x,i,y,f,a,c,k,7.33,6.8,,i,n,,k,t,z,k,g,u
p,5.33,s,d,y,f,d,c,o,4.39,7.33,,,y,,,f,f,,d,u
e,3.11,s,y,n,f,d,d,p,7.3,3.82,,i,n,,,f,f,,h,u
p,9.82,f,h,r,f,,c,w,11.52,15.99,,,w,u,w,t,p,,d,a
p,3.03,o,,k,f,f,f,f,3.47,15.96,,g,g,,,f,f,,d,a
p,4.71,x,h,y,f,a,c,y,6.15,7.47,,g,o,,,f,f,,g,u
p,1.62,x,,n,f,,,k,4.85,2.47,,s,n,,,f,f,k,g,u
p,16.95,x,k,w,t,d,d,n,5.99,30.31,,,w,,,f,f,,d,u
p,7.01,b,t,w,f,e,c,w,11.59,12.17,,y,w,u,w,t,l,,d,u
p,15.62,x,d,o,f,p,,y,4.07,34.99,,,n,,,f,f,,d,w
p,18.46,f,k,n,f,d,c,y,5.52,31.49,,k,n,,,f,f,,d,u
e,10.41,x,h,n,t,p,,n,6.83,16.68,,,n,,w,t,p,,d,a
e,18.69,x,d,o,f,p,,w,15.67,35.03,s,y,w,,,f,f,,d,a
e,6.52,x,i,n,f,e,c,p,4.43,12.75,,,w,,,t,l,,w,u
p,3.47,f,d,y,f,a,,r,5.62,6.79,,t,y,,,f,f,,d,a
p,1.63,x,k,n,f,,,n,3.59,1.43,,,n,,,f,f,,d,u
p,13.0,x,,n,f,e,,w,10.83,14.03,,,w,u,w,t,e,,d,a
p,4.6,f,k,y,f,p,,n,2.57,4.3,,k,n,,,t,f,,d,u
p,5.74,x,s,o,f,a,c,y,6.43,8.54,,g,o,,,f,f,,g,u
e,7.06,x,d,n,t,p,,y,6.94,15.68,,,y,,,f,f,,d,a
e,2.53,x,h,n,f,,c,k,5.75,6.1,,s,w,,w,f,f,k,d,u
p,1.48,x,,n,f,,,n,4.83,2.63,,s,n,,,f,f,k,g,a
p,0.78,x,g,o,f,,,y,3.44,0.76,,,w,,,f,f,,d,a
p,6.54,s,d,o,f,d,c,y,4.13,7.11,,,o,,,f,f,,h,u
p,2.33,x,s,o,f,d,,o,2.87,5.24,,,y,,,f,f,,m,a
p,5.32,s,,e,t,d,c,w,5.3,4.81,,,e,,,f,f,,d,a
e,6.03,b,h,k,f,s,d,w,5.4,10.55,,s,g,,,f,f,,d,u
p,3.82,o,t,w,f,,c,w,0.0,0.0,f,f,f,,,f,f,n,d,a
e,6.1,s,,y,f,a,c,w,4.51,14.49,,,w,,,f,f,,d,w
e,14.81,f,s,n,t,e,,g,10.28,17.86,s,,w,,,t,l,,m,a
p,14.01,f,t,n,t,d,c,n,5.24,25.84,,,r,,,f,f,,d,u
e,7.19,f,s,y,f,a,d,w,9.39,13.8,,i,n,,,t,,w,d,u
p,5.38,s,,n,t,d,c,p,5.86,5.3,,,e,,,f,f,,d,u
p,2.58,s,s,w,f,d,c,w,2.69,7.74,,,w,,,f,f,,g,a
p,3.68,x,t,n,f,a,c,n,3.0,4.94,,y,o,,,t,z,,d,w
p,3.04,b,t,n,f,,,k,10.96,5.86,,,w,,,t,,k,g,w
e,10.22,p,y,n,t,e,,p,9.39,17.91,,y,w,,,t,l,,l,a
e,4.16,x,,n,f,x,c,w,8.24,10.09,b,,w,,w,t,,,d,a
e,11.34,f,e,b,f,,c,b,4.67,21.75,,,w,,,t,f,,d,a
p,2.85,f,w,p,f,a,,r,4.75,5.38,,t,y,,,f,f,,g,u
p,3.89,x,t,o,f,a,c,n,4.18,6.05,,y,o,,,t,z,,d,a
e,8.51,x,h,n,f,p,d,y,8.08,11.96,,s,n,,,f,f,,g,u
p,4.92,o,s,g,f,f,f,f,0.0,0.0,f,f,f,,,t,f,,d,u
p,7.68,f,,r,f,x,c,n,6.9,13.14,,,w,,,f,f,,d,u
p,4.81,x,,g,f,d,c,w,4.97,8.55,b,,n,,,f,f,,d,w
p,7.24,x,t,n,f,s,,g,5.7,7.64,,y,n,,,f,f,,d,w
e,2.75,x,,y,f,a,c,y,3.71,8.71,,,w,,,f,f,,d,u
p,1.53,x,,n,f,,,k,4.53,2.34,,s,n,,,f,f,k,g,u
e,5.75,x,,w,f,e,,w,5.83,11.98,b,,w,u,y,t,g,,d,u
p,4.65,s,k,y,f,p,,n,3.54,5.05,,k,n,,,t,f,,d,u
e,7.03,f,y,n,f,e,c,p,5.15,13.09,,,w,,,t,l,,w,u
p,7.97,f,t,e,f,x,,w,14.3,8.37,r,g,n,,,f,f,,d,u
p,8.68,x,,n,f,p,,w,8.03,26.62,c,,n,,,f,f,p,d,a
p,3.92,x,t,n,f,a,c,n,4.86,6.51,,y,n,,,t,z,,d,a
e,6.31,x,h,y,t,x,c,y,7.54,15.23,,,w,,,f,f,,d,u
e,3.97,f,d,n,t,d,c,p,5.63,7.65,,,n,,,f,f,,d,a
p,1.27,f,s,y,f,f,f,f,3.95,5.97,,,y,,,f,f,,d,a
e,3.08,x,,y,f,a,c,o,2.84,8.12,,,w,,,f,f,,d,u
e,3.13,b,g,n,f,x,d,w,4.27,3.37,,,y,,,f,f,,g,a
e,9.45,x,,n,t,,,w,10.22,20.17,b,,w,u,w,t,g,,d,u
p,3.21,x,,y,f,x,,w,5.22,6.56,,,w,,,f,f,,d,a
p,3.13,o,l,g,f,f,f,f,0.0,0.0,f,f,f,,,f,f,,d,s
p,2.35,c,h,n,f,,,y,7.75,2.92,,,y,,,f,f,,g,a
e,11.25,x,s,n,f,a,d,w,7.6,15.81,,i,n,,,t,,w,d,a
p,3.45,x,h,r,f,s,c,g,5.99,6.86,,y,n,,,t,e,u,d,u
p,8.27,b,y,w,f,,,p,14.0,17.1,,,w,,,f,f,,d,a
p,0.58,x,,o,f,d,,o,3.58,0.87,,,o,,,f,f,w,g,u
e,9.75,f,s,e,f,d,d,w,8.68,14.55,,i,n,,,t,,w,d,u
p,5.64,x,,p,f,,c,w,3.41,12.02,,,y,,,f,f,,d,a
p,7.98,s,d,e,t,d,c,n,8.48,9.63,,,e,,,f,f,,d,a
p,10.47,x,h,r,f,,c,w,12.15,18.32,,,w,u,w,t,g,,d,u
e,17.65,f,e,n,f,a,c,w,8.74,25.14,s,,w,,,f,f,,d,a
e,10.83,f,,g,f,s,c,b,6.95,19.43,,,b,,,f,f,,d,w
e,3.39,b,y,n,f,,c,n,7.22,3.37,,,w,,,f,f,,d,a
p,3.33,f,y,e,f,e,c,n,4.22,3.7,,k,w,,,t,e,,m,u
p,2.35,x,i,k,f,a,,p,4.92,2.78,,,w,,,f,f,p,g,u
e,7.42,f,s,w,f,s,c,w,5.73,21.19,,,w,,,f,f,,m,s
e,7.76,f,s,k,f,a,c,w,4.52,15.45,,,w,,,f,f,,d,a
p,17.85,x,d,k,f,p,,y,5.47,40.51,,,n,,,f,f,,d,w
p,7.65,o,k,n,f,,c,o,1.61,16.17,,,y,,,f,f,,d,w
p,8.69,o,,e,f,f,f,f,3.54,25.76,,g,n,,,f,f,,d,s
p,5.69,x,,w,f,,c,w,3.35,11.44,,,y,,,f,f,,d,a
p,0.77,x,g,o,f,,,y,3.58,0.79,,,w,,,f,f,,d,a
e,9.0,o,,n,f,,,w,3.67,23.76,,,n,,,f,f,,d,a
e,2.86,x,d,e,f,a,c,e,4.75,6.67,,,o,,,f,f,,g,w
p,2.11,x,i,k,f,a,,p,4.87,2.74,,,w,,,f,f,p,g,u
p,2.59,c,,u,f,a,c,w,4.06,3.77,,i,w,,,f,f,,d,a
e,3.59,b,g,n,f,x,d,w,3.83,2.8,,,y,,,f,f,,g,a
p,5.44,f,t,n,f,x,,w,11.27,6.74,r,g,n,,,f,f,,d,a
e,2.87,b,y,n,f,,c,n,6.37,3.32,,,w,,,f,f,,d,s
p,1.7,o,k,n,f,,,n,4.3,1.77,,,n,,,f,f,,d,s
p,7.28,b,k,n,f,d,c,y,5.96,6.91,,i,n,,,t,,,d,u
p,7.86,f,,y,f,x,c,n,6.53,12.73,,,w,,,f,f,,d,a
e,3.86,s,,n,f,f,f,f,7.14,7.4,,,y,,,f,f,,d,a
e,6.24,s,,n,f,d,c,w,5.19,7.74,,s,w,,,f,f,,d,u
e,6.96,f,,y,f,a,c,w,5.55,14.24,,,w,,,f,f,,d,u
p,2.58,x,s,w,f,d,c,w,2.98,5.94,,,w,,,f,f,,g,a
e,3.83,x,,y,f,a,c,o,3.53,9.62,,,w,,,f,f,,d,u
p,7.32,x,h,r,f,,c,w,10.62,14.64,,,w,u,w,t,p,,d,u
e,7.1,x,,y,f,e,,w,6.51,13.33,b,,y,u,w,t,g,,d,a
p,20.47,f,d,n,f,d,c,y,6.54,35.89,,k,k,,,f,f,,d,a
e,12.53,f,,w,f,d,c,w,2.57,14.46,,,w,,,f,f,,d,a
p,13.26,x,,n,f,e,,w,10.84,16.54,,,w,u,w,t,e,,d,a
e,6.02,c,h,n,f,e,,w,12.55,12.41,,s,n,u,w,f,f,,d,u
e,10.88,x,s,e,f,d,d,w,11.47,16.03,,i,n,,,t,,w,d,a
p,7.22,x,y,y,f,a,c,y,11.84,12.17,,y,n,,,t,,,d,u
e,8.59,x,t,n,f,p,d,y,6.4,12.4,,s,n,,,f,f,,d,a
e,8.23,f,h,o,f,s,,y,8.65,12.85,,i,n,,,f,f,,d,a
p,8.25,s,,o,t,d,,o,4.92,12.21,,,w,,,t,f,,d,u
p,5.67,x,,w,f,,c,w,4.07,14.07,,,y,,,f,f,,d,a
p,8.65,f,,r,f,x,c,n,6.63,12.72,,,w,,,f,f,,d,u
e,4.28,x,,r,f,a,,r,6.87,8.01,,,w,,,f,f,,d,a
e,11.07,x,i,n,t,e,,p,9.15,17.64,,y,w,,,t,p,,l,a
e,6.32,x,t,g,f,a,d,n,6.89,6.52,,t,g,,,t,l,,d,w
p,3.98,f,t,n,f,x,c,p,6.32,4.8,,i,g,,,f,f,,d,a
p,3.7,s,,u,f,a,,w,4.59,7.72,,,w,,,f,f,,d,a
e,7.43,f,g,o,f,s,,n,8.95,13.08,,i,o,,,f,f,,d,a
e,12.69,x,,n,t,,,w,12.15,21.94,b,,w,u,w,t,g,,d,u
e,5.94,x,h,n,f,x,c,n,6.02,6.08,,y,n,,,t,r,,d,w
e,11.14,p,i,n,t,e,,p,9.37,17.02,,y,w,,,t,p,,d,a
p,1.1,b,t,y,f,,c,g,3.81,2.64,,,n,,,t,f,,g,a
e,15.26,x,e,n,t,e,,w,10.99,18.1,,,w,,,t,,,d,a
p,5.23,o,s,n,f,f,f,f,0.0,0.0,f,f,f,,,t,f,,d,a
e,9.51,x,e,l,f,x,c,w,5.68,14.6,,,w,,,f,f,,d,u
e,12.52,f,s,r,f,x,,n,7.03,23.07,,,w,,,f,f,,d,u
e,11.23,s,,w,t,d,c,y,6.03,24.54,,,w,,,f,f,,d,u
e,20.93,x,d,n,f,p,,n,14.98,33.41,s,y,w,,,f,f,,d,u
p,3.41,x,t,o,f,a,c,y,5.75,5.97,,g,o,,,f,f,,g,a
p,14.09,x,k,n,t,p,,o,8.91,29.23,c,,y,,,f,f,,d,a
e,2.12,x,,b,f,,d,u,5.41,4.02,,,w,,,f,f,,d,u
e,6.97,o,,n,f,,,w,3.31,21.21,,,n,,,f,f,,d,a
e,4.58,c,,n,f,f,f,f,5.2,21.0,,,n,,,f,f,,d,s
p,1.43,b,,n,f,a,,g,4.47,1.66,,s,n,,,f,f,,d,u
e,4.39,x,t,n,f,d,,o,6.78,8.63,,t,w,,,f,f,,d,w
p,8.9,s,t,p,t,d,c,p,7.81,15.65,,,p,,,t,f,,d,u
p,1.19,f,s,y,f,f,f,f,3.71,5.75,,,y,,,f,f,,d,u
p,3.29,x,t,o,f,a,c,n,3.73,5.37,,y,o,,,t,z,,d,w
p,5.99,c,i,y,f,,c,r,7.47,8.89,,,w,,,f,f,,d,u
p,3.17,x,y,n,f,a,,w,6.12,3.59,,y,y,,,t,r,,g,a
e,4.77,x,t,o,f,a,d,w,6.96,6.03,,s,o,,,f,f,,d,a
p,2.48,x,g,n,f,a,,p,7.25,2.66,,,n,,,f,f,,d,a
p,1.95,b,g,o,f,,c,n,5.49,2.84,,,n,,,f,f,,d,u
e,7.79,s,,g,f,s,c,b,5.79,16.58,,,b,,,f,f,,l,a
p,2.1,f,h,n,f,,,n,7.22,3.04,,,y,,,f,f,,g,u
p,1.61,x,,n,f,,,n,5.45,2.65,,s,n,,,f,f,k,g,u
p,7.62,x,s,g,f,s,,p,7.49,17.43,,i,n,,,f,f,,d,u
p,6.14,f,t,n,f,x,c,y,4.29,12.51,,,y,,,f,f,,d,a
e,6.42,f,s,n,f,x,c,w,7.06,9.78,,s,n,,,f,f,,l,a
p,11.29,f,,w,f,x,c,w,11.34,13.91,r,i,w,,,f,f,,h,u
e,5.06,p,,n,f,f,f,f,5.36,15.73,,,n,,,f,f,,l,s
e,10.5,s,,w,t,d,c,w,5.44,22.93,,,w,,,f,f,,d,u
p,3.14,x,s,o,f,a,,y,3.04,6.04,,,o,,,f,f,,h,a
e,2.25,s,y,n,f,a,d,p,7.24,3.69,,i,n,,,f,f,,l,u
p,3.54,x,y,n,f,a,,w,5.73,3.58,,y,n,,,t,r,,g,a
p,3.14,s,d,w,f,d,d,w,3.54,2.54,,h,w,,,f,f,,g,u
p,5.96,b,d,n,f,d,c,y,6.21,6.63,,i,y,,,t,,,d,a
p,15.6,f,g,e,f,e,,w,18.06,18.83,s,y,w,u,w,t,p,,d,u
p,5.86,x,d,e,t,d,c,n,8.28,10.29,,,n,,,f,f,,d,a
e,4.02,f,y,n,f,s,,y,4.44,7.14,,,w,,,f,f,,d,u
p,2.92,b,w,r,f,a,,y,5.19,5.88,,t,r,,,f,f,,m,a
p,3.8,x,y,n,f,a,,w,6.12,3.66,,y,y,,,t,r,,d,u
e,4.12,x,,n,f,x,c,g,6.51,3.84,,,w,,,f,f,,d,u
p,3.37,x,y,n,f,a,,w,5.77,3.58,,y,y,,,t,r,,d,u
e,9.46,x,s,n,f,e,c,p,8.24,9.65,,i,n,,,f,f,p,d,a
e,3.29,s,,n,f,f,f,f,6.55,6.31,,,o,,,f,f,,d,a
p,2.55,f,,u,f,a,c,n,3.81,3.44,,i,u,,,f,f,,p,u
e,9.25,p,s,w,t,e,,n,6.22,16.32,s,,w,,,t,r,,m,u
p,6.21,x,y,y,f,a,c,y,11.07,10.29,,y,n,,,t,,,d,a
p,1.85,b,h,n,f,a,,n,4.76,1.74,,t,n,,,f,f,,h,a
p,13.57,x,i,y,f,a,,o,14.92,23.48,r,,y,,,t,r,n,d,w
p,3.65,f,k,n,f,s,,p,3.94,2.56,,,n,,,f,f,p,g,a
p,0.93,x,g,w,f,a,d,w,2.93,1.28,,,e,,,f,f,,d,u
e,15.59,x,e,n,t,e,,w,10.32,18.17,,,w,,,t,,,d,u
p,1.05,b,t,n,f,,c,k,3.63,2.7,,,n,,,t,f,,m,u
e,17.58,s,s,k,f,a,d,k,6.44,21.49,,,w,,,f,f,w,d,u
p,6.04,x,,w,f,,c,r,4.03,13.01,,,y,,,f,f,,d,a
p,13.42,x,s,y,f,s,,p,8.61,18.22,,i,n,,,f,f,,d,u
p,2.81,s,w,o,t,d,c,y,3.5,5.65,,,n,,,f,f,,d,u
p,8.01,x,i,n,f,a,c,n,7.65,8.13,,i,n,,k,t,z,k,d,a
p,1.36,c,t,n,f,,,y,6.9,2.79,,,y,,,f,f,,g,a
e,7.72,x,,g,f,s,c,g,6.62,17.99,b,,u,,,f,f,,g,a
p,1.6,x,k,n,f,,,n,4.89,1.55,,,n,,,f,f,,d,u
p,3.89,x,i,e,f,,,e,5.25,5.89,,,e,,,f,f,n,d,a
p,16.18,x,k,n,t,p,,e,9.39,32.03,c,,y,,,f,f,,d,u
p,3.1,o,,g,f,f,f,f,2.81,14.01,,g,n,,,f,f,,d,a
e,5.04,s,,n,f,d,c,w,4.8,6.84,,s,w,,,f,f,,d,a
e,1.22,x,g,e,t,a,,p,5.56,1.01,,,n,,,f,f,,d,a
p,8.27,f,,w,f,x,c,w,9.78,11.69,r,i,w,,,f,f,,d,a
e,3.26,x,s,w,f,d,d,w,3.1,5.69,,,w,,,f,f,,m,a
p,12.72,x,e,n,t,p,,o,10.52,33.42,,,u,,,f,f,,d,a
p,5.62,x,,e,f,,c,r,3.23,13.02,,,y,,,f,f,,d,a
p,23.39,f,s,o,f,p,,y,5.64,43.28,,,n,,,f,f,,d,a
e,6.86,f,,g,f,s,c,g,7.31,19.49,b,,u,,,f,f,,g,w
p,5.71,x,s,n,f,s,,g,5.74,8.05,,y,n,,,f,f,,d,a
p,9.71,x,t,n,f,a,d,w,11.0,32.36,,,w,,,f,f,,d,u
p,10.15,x,i,n,f,a,,n,13.35,17.35,s,,n,,n,f,f,,d,a
e,6.51,x,h,y,t,x,c,y,6.39,12.25,,,w,,,f,f,,d,a
p,8.46,f,w,n,f,x,,w,16.53,8.64,r,g,n,,,f,f,,d,u
e,6.61,f,g,o,f,s,,y,8.06,10.91,,i,o,,,f,f,,d,a
p,4.63,b,i,k,f,e,,y,7.48,7.75,,,y,,,f,f,,g,u
e,6.71,x,h,n,f,e,,w,14.12,14.02,,s,n,u,w,f,f,,d,u
p,7.46,x,t,n,f,s,,g,5.14,7.85,,y,n,,,f,f,,d,w
p,4.04,b,y,n,f,,c,u,6.99,4.59,s,s,w,,,f,f,,d,a
p,7.45,x,i,n,f,a,c,n,7.33,7.8,,i,n,,k,t,z,k,d,u
e,3.03,f,y,n,f,a,d,p,5.82,3.84,,i,n,,,f,f,,h,u
p,13.97,x,e,n,t,p,,o,8.42,29.01,c,,y,,,f,f,,d,u
p,2.88,b,h,r,f,s,c,n,5.31,6.86,,y,l,,,t,e,u,g,a
e,2.61,f,y,n,f,a,d,p,7.28,3.58,,i,n,,,f,f,,l,u
e,9.63,f,y,w,f,e,c,k,14.87,11.65,,s,w,,,t,e,,d,a
p,1.81,x,i,k,f,a,,p,4.07,2.52,,,w,,,f,f,p,g,u
e,8.51,f,,y,f,a,c,w,6.18,16.74,,,w,,,f,f,,d,u
e,7.83,x,d,n,t,p,,y,5.49,12.03,,,e,,,f,f,,d,u
e,4.17,x,y,n,f,s,,y,3.89,5.85,,,w,,,f,f,,d,a
e,6.88,x,t,n,f,a,d,n,6.35,5.32,,t,w,,,t,l,,d,u
e,9.31,x,e,y,f,x,c,w,6.93,15.25,,,w,,,f,f,,d,a
e,2.28,x,,b,f,,d,u,5.61,3.91,,,w,,,f,f,,d,w
p,5.38,p,y,g,f,,,k,8.86,11.65,,s,w,,,t,z,,d,s
e,7.69,x,d,y,t,p,,y,5.45,12.27,,,e,,,f,f,,d,u
p,16.86,x,h,n,t,p,,o,10.28,29.39,c,,y,,,f,f,,d,a
e,7.53,f,,g,f,s,c,g,6.07,18.37,b,,u,,,f,f,,g,w
e,15.64,x,y,n,t,e,,w,9.7,16.33,,,w,,,t,,,g,a
e,6.68,c,t,n,f,e,,w,12.95,12.01,,s,n,u,w,f,f,,d,u
p,11.27,f,,g,f,e,,w,10.59,15.02,,,w,u,w,t,e,,d,a
e,8.62,f,s,k,f,a,c,w,4.57,14.14,,,w,,,f,f,,d,u
e,6.84,x,y,n,f,e,c,p,6.73,10.83,,y,n,,,f,f,,d,a
p,7.46,b,t,w,f,e,c,w,13.66,13.98,,y,w,u,w,t,l,,d,u
p,3.88,f,,u,f,a,,w,3.95,6.87,,,w,,,f,f,,d,u
p,17.54,x,k,w,t,d,d,n,6.26,30.04,,,w,,,f,f,,d,w
e,8.87,f,e,b,f,,c,b,4.92,20.64,,,w,,,t,f,,d,a
p,0.66,f,,o,f,d,,o,4.49,1.08,,,o,,,f,f,w,g,a
p,8.37,x,e,n,f,a,,n,8.96,12.8,s,,n,,n,f,f,,h,a
p,5.78,o,k,o,f,,c,y,1.72,15.59,,,y,,,f,f,,d,a
p,4.74,f,,y,f,s,d,y,5.96,12.99,,i,y,,,f,f,,d,a
p,3.84,x,t,y,f,a,c,y,5.65,6.36,,g,o,,,f,f,,g,a
e,9.73,x,h,n,t,p,,y,8.7,17.76,,,n,,w,t,p,,d,u
p,1.51,f,i,k,f,a,,p,2.63,2.18,,,w,,,f,f,p,g,a
p,8.72,f,y,e,f,s,c,y,7.31,18.52,,y,e,,,f,f,,d,a
p,5.12,f,k,y,f,p,,n,3.06,5.33,,k,n,,,t,f,,d,u
p,2.06,b,,n,f,a,,g,5.12,2.12,,s,n,,,f,f,,d,u
e,5.12,x,t,n,f,e,,w,12.53,12.84,,s,w,u,w,f,f,,d,a
p,8.72,o,,e,f,f,f,f,3.71,27.21,,g,n,,,f,f,,d,u
p,3.0,o,,g,f,f,f,f,3.38,14.86,,g,n,,,f,f,,d,u
p,0.8,x,g,e,f,a,,n,4.3,1.08,,h,k,,,f,f,,d,a
e,4.73,f,y,g,f,s,,g,4.74,9.0,,,w,,,f,f,,d,a
p,2.75,o,l,g,f,f,f,f,0.0,0.0,f,f,f,,,f,f,,d,u
p,7.8,f,,w,f,x,c,w,9.44,9.83,r,i,w,,,f,f,,d,u
p,10.04,s,t,p,t,d,c,p,7.95,16.68,,,p,,,t,f,,d,u
e,5.05,x,h,n,f,x,c,n,5.48,5.93,,s,n,,,t,r,,d,s
p,5.89,s,,n,t,d,c,w,6.92,6.51,,,n,,,f,f,,d,a
p,7.88,f,d,n,t,d,c,y,6.52,9.67,,,e,,,f,f,,d,a
e,5.65,s,,n,f,d,c,w,5.55,8.13,,s,w,,,f,f,,h,a
e,14.58,x,s,k,f,a,d,y,6.37,21.0,,,w,,,f,f,w,d,a
e,4.96,f,i,n,f,e,c,n,4.37,12.87,,,w,,,t,r,,w,u
e,7.77,p,s,w,f,e,c,p,16.88,11.58,,s,w,,,t,e,,u,s
e,5.36,c,,g,f,f,f,f,4.98,19.29,,,n,,,f,f,,d,s
p,5.82,s,d,n,t,d,c,w,5.64,8.38,,,n,,,f,f,,d,a
e,11.34,x,y,y,f,,,w,6.8,25.09,b,,n,,w,t,e,,d,w
e,7.63,f,,y,f,a,c,w,6.94,15.38,,,g,,,f,f,,d,a
e,5.87,f,s,n,f,x,c,w,7.41,10.92,,s,n,,,f,f,,l,a
e,6.55,x,,g,t,p,,g,12.85,28.22,,y,w,,,f,f,,d,u
e,3.73,f,t,o,f,a,d,y,4.78,4.55,,k,n,,,f,f,,d,s
e,9.66,f,s,w,f,s,c,w,7.68,32.58,,,w,,,f,f,,m,s
p,10.96,o,,n,f,f,f,f,3.3,24.62,,g,n,,,f,f,,d,s
e,5.11,o,l,n,f,f,f,f,8.75,52.55,,,n,,,f,f,g,l,a
p,8.26,x,,w,f,x,c,w,10.04,11.63,r,i,w,,,f,f,,h,u
p,2.76,x,t,n,f,s,c,n,5.64,8.76,,,w,,n,t,z,,d,u
p,2.02,f,i,l,f,a,,w,4.3,2.53,,,w,,,f,f,p,g,u
p,10.51,x,,g,t,x,,n,9.06,19.61,s,,u,,u,f,f,,d,a
p,10.01,x,e,n,f,a,,n,10.22,15.6,s,,n,,n,f,f,,d,a
e,9.19,s,,w,t,d,c,w,6.21,24.11,,,w,,,f,f,,d,u
e,3.28,b,g,w,f,x,d,w,4.22,2.57,,,y,,,f,f,,g,u
p,4.38,x,h,n,f,a,c,n,4.92,6.28,,y,n,,,t,z,,d,a
p,12.43,x,s,w,f,s,,p,7.15,17.98,,i,n,,,f,f,,d,u
p,5.93,s,d,e,t,d,c,n,6.54,9.23,,,e,,,f,f,,d,a
p,6.31,x,t,n,f,x,c,y,4.87,14.33,,,y,,,f,f,,d,a
p,3.37,b,t,n,f,,,k,8.4,5.3,,,w,,,t,,k,g,w
p,8.16,x,t,e,f,x,d,w,6.72,17.12,b,,w,,,f,f,,d,u
e,7.34,x,t,y,t,x,c,y,8.05,16.48,,,w,,,f,f,,d,u
p,3.15,f,w,o,t,d,c,n,3.29,5.97,,,n,,,f,f,,d,a
p,9.16,p,y,w,f,,,p,16.98,18.63,,,w,,,f,f,,d,a
p,10.47,x,,g,f,e,,w,10.81,15.5,,,w,u,w,t,g,,d,a
e,6.43,f,h,g,f,s,d,g,5.35,10.0,,s,g,,,f,f,,d,u
p,0.88,x,g,w,f,a,d,w,2.93,1.46,,,e,,,f,f,,l,a
p,21.18,f,k,w,t,d,d,n,8.23,30.64,,,w,,,f,f,,d,u
e,5.27,x,y,n,f,s,,g,5.0,8.75,,,w,,,f,f,,d,a
e,15.18,x,y,n,t,e,,w,9.51,17.42,,,w,,,t,,,d,a
e,3.22,f,h,n,f,,c,k,6.45,6.11,,s,w,,w,f,f,k,d,u
e,5.4,x,d,n,t,p,,y,5.92,13.37,,,y,,,f,f,,d,a
p,2.21,b,,g,f,a,,n,7.92,2.28,,,n,,w,f,f,k,g,a
e,10.01,x,h,n,t,p,,y,6.87,22.28,,,n,,,f,f,,d,u
p,3.52,x,h,o,f,a,c,n,4.01,5.94,,y,n,,,t,z,,d,w
p,10.29,x,t,n,f,a,d,w,10.79,31.25,,,w,,,f,f,,d,a
p,1.83,f,i,l,f,a,,p,4.18,2.5,,,w,,,f,f,p,g,a
p,7.83,p,g,n,f,e,,w,8.84,15.88,,y,w,u,w,t,p,,d,u
p,3.02,b,,g,f,a,,k,8.64,2.52,,,g,,w,f,f,k,g,a
p,2.49,b,w,y,f,a,,y,4.92,4.79,,t,r,,,f,f,,d,u
e,2.14,f,y,n,f,a,d,p,5.93,3.85,,i,n,,,f,f,,l,u
e,4.99,x,t,o,f,p,,n,5.39,11.16,,,n,,,f,f,,d,u
e,10.15,f,y,e,f,,,w,5.99,25.4,b,,n,,w,t,e,,d,a
p,3.84,f,y,w,f,e,c,n,5.14,3.62,,k,w,,,t,e,,d,a
p,4.78,o,,w,f,f,f,f,5.73,28.57,,g,w,,,t,f,,d,u
e,6.3,s,s,o,f,d,d,b,5.19,11.56,,,w,,,f,f,,g,w
p,2.87,f,w,o,t,d,c,y,3.52,5.91,,,n,,,f,f,,d,a
p,1.73,x,g,n,f,d,d,n,2.15,2.57,,s,n,,,f,f,,h,u
e,4.36,x,,y,f,a,c,o,3.42,9.13,,,w,,,f,f,,d,a
p,2.26,x,i,l,f,a,,w,3.64,2.45,,,w,,,f,f,p,g,a
p,2.97,x,i,e,f,,,e,4.57,5.0,,,e,,,f,f,n,d,a
p,1.31,s,s,y,f,f,f,f,3.32,5.08,,,y,,,f,f,,d,u
e,7.75,x,i,n,f,e,c,p,3.93,11.97,,,w,,,t,r,,w,u
p,0.87,x,g,w,f,a,d,w,2.86,1.19,,,e,,,f,f,,l,a
p,7.25,x,,n,f,d,c,y,6.19,11.24,b,,n,,,f,f,,d,a
p,7.83,s,t,p,t,d,c,p,7.41,13.07,,,p,,,t,f,,d,a
p,22.7,x,g,o,f,p,,y,6.35,43.94,,,n,,,f,f,,d,w
e,6.5,x,,p,f,x,c,w,6.16,17.37,,s,w,,,f,f,,d,a
e,0.93,b,g,w,f,,,g,2.56,1.39,,,w,,,f,f,,d,w
p,3.87,x,,y,f,s,d,y,4.66,7.32,,i,y,,,f,f,,d,a
p,7.98,f,w,p,f,s,c,p,3.86,8.81,,,p,,,f,f,,d,w
p,12.02,f,,g,f,e,,w,10.84,14.33,,,w,u,w,t,g,,d,a
p,3.23,b,t,n,f,,,n,11.52,6.11,,,w,,,t,,k,g,a
e,8.11,x,,y,f,e,,w,6.89,13.8,b,,y,u,w,t,g,,d,a
p,3.13,s,d,w,f,a,d,w,3.62,2.69,,h,w,,,f,f,,g,a
e,21.77,p,d,e,f,p,,w,18.14,37.09,s,y,w,,,f,f,,d,a
e,11.56,s,,u,f,s,c,u,8.72,23.73,,,b,,,f,f,,l,w
p,5.23,x,s,n,t,s,d,w,3.61,12.16,r,i,w,,,f,f,,d,a
p,9.48,s,t,p,t,d,c,p,8.51,17.7,,,p,,,t,f,,d,a
e,15.57,s,s,n,f,a,d,y,7.17,23.91,,,w,,,f,f,w,d,a
e,1.14,x,g,e,t,a,,w,5.21,0.97,,,n,,,f,f,,d,a
p,16.79,f,k,n,f,d,c,y,6.23,40.8,,k,k,,,f,f,,d,u
e,4.57,f,y,g,f,s,,g,4.86,7.84,,,w,,,f,f,,d,u
e,4.07,s,,n,f,f,f,f,7.03,7.69,,,y,,,f,f,,d,a
p,7.98,b,y,n,f,,,k,15.14,17.35,,,w,,,f,f,,d,a
p,8.11,f,y,y,f,s,c,y,6.46,17.86,,y,u,,,f,f,,d,a
e,7.71,x,,g,t,p,,g,12.83,25.07,,y,w,,,f,f,,d,u
e,4.98,x,,n,f,x,c,u,6.89,4.29,,,w,,,f,f,,d,a
e,5.9,x,,n,t,p,,g,10.85,23.38,,y,w,,,f,f,,d,u
e,6.01,c,t,n,f,e,,w,12.15,11.29,,s,w,u,w,f,f,,d,u
p,0.84,x,g,e,f,a,,p,3.99,0.96,,s,k,,,f,f,,d,u
e,2.66,b,y,n,f,,c,n,6.03,2.3,,,w,,,f,f,,d,s
e,0.59,p,g,w,f,,,g,2.46,1.21,,,w,,,f,f,,d,w
e,14.12,s,e,g,f,d,c,w,8.51,24.83,s,,w,,,f,f,,d,a
e,7.97,f,g,o,f,s,,y,7.87,12.34,,t,o,,,f,f,,d,a
e,4.28,x,h,o,f,a,d,w,6.04,5.48,,s,o,,,f,f,,d,s
e,1.76,c,g,n,f,a,,w,5.16,1.52,,,g,,,f,f,,l,u
e,11.19,f,,g,f,d,c,w,2.34,16.54,,,w,,,f,f,,d,a
p,3.47,x,y,n,f,a,,w,5.47,3.51,,y,n,,,t,r,,g,a
p,9.33,o,t,r,f,,c,y,1.56,14.99,,,n,,,f,f,,d,a
p,4.16,x,y,n,f,a,,w,6.1,3.65,,y,n,,,t,r,,h,u
e,5.81,x,h,y,t,x,c,y,6.68,13.53,,,w,,,f,f,,d,a
p,12.73,s,s,n,f,d,c,y,5.44,32.38,,k,k,,,f,f,,d,u
p,3.62,b,y,e,f,e,c,w,4.99,3.68,,k,w,,,t,e,,m,u
e,6.82,x,t,n,f,a,d,n,5.86,4.96,,t,g,,,t,l,,d,u
p,2.89,b,h,n,f,,,k,9.66,5.76,,,w,,,t,,k,g,u
p,9.2,s,t,p,t,d,c,p,8.57,14.72,,,p,,,t,f,,d,u
e,1.34,x,t,n,f,a,,w,6.54,1.76,,t,y,,,f,f,,d,a
e,2.63,x,s,w,f,d,d,w,3.19,5.33,,,w,,,f,f,,g,a
p,2.8,c,,u,f,a,c,w,3.16,3.6,,i,u,,,f,f,,d,a
e,10.82,s,s,r,f,x,,n,6.81,20.25,,,n,,,f,f,,d,w
e,4.16,x,,r,f,a,,r,6.24,7.79,,,l,,,f,f,,l,u
p,8.95,o,,e,f,f,f,f,3.26,23.33,,g,n,,,f,f,,d,u
e,3.48,f,d,u,t,d,c,p,4.1,6.01,,,g,,,f,f,,d,a
e,1.65,x,t,y,f,a,,w,5.68,2.01,,t,y,,,f,f,,g,a
e,2.95,b,y,n,f,,c,n,6.09,3.28,,,w,,,f,f,,d,a
p,6.7,x,e,e,f,a,,y,8.25,9.45,,,y,,w,t,z,,d,a
p,8.39,o,,e,f,f,f,f,3.86,26.48,,g,n,,,f,f,,d,u
p,7.09,x,w,p,f,s,c,p,4.11,10.01,,,p,,,f,f,,d,a
p,7.85,x,y,w,t,,,g,8.85,13.78,s,,w,,,t,l,,g,u
p,14.68,x,h,o,f,e,,w,16.19,16.4,s,y,w,u,w,t,g,,d,a
p,2.92,x,s,g,f,d,c,w,2.59,5.68,,,w,,,f,f,,g,a
p,2.32,b,y,n,f,e,c,n,3.62,3.26,,k,w,,,t,e,,m,u
e,8.93,x,t,n,t,p,,y,7.26,18.15,,,n,,w,t,p,,d,a
e,3.5,b,y,n,f,,c,k,6.82,3.36,,,w,,,f,f,,d,s
p,9.95,s,,o,t,d,,o,5.07,11.65,,,w,,,t,f,,d,a
p,16.76,x,h,o,f,e,,w,16.78,16.07,s,y,w,u,w,t,p,,d,w
p,1.92,b,g,o,f,,c,n,5.83,2.49,,,n,,,f,f,,d,u
p,0.94,x,g,e,f,a,,p,4.53,1.19,,h,k,,,f,f,,d,a
p,0.85,x,g,y,f,,,y,3.87,0.86,,,w,,,f,f,,d,u
e,8.27,s,,n,f,,,w,4.42,22.5,,,n,,,f,f,,d,u
p,7.48,x,y,w,t,,,g,8.49,14.95,s,,w,,,t,l,,d,u
p,11.05,p,,n,f,p,,w,9.76,31.64,c,,n,,,f,f,p,d,u
e,8.88,x,e,y,f,x,c,w,7.4,19.27,,,w,,,f,f,,d,a
p,14.29,f,t,n,t,d,c,n,6.84,13.4,,,n,,,f,f,,d,u
p,8.4,x,y,n,f,a,c,y,10.65,12.78,,y,y,,,t,,,d,a
p,7.22,x,t,n,f,s,,n,5.46,6.82,,y,n,,,f,f,,d,a
p,6.66,f,d,n,f,a,c,y,5.99,7.2,,i,y,,,t,,,d,a
p,2.05,p,t,n,f,a,c,n,5.32,2.31,,t,y,,,t,e,,m,a
e,1.47,x,s,y,f,d,,w,5.81,1.72,,t,y,,,f,f,,g,u
e,1.53,c,g,n,f,a,,w,5.07,1.45,,,g,,,f,f,,l,u
e,2.82,s,,n,f,f,f,f,5.67,6.57,,,o,,,f,f,,d,a
e,5.06,f,y,g,f,s,,w,4.67,7.33,,,w,,,f,f,,d,u
p,4.78,c,i,y,f,,c,r,7.52,8.41,,,w,,,f,f,,d,a
p,10.39,x,t,n,t,d,c,n,5.5,14.99,,,n,,,f,f,,h,u
p,6.86,x,s,n,t,s,d,w,7.07,15.35,r,y,w,,,f,f,,d,a
e,18.27,p,y,w,f,,,w,24.68,20.2,s,,n,,,t,m,,m,a
p,21.16,s,k,w,t,d,d,w,8.03,29.48,,,w,,,f,f,,d,u
e,8.0,x,,e,f,x,c,w,6.63,12.87,,s,w,,,f,f,,d,u
p,7.41,x,w,p,f,s,c,p,4.55,10.33,,,p,,,f,f,,d,w
p,2.83,o,,g,f,f,f,f,2.42,12.94,,g,g,,,f,f,,d,a
p,2.42,b,g,w,f,,c,n,5.67,2.91,,,n,,,f,f,,g,a
e,11.92,f,s,w,f,e,c,w,18.03,12.18,,s,w,,,t,e,,g,w
e,4.81,x,t,o,f,p,,n,5.56,11.3,,,e,,,f,f,,d,a
e,10.62,x,h,n,t,p,,n,9.48,18.99,,,n,,w,t,p,,d,u
e,8.28,x,l,w,f,d,,p,3.59,10.15,,,w,,,f,f,,d,u
p,2.65,b,,g,f,a,,k,7.68,2.43,,,g,,w,f,f,k,g,u
e,9.57,f,s,w,f,e,c,w,15.02,11.21,,s,w,,,t,e,,u,s
e,18.57,p,d,e,f,p,,w,17.06,35.18,s,y,w,,,f,f,,d,a
p,2.85,f,y,w,f,e,c,w,4.7,3.4,,k,w,,,t,e,,d,a
e,8.24,f,,p,f,x,c,w,8.4,20.38,,s,w,,,f,f,,d,a
e,15.2,x,y,n,t,e,,w,10.19,17.75,,,w,,,t,,,d,u
e,4.3,x,t,n,f,d,,o,6.16,6.82,,t,w,,,f,f,,d,a
e,0.98,b,g,w,f,,,g,3.14,1.69,,,w,,,f,f,,d,w
p,0.62,x,g,n,f,a,,n,4.03,0.91,,s,k,,,f,f,,d,a
e,9.91,x,i,n,t,e,,p,8.82,17.57,,y,w,,,t,p,,l,a
p,4.59,s,,e,t,d,c,b,5.44,5.88,,,e,,,f,f,,d,a
p,1.25,x,,n,f,,,n,4.58,2.21,,s,n,,,f,f,k,g,u
e,7.96,f,s,n,f,s,c,w,6.36,9.58,b,i,n,,,f,f,,g,u
e,3.13,b,y,n,f,,c,n,6.74,2.99,,,w,,,f,f,,d,a
p,0.87,b,t,n,f,,c,k,3.03,2.47,,,n,,,t,f,,m,u
p,1.15,b,t,n,f,,c,k,3.11,2.44,,,n,,,t,f,,m,a
e,2.4,x,,b,f,,d,u,5.87,4.63,,,w,,,f,f,,d,w
p,9.68,x,i,n,f,a,,n,11.1,16.8,s,,n,,n,f,f,,h,a
e,9.29,x,s,n,f,e,c,w,6.08,9.4,,i,n,,,f,f,p,d,a
e,8.11,f,,p,f,x,c,w,8.36,22.74,,s,w,,,f,f,,d,u
e,19.2,x,d,o,f,p,,w,17.73,37.27,s,y,w,,,f,f,,d,a
e,16.85,f,t,k,f,a,d,y,7.29,24.63,,,w,,,f,f,w,d,w
p,1.32,b,h,n,f,a,,n,4.8,1.54,,t,n,,,f,f,,g,a
p,3.71,x,s,y,f,,c,k,9.92,7.88,,,y,u,w,t,z,r,d,u
e,10.95,f,s,w,t,e,,g,7.08,15.65,s,,w,,,t,r,,m,a
p,3.65,o,t,w,f,,c,w,0.0,0.0,f,f,f,,,f,f,n,d,a
p,3.69,b,t,n,f,,,k,6.44,4.97,,,w,,,t,,k,g,w
p,5.26,f,k,n,f,d,c,y,5.11,5.99,,i,n,,,t,,,d,u
e,5.35,x,d,y,t,p,,y,8.01,14.64,,,y,,,f,f,,d,a
e,20.63,x,d,o,f,p,,n,14.55,32.57,s,y,w,,,f,f,,d,u
e,16.38,s,e,n,f,d,c,w,10.06,28.38,s,,w,,,f,f,,l,a
e,9.29,x,,n,t,,,w,11.29,14.49,b,,w,u,w,t,g,,d,a
e,3.86,x,t,n,f,d,,o,5.54,6.47,,t,o,,,f,f,,d,a
p,6.93,x,s,n,f,s,,n,5.41,6.03,,y,n,,,f,f,,d,a
p,3.44,x,i,e,f,,,e,4.24,6.43,,,e,,,f,f,n,d,a
e,5.04,x,h,n,f,x,c,n,5.39,5.52,,y,n,,,t,r,,d,s
p,10.19,x,e,n,t,p,,e,7.2,21.33,,,e,,,f,f,,d,a
p,6.24,x,y,y,f,a,c,y,9.51,11.34,,y,y,,,t,,,d,a
e,5.3,x,t,g,f,a,d,n,6.01,4.74,,t,g,,,t,l,,d,u
e,2.57,b,y,n,f,,c,k,6.24,2.69,,,w,,,f,f,,d,u
e,9.38,o,,n,f,,,w,5.36,24.72,,,n,,,f,f,,d,a
e,4.03,f,g,n,f,a,d,g,5.39,3.3,,s,n,,,f,f,,d,u
e,5.43,x,,n,f,x,c,w,7.85,4.58,,,w,,,f,f,,d,a
e,5.73,x,t,n,f,p,,n,6.02,13.24,,,n,,,f,f,,d,u
e,6.38,x,,e,f,x,c,w,4.9,12.58,,s,w,,,f,f,,d,u
p,2.18,p,t,n,f,a,c,n,5.83,2.51,,t,y,,,t,e,,m,s
p,4.7,o,t,w,f,,c,w,0.0,0.0,f,f,f,,,f,f,n,d,u
p,2.68,x,g,n,f,a,,p,6.69,2.26,,,n,,,f,f,,d,a
e,9.3,o,,n,f,,,w,4.54,22.34,,,n,,,f,f,,d,a
p,1.8,x,g,y,f,d,d,n,2.56,2.6,,s,n,,,f,f,,d,u
p,13.46,x,h,n,t,p,,o,10.04,34.55,c,,y,,,f,f,,d,u
e,3.77,f,t,n,f,d,,o,5.64,6.79,,t,w,,,f,f,,d,a
e,13.11,f,,n,f,s,c,u,8.48,18.29,,,u,,,f,f,,l,a
p,15.54,f,t,k,t,d,c,b,5.46,28.08,,,g,,,f,f,,d,u
e,13.09,f,s,n,t,e,,g,10.77,17.81,s,,w,,,t,l,,m,u
e,3.63,x,d,e,f,a,c,o,4.28,6.39,,,o,,,f,f,,g,u
p,9.27,x,,n,f,x,c,w,10.57,11.81,r,i,w,,,f,f,,h,u
p,1.78,f,t,y,f,,,n,7.51,3.31,,,y,,,f,f,,g,a
p,12.27,x,,g,f,e,,w,11.2,13.53,,,w,u,w,t,e,,d,u
e,5.37,x,h,n,f,a,d,n,5.61,5.1,,t,g,,,t,l,,d,w
e,4.45,f,g,g,f,a,d,g,6.53,4.35,,s,n,,,f,f,,d,a
e,9.2,f,t,o,f,s,,n,9.25,13.57,,i,n,,,f,f,,d,a
p,5.09,f,,y,f,s,d,y,5.6,12.83,,i,y,,,f,f,,d,a
e,3.93,x,h,n,f,x,c,w,4.47,5.86,,y,n,,,t,r,,d,u
e,13.2,s,,w,t,d,c,w,6.01,26.65,,,w,,,f,f,,d,u
e,1.49,x,w,n,f,,d,g,4.75,2.57,,,w,,,f,f,,d,a
e,7.64,p,,g,f,a,,w,6.22,12.58,,,w,,,f,f,,d,u
e,23.5,x,t,k,f,a,d,k,9.23,26.7,,,w,,,f,f,w,d,a
e,3.84,x,h,p,f,a,c,e,4.9,7.52,,,e,,,f,f,,g,w
e,8.13,x,y,n,f,,,w,7.17,23.49,b,,n,,w,t,e,,d,w
p,6.28,f,t,e,f,x,d,w,4.94,16.13,b,,w,,,f,f,,d,a
p,3.67,b,h,n,f,,,k,11.13,6.2,,,w,,,t,,k,g,u
p,1.69,o,k,n,f,,,n,5.17,1.56,,,n,,,f,f,,d,w
p,5.95,b,d,n,f,a,c,n,5.64,5.7,,i,y,,,t,,,d,a
e,7.51,f,g,n,f,s,,n,8.58,12.16,,t,n,,,f,f,,d,a
e,6.6,x,t,y,f,p,,y,7.55,13.73,,,y,,y,t,,,d,a
e,3.38,x,d,n,f,p,,e,4.39,10.1,,,n,,,f,f,,d,a
e,5.88,f,y,g,f,s,,g,4.77,8.22,,,w,,,f,f,,d,a
p,9.82,x,s,w,f,s,,p,5.9,15.87,,i,n,,,f,f,,d,a
p,4.29,x,t,o,f,a,c,n,4.5,5.14,,y,o,,,t,z,,d,a
e,6.78,x,s,u,f,a,c,w,4.19,14.07,,,w,,,f,f,,d,a
e,7.19,x,,y,f,a,c,w,7.29,17.04,,,w,,,f,f,,d,w
p,3.13,f,s,o,f,a,,o,3.23,6.11,,,y,,,f,f,,h,a
e,10.25,x,y,n,t,e,,p,8.88,17.58,,y,w,,,t,p,,l,a
e,6.85,b,h,k,f,s,d,w,6.18,11.06,,s,g,,,f,f,,d,u
e,9.51,x,s,n,t,p,,n,9.57,18.64,,,n,,w,t,p,,d,a
p,3.41,f,,w,f,x,c,p,7.96,4.08,,,n,,,f,f,,d,u
e,6.54,f,,b,f,d,c,y,2.22,14.47,,,w,,,f,f,,d,a
p,2.16,b,,n,f,a,,g,4.72,1.8,,s,g,,,f,f,,d,a
e,7.34,f,,y,f,a,c,w,6.33,17.23,,,w,,,f,f,,d,u
p,3.61,o,s,o,f,f,f,f,0.0,0.0,f,f,f,,,t,f,,d,s
e,11.35,s,,w,t,d,c,w,5.83,25.0,,,w,,,f,f,,d,a
p,8.51,p,y,n,f,,,p,13.97,17.34,,,w,,,f,f,,d,a
e,4.96,o,l,n,f,f,f,f,5.22,34.22,,,n,,,f,f,g,d,u
e,4.94,s,w,y,f,f,f,f,4.2,10.53,,,y,,,f,f,,d,a
e,9.11,x,,n,t,,,w,11.84,18.37,b,,w,u,w,t,g,,d,a
p,3.64,b,y,n,f,e,c,w,5.07,3.74,,k,w,,,t,e,,m,u
e,7.61,x,l,w,f,d,,p,3.34,7.87,,,w,,,f,f,,g,u
p,10.75,x,,w,f,x,c,w,10.66,14.73,r,i,w,,,f,f,,d,a
p,6.07,p,s,n,f,,,g,10.58,13.54,,s,w,,,t,z,,d,a
p,4.27,f,l,e,f,x,d,e,6.62,5.42,,,n,,,f,f,,l,u
p,20.66,x,g,e,f,p,,y,6.74,45.06,,,n,,,f,f,,d,a
p,3.69,x,h,r,f,s,c,g,5.86,7.25,,y,l,,,t,e,k,g,a
p,4.84,f,l,e,f,x,d,e,5.88,5.11,,,y,,,f,f,,l,a
p,6.46,f,,g,f,d,c,w,6.05,9.52,b,,n,,,f,f,,d,a
p,3.77,s,,u,f,a,,w,4.38,7.28,,,w,,,f,f,,d,u
p,5.65,x,,e,f,,c,g,4.51,13.77,,,y,,,f,f,,d,a
p,7.8,x,e,n,f,a,,n,10.68,14.29,s,,n,,e,f,f,,d,a
p,2.29,c,,u,f,a,c,w,3.4,3.23,,i,w,,,f,f,,p,u
e,5.69,x,h,g,f,a,d,n,5.69,4.7,,t,w,,,t,l,,d,w
p,1.16,x,s,y,f,f,f,f,2.57,5.42,,,y,,,f,f,,d,a
e,5.47,x,,w,f,x,c,n,6.65,4.29,,,w,,,f,f,,d,u
p,3.42,f,y,e,f,e,c,w,4.67,3.41,,k,w,,,t,e,,m,u
p,14.8,x,g,o,f,e,,w,17.94,17.42,s,y,w,u,w,t,g,,d,w
e,8.22,x,t,y,f,p,,y,8.46,15.62,,,y,,y,t,,,d,u
p,9.42,f,y,e,f,s,c,y,7.26,19.35,,y,u,,,f,f,,d,a
p,5.94,s,d,o,f,d,c,y,3.94,6.45,,,o,,,f,f,,d,u
e,15.26,x,e,n,t,e,,w,10.82,18.32,,,w,,,t,,,g,a
p,9.1,f,y,e,f,s,c,y,8.0,23.06,,y,e,,,f,f,,d,a
p,0.99,x,g,w,f,a,d,w,3.05,1.57,,,n,,,f,f,,l,a
p,3.47,f,,n,f,x,c,p,8.28,4.4,,,p,,,f,f,,d,u
p,3.72,o,l,g,f,f,f,f,0.0,0.0,f,f,f,,,f,f,,d,u
e,1.57,f,w,n,f,,d,k,5.09,2.71,,,w,,,f,f,,d,w
p,9.77,x,e,n,t,p,,o,8.35,24.78,,,u,,,f,f,,d,u
e,5.75,f,s,n,f,s,c,w,6.21,9.32,b,i,w,,,f,f,,d,a
p,3.56,x,t,n,f,a,c,n,4.68,5.17,,y,n,,,t,z,,d,w
p,6.67,f,t,n,f,x,c,y,5.94,15.01,,,y,,,f,f,,d,a
p,7.86,x,y,w,t,,,w,7.52,14.83,s,,w,,,t,l,,g,a
p,7.28,f,t,y,f,x,c,y,4.55,13.73,,,y,,,f,f,,d,a
p,10.35,x,y,y,f,a,c,n,12.26,12.25,,y,y,,,t,,,d,a
p,9.58,s,,r,t,d,,o,4.96,12.1,,,w,,,t,f,,d,u
e,2.36,x,,u,f,,d,w,6.15,3.88,,,w,,,f,f,,d,a
p,7.14,x,i,n,f,a,c,k,8.15,7.85,,i,n,,k,t,z,k,d,u
e,8.8,s,t,w,t,d,c,o,6.19,17.71,,,w,,,f,f,,d,a
e,16.57,x,e,g,f,a,c,w,11.29,27.24,s,,w,,,f,f,,l,w
p,2.01,b,g,n,f,,c,n,5.52,2.68,,,n,,,f,f,,d,a
p,3.52,b,s,y,f,,c,k,7.32,7.18,,,y,u,w,t,z,r,d,s
p,0.47,b,t,n,f,,c,g,2.51,2.27,,,n,,,t,f,,g,a
e,1.71,x,w,n,f,,d,g,5.41,2.57,,,w,,,f,f,,d,u
p,3.61,s,k,n,f,p,,n,2.64,4.29,,k,n,,,t,f,,d,u
p,6.64,x,s,g,t,s,d,r,5.63,13.06,r,i,n,,,f,f,,d,u
p,0.94,x,g,w,f,a,d,w,2.97,1.37,,,e,,,f,f,,d,u
p,7.07,c,e,y,t,x,c,p,6.82,12.7,,,w,,,f,f,,g,s
p,6.15,o,s,g,f,f,f,f,0.0,0.0,f,f,f,,,t,f,,d,a
p,3.51,f,d,n,f,x,c,y,4.04,3.0,b,i,n,,,f,f,,d,u
p,9.39,x,i,n,f,a,,n,10.38,14.32,s,,n,,n,f,f,,d,a
p,8.63,f,,n,f,x,c,w,10.34,11.61,r,i,w,,,f,f,,h,u
e,6.48,x,h,n,f,x,c,n,6.39,6.94,,s,n,,,t,r,,d,w
p,5.43,c,i,y,f,,c,n,7.2,8.96,,,w,,,f,f,,d,u
e,6.63,x,y,n,f,e,c,w,4.42,10.45,,y,n,,,f,f,,d,a
e,4.74,x,,r,f,d,,r,5.3,7.87,,,r,,,f,f,,l,u
e,12.74,s,t,w,f,a,d,y,7.05,21.69,,,w,,,f,f,w,d,w
e,4.94,f,s,n,f,x,c,w,7.03,9.66,,s,n,,,f,f,,l,a
e,18.2,f,y,w,f,,,w,31.8,22.39,s,,n,,,t,m,,d,a
p,3.43,b,y,e,f,e,c,w,4.16,3.39,,k,w,,,t,e,,m,u
p,8.5,x,e,n,f,a,,n,8.31,12.68,s,,n,,n,f,f,,h,a
e,1.03,b,g,w,f,,,g,3.18,1.52,,,w,,,f,f,,d,s
e,8.25,x,,g,f,a,,w,7.65,14.0,,,g,,,f,f,,d,a
p,6.82,s,t,y,f,x,c,y,6.36,16.91,,,y,,,f,f,,d,a
e,5.84,x,t,n,f,e,,w,11.59,11.07,,s,w,u,w,f,f,,d,u
p,11.25,s,t,n,t,d,c,n,6.0,16.09,,,n,,,f,f,,d,u
e,8.48,p,,n,f,a,,w,8.28,14.22,,,w,,,f,f,,d,u
p,5.2,f,,y,f,s,d,y,5.75,13.5,,i,y,,,f,f,,d,a
e,5.33,x,s,b,f,x,c,w,6.23,9.46,,s,n,,,f,f,,l,w
p,3.05,x,,b,f,x,,w,4.87,6.42,,,w,,,f,f,,d,a
p,4.23,f,,e,f,x,,w,5.41,5.98,,,w,,,f,f,,d,a
e,3.75,x,h,o,f,a,d,w,4.23,4.48,,s,o,,,f,f,,d,s
p,4.03,f,l,y,f,x,d,y,5.61,4.78,,,y,,,f,f,,l,u
e,10.25,p,i,n,t,e,,p,9.01,16.85,,y,w,,,t,p,,l,a
p,9.04,s,h,r,t,d,,g,4.47,12.48,,t,g,,,f,f,,d,a
p,7.45,x,t,y,f,x,c,y,5.12,15.31,,,y,,,f,f,,d,a
p,8.05,o,e,o,f,,c,y,1.65,16.47,,,y,,,f,f,,d,a
e,6.1,x,d,b,f,d,d,b,5.92,12.69,,,w,,,f,f,,g,a
e,3.02,b,y,n,f,,c,n,5.98,2.84,,,w,,,f,f,,d,u
e,3.48,f,h,n,f,,c,n,6.53,5.83,,s,w,,w,f,f,k,d,u
p,15.84,x,h,o,f,e,,w,18.54,18.47,s,y,w,u,w,t,g,,d,u
e,4.98,b,g,n,f,a,d,g,5.22,3.89,,s,g,,,f,f,,d,u
p,4.31,x,s,o,f,a,c,y,5.92,7.18,,g,o,,,f,f,,g,u
p,3.63,b,y,p,f,e,c,n,3.82,3.47,,k,w,,,t,e,,d,u
e,9.28,f,s,w,t,e,,g,7.19,17.07,s,,w,,,t,r,,m,u
p,2.21,f,,w,f,a,c,w,2.7,3.28,,i,w,,,f,f,,d,a
p,9.62,x,,n,f,x,c,w,9.96,10.9,r,i,w,,,f,f,,d,a
p,1.73,b,h,n,f,a,,n,4.97,1.31,,t,n,,,f,f,,g,u
p,1.3,b,h,n,f,a,,n,3.92,1.34,,t,n,,,f,f,,g,a
p,1.28,x,s,y,f,f,f,f,3.84,5.57,,,y,,,f,f,,d,a
e,5.26,f,w,y,f,f,f,f,5.13,14.36,,,y,,,f,f,,d,a
e,9.91,x,e,y,f,x,c,w,7.62,18.0,,,w,,,f,f,,d,u
e,4.19,s,,y,f,f,f,f,7.26,8.83,,,y,,,f,f,,d,a
e,3.56,f,t,n,f,a,d,y,5.92,5.35,,k,o,,,f,f,,d,w
p,4.86,x,,e,f,,c,r,4.15,12.62,,,y,,,f,f,,d,a
p,6.57,f,d,n,f,a,c,y,5.16,6.2,,i,n,,,t,,,d,u
p,14.96,s,k,n,f,d,c,y,5.77,33.71,,k,n,,,f,f,,d,a
p,8.91,s,t,p,t,d,c,p,7.87,14.55,,,p,,,t,f,,d,a
e,4.23,x,,y,f,a,c,y,4.96,8.83,,,w,,,f,f,,d,u
e,11.9,f,s,y,f,d,d,w,9.35,15.6,,i,n,,,t,,w,d,a
e,57.51,o,y,y,f,p,,y,7.56,38.18,,k,n,,,f,f,,d,s
e,7.45,x,,n,f,x,c,w,6.75,13.1,,s,w,,,f,f,,d,u
p,3.89,f,l,y,f,x,d,y,6.74,4.64,,,y,,,f,f,,d,a
e,11.14,s,,w,t,d,c,p,7.07,25.79,,,w,,,f,f,,d,u
p,6.37,s,d,o,f,d,c,o,3.08,6.22,,,y,,,f,f,,d,a
e,5.13,f,t,n,f,a,d,w,8.78,6.87,,k,o,,,f,f,,d,s
e,8.12,s,t,w,t,d,c,o,5.4,17.05,,,w,,,f,f,,d,u
p,4.71,c,i,y,f,,c,n,6.65,7.08,,,w,,,f,f,,d,a
p,8.5,x,e,o,f,a,,o,9.14,20.61,r,,o,,,t,r,n,d,a
p,9.0,p,,n,f,p,,w,10.83,34.63,c,,n,,,f,f,w,d,u
p,2.15,f,h,y,f,,,n,6.94,2.83,,,y,,,f,f,,g,a
p,5.58,s,k,y,f,p,,n,3.6,6.38,,k,n,,,t,f,,d,u
p,1.36,x,,n,f,,,n,4.4,2.32,,s,n,,,f,f,k,g,a
p,1.51,o,k,n,f,,,n,4.21,1.44,,,n,,,f,f,,d,w
p,7.76,s,t,n,t,d,,g,4.32,11.66,,t,n,,,f,f,,d,a
p,2.72,x,g,n,f,a,,p,6.91,2.41,,,w,,,f,f,,d,u
p,3.21,s,d,w,f,d,d,p,3.98,2.54,,h,w,,,f,f,,g,a
e,8.21,s,,y,f,a,c,w,6.38,14.03,,,g,,,f,f,,d,u
e,8.96,s,,n,f,,,w,4.04,19.03,,,n,,,f,f,,d,a
p,3.37,f,d,n,f,x,c,y,4.31,2.83,b,i,n,,,f,f,,l,a
p,4.43,x,,n,f,x,c,p,8.47,3.97,,,n,,,f,f,,l,a
e,7.43,p,,g,f,a,,w,7.61,14.89,,,w,,,f,f,,g,u
p,7.75,x,t,e,f,x,d,w,6.44,17.39,b,,w,,,f,f,,d,a
e,6.62,b,h,k,f,s,d,w,4.83,10.07,,s,g,,,f,f,,d,u
p,12.81,x,s,g,f,s,,y,8.16,18.25,,i,n,,,f,f,,d,u
e,4.97,x,,w,f,x,c,w,8.37,10.41,b,,n,,w,t,,,d,s
e,7.47,x,s,n,f,e,c,w,6.22,9.46,,i,w,,,f,f,p,d,w
e,11.48,s,t,w,t,d,c,o,5.97,17.12,,,w,,,f,f,,d,u
e,3.8,x,h,n,f,x,c,n,3.29,4.73,,s,n,,,t,r,,d,w
e,7.96,x,,g,t,p,,g,13.4,26.67,,y,w,,,f,f,,d,a
e,5.36,x,s,b,f,x,c,w,6.92,9.32,,s,n,,,f,f,,l,w
e,11.14,f,s,r,f,x,,n,7.17,25.02,,,p,,,f,f,,d,u
e,4.78,x,,n,f,x,c,w,7.92,9.12,b,,w,,w,t,,,g,s
p,3.55,s,d,w,f,d,d,p,4.55,2.78,,h,w,,,f,f,,g,u
p,0.74,x,g,y,f,,,y,3.37,0.8,,,y,,,f,f,,d,a
e,8.31,x,h,n,f,p,d,y,7.92,13.01,,s,n,,,f,f,,g,u
p,1.87,c,t,n,f,,,n,7.55,2.72,,,y,,,f,f,,g,u
e,7.47,x,d,y,t,p,,r,6.82,13.32,,,y,,,f,f,,d,u
p,2.59,x,,e,f,x,,w,4.76,6.45,,,w,,,f,f,,d,u
p,11.9,x,,n,f,e,,w,10.9,14.81,,,w,u,w,t,g,,d,a
p,7.89,f,,y,f,x,c,y,6.88,11.22,,,w,,,f,f,,d,a
e,7.8,x,t,y,t,x,c,y,8.52,16.37,,,w,,,f,f,,d,u
p,6.32,p,g,n,f,e,,w,7.46,13.16,,y,w,u,w,t,p,,d,a
e,4.84,f,h,o,f,a,d,w,6.22,5.35,,s,o,,,f,f,,d,w
p,7.36,s,d,n,t,d,c,w,7.76,8.62,,,e,,,f,f,,d,a
p,2.04,b,g,y,f,,c,n,7.59,3.63,,,n,,,f,f,,d,a
e,3.42,x,,w,f,a,,r,6.11,6.95,,,l,,,f,f,,l,a
p,20.98,f,d,n,f,p,,y,6.07,50.07,,,n,,,f,f,,d,a
p,1.23,x,g,n,f,d,d,n,1.31,2.33,,s,n,,,f,f,,d,a
p,1.26,x,s,y,f,f,f,f,3.04,5.44,,,y,,,f,f,,d,a
p,10.12,x,e,y,t,p,,e,8.14,27.68,,,u,,,f,f,,d,a
p,7.93,s,,o,t,d,,o,4.72,11.67,,,w,,,t,f,,d,u
p,8.51,s,t,y,f,x,c,y,6.83,18.87,,,y,,,f,f,,d,a
p,1.92,b,,g,f,a,,g,4.99,2.18,,s,g,,,f,f,,d,a
p,3.03,b,t,n,f,,,n,9.02,5.77,,,w,,,t,,k,g,a
p,7.39,s,d,n,t,d,c,w,8.02,9.25,,,e,,,f,f,,d,a
p,6.72,x,,y,f,s,d,y,7.19,16.58,,i,y,,,f,f,,d,a
e,7.76,x,t,n,f,e,,w,13.27,13.51,,s,n,u,w,f,f,,d,u
p,7.25,x,g,n,f,e,,w,8.54,15.42,,y,w,u,w,t,p,,d,a
e,1.02,p,g,g,f,,,g,2.91,1.4,,,w,,,f,f,,d,s
e,5.38,x,t,n,f,e,,w,12.71,12.45,,s,n,u,w,f,f,,d,u
p,8.01,x,s,n,f,s,,g,6.45,8.35,,y,n,,,f,f,,d,w
p,2.47,x,g,n,f,a,,w,5.62,2.23,,,w,,,f,f,,d,a
e,7.22,x,h,n,f,p,d,y,6.08,12.57,,s,n,,,f,f,,g,a
p,4.37,b,h,l,f,s,c,u,5.92,8.21,,y,l,,,t,e,u,d,a
p,0.96,b,t,y,f,,c,g,2.4,2.2,,,n,,,t,f,,g,a
p,4.3,b,t,n,f,,,k,12.22,6.44,,,w,,,t,,k,g,a
e,9.81,f,s,n,f,s,c,w,6.34,10.49,b,i,n,,,f,f,,m,u
e,4.26,f,y,w,f,e,c,p,4.42,10.71,,,w,,w,t,e,,g,a
p,8.28,x,,u,t,x,,n,8.9,18.84,s,,u,,u,f,f,,d,a
e,4.47,x,,w,f,x,c,n,6.63,4.3,,,w,,,f,f,,d,a
e,6.55,x,y,n,f,e,c,n,4.49,12.12,,,w,,,t,l,,w,u
p,21.97,x,d,o,f,p,,y,4.99,43.64,,,n,,,f,f,,d,a
p,1.69,o,k,n,f,,,n,4.31,1.54,,,n,,,f,f,,d,a
p,6.28,s,d,n,t,d,c,w,5.39,7.6,,,e,,,f,f,,d,a
p,0.96,b,t,y,f,,c,k,4.24,2.71,,,n,,,t,f,,m,a
p,3.76,f,k,n,f,s,,p,3.62,3.1,,,n,,,f,f,p,g,a
p,9.51,f,w,p,f,s,c,p,4.74,10.91,,,p,,,f,f,,d,a
e,6.5,s,s,o,f,d,d,o,6.73,13.62,,,w,,,f,f,,g,w
p,5.46,c,e,y,t,x,c,y,7.38,12.58,,,w,,,f,f,,d,s
e,8.64,p,,n,f,a,,w,6.92,12.7,,,g,,,f,f,,g,a
p,6.36,b,s,g,f,,,g,10.14,14.75,,s,w,,,t,z,,d,s
e,4.23,x,t,n,f,d,,o,6.23,7.25,,t,w,,,f,f,,d,w
p,4.16,x,k,w,f,s,,p,4.22,3.47,,,n,,,f,f,p,g,u
e,3.58,x,s,e,f,a,c,o,4.18,6.42,,,o,,,f,f,,g,a
p,5.83,b,s,g,f,,,w,9.73,12.67,,s,w,,,t,z,,g,a
p,0.62,x,g,n,f,a,,p,3.85,0.94,,h,k,,,f,f,,d,a
p,3.02,o,,k,f,f,f,f,3.36,13.43,,g,g,,,f,f,,d,u
e,13.1,f,,w,f,d,c,w,2.62,15.21,,,w,,,f,f,,d,w
e,9.71,p,y,w,f,e,c,p,20.24,12.27,,s,w,,,t,e,,u,u
e,8.38,x,y,n,t,e,,p,8.75,17.07,,y,w,,,t,p,,d,a
p,3.81,f,t,n,f,x,c,p,5.0,3.96,,i,g,,,f,f,,d,u
p,11.33,x,,n,f,p,,w,12.03,37.54,c,,n,,,f,f,p,d,u
p,4.68,c,k,w,t,x,c,r,6.61,12.14,,,w,,,f,f,,d,u
p,6.02,s,d,y,f,d,c,o,3.96,6.76,,,y,,,f,f,,h,a
p,8.39,s,t,y,f,x,c,y,6.68,18.6,,,y,,,f,f,,d,a
e,8.76,x,,g,t,p,,g,12.45,25.66,,y,w,,,f,f,,d,a
p,1.6,p,t,n,f,a,c,g,6.84,2.49,,t,y,,,t,e,,m,a
e,7.12,f,h,o,f,s,,y,9.09,12.57,,i,n,,,f,f,,d,a
p,5.89,c,i,y,f,,c,r,7.1,8.58,,,w,,,f,f,,d,a
p,6.22,f,,g,f,d,c,y,5.21,9.54,b,,n,,,f,f,,l,w
p,0.72,b,t,n,f,,c,g,2.07,2.09,,,n,,,t,f,,m,u
e,3.7,x,h,n,f,x,c,n,4.57,5.19,,s,n,,,t,r,,d,u
e,7.57,x,w,y,f,f,f,f,6.33,16.8,,,y,,,f,f,,d,u
p,5.58,x,h,o,f,a,c,n,4.66,6.22,,y,n,,,t,z,,d,w
e,6.32,x,d,y,t,p,,y,6.83,14.86,,,y,,,f,f,,d,a
p,4.62,o,s,w,f,,c,w,0.0,0.0,f,f,f,,,f,f,n,d,u
p,1.79,x,g,y,f,d,d,n,2.61,2.7,,s,n,,,f,f,,h,u
p,6.08,x,,u,t,x,,u,7.48,18.42,s,,g,,u,f,f,,d,a
p,8.74,x,,g,t,x,,n,10.15,22.57,s,,g,,u,f,f,,d,a
e,3.99,x,,n,f,x,c,n,8.25,8.83,b,,w,,w,t,,,d,u
e,11.38,x,h,n,t,p,,y,7.03,22.42,,,n,,,f,f,,d,u
e,7.32,x,,p,f,x,c,w,6.55,15.65,,s,w,,,f,f,,d,a
e,4.21,x,s,p,f,a,c,e,4.45,6.39,,,e,,,f,f,,m,w
e,18.53,p,y,w,f,,,w,27.86,21.6,s,,n,,,t,m,,m,u
p,3.95,o,s,y,f,f,f,f,0.0,0.0,f,f,f,,,t,f,,d,u
p,1.45,b,h,n,f,a,,n,4.36,1.33,,t,n,,,f,f,,d,s
p,2.26,x,i,k,f,a,,w,3.84,2.47,,,w,,,f,f,p,g,a
p,7.59,p,g,n,f,e,,w,7.86,12.64,,y,w,u,w,t,p,,d,a
e,8.14,o,,n,f,,,w,5.1,24.33,,,n,,,f,f,,d,u
p,3.41,o,t,n,f,,c,w,0.0,0.0,f,f,f,,,f,f,n,d,u
p,6.17,x,e,e,f,a,,w,7.64,10.15,,,n,,w,t,z,,d,a
e,11.84,f,s,u,f,x,,n,8.17,27.7,,,w,,,f,f,,d,u
p,1.8,c,t,n,f,,,y,7.01,2.65,,,y,,,f,f,,g,a
p,0.73,f,,o,f,d,,o,4.84,1.06,,,y,,,f,f,w,g,u
e,4.1,x,,l,f,d,,r,5.83,7.01,,,r,,,f,f,,d,u
p,0.93,b,t,n,f,,c,k,3.7,2.42,,,n,,,t,f,,g,u
p,9.82,x,y,o,f,a,,y,11.75,23.79,r,,y,,,t,r,n,d,w
e,1.18,b,g,w,f,,,g,3.56,1.65,,,w,,,f,f,,d,s
p,2.94,o,,g,f,f,f,f,3.54,15.01,,g,n,,,f,f,,d,u
p,11.59,s,,y,t,d,,o,5.96,12.94,,,w,,,t,f,,d,u
p,8.55,x,,n,t,x,,n,8.37,20.85,s,,g,,u,f,f,,d,a
e,7.2,x,h,y,f,p,,y,7.37,14.87,,,y,,y,t,,,d,a
e,11.53,s,s,u,f,x,,n,6.73,23.14,,,p,,,f,f,,d,u
e,9.18,p,s,w,f,e,c,w,12.66,10.74,,s,w,,,t,e,,g,w
p,3.0,f,,w,f,a,c,n,3.77,3.59,,i,w,,,f,f,,p,a
p,8.9,x,i,n,f,a,,n,9.95,13.75,s,,n,,n,f,f,,d,a
e,9.04,x,,g,f,a,,w,9.25,15.71,,,g,,,f,f,,d,u
e,10.19,f,,n,t,,,w,11.96,17.95,b,,w,u,w,t,g,,d,a
p,8.92,o,,n,f,f,f,f,3.43,25.94,,g,n,,,f,f,,d,u
e,5.76,f,h,g,f,s,d,w,4.73,10.32,,s,g,,,f,f,,d,a
p,11.14,p,,n,f,p,,w,10.22,33.01,c,,n,,,f,f,w,d,a
e,10.05,f,e,b,f,,c,b,4.73,20.27,,,w,,,t,f,,d,a
e,1.64,x,t,n,f,d,,w,7.27,2.3,,t,y,,,f,f,,g,a
e,7.14,f,,n,f,x,c,w,6.16,18.09,,s,w,,,f,f,,d,u
e,3.81,x,,l,f,d,,r,5.02,5.48,,,w,,,f,f,,d,u
p,8.22,b,y,w,f,,,k,18.19,18.45,,,w,,,f,f,,d,a
p,0.99,b,t,n,f,,c,k,4.09,2.68,,,n,,,t,f,,m,u
p,2.03,p,t,n,f,a,c,g,7.43,2.43,,t,y,,,t,e,,m,a
e,9.34,x,d,w,f,s,c,w,6.89,28.68,,,w,,,f,f,,d,s
e,9.23,f,s,w,f,e,c,k,21.36,12.84,,s,w,,,t,e,,d,u
p,5.38,x,,w,f,,c,r,3.48,12.38,,,y,,,f,f,,d,a
e,9.39,x,h,n,t,p,,y,7.53,17.68,,,n,,w,t,p,,d,u
p,4.39,x,h,o,f,a,c,y,5.84,7.25,,g,o,,,f,f,,g,u
e,21.83,p,y,n,f,,,w,29.52,22.0,s,,n,,,t,m,,d,u
e,5.39,f,s,k,f,a,c,w,3.66,12.97,,,w,,,f,f,,d,u
e,11.22,x,s,w,t,e,,n,8.92,16.63,s,,w,,,t,r,,m,u
p,4.17,b,y,n,f,,c,g,6.18,4.57,s,s,w,,,f,f,,d,a
e,5.55,f,s,b,f,x,c,w,6.55,8.99,,s,n,,,f,f,,l,w
p,0.65,b,t,y,f,,c,g,2.91,2.41,,,n,,,t,f,,m,u
p,5.91,x,h,n,f,x,,w,17.15,7.49,r,g,n,,,f,f,,d,u
p,3.9,x,y,y,f,a,,w,6.04,3.5,,y,n,,,t,r,,g,a
e,7.11,f,t,n,f,s,,y,9.59,12.49,,i,n,,,f,f,,d,a
e,2.83,s,y,n,f,d,d,p,8.68,3.69,,i,n,,,f,f,,h,u
p,3.13,s,s,w,f,d,c,w,2.95,7.71,,,w,,,f,f,,g,u
p,21.62,x,s,k,f,p,,y,5.73,32.99,,,n,,,f,f,,d,w
e,5.13,x,h,y,f,p,,y,7.58,16.09,,,y,,y,t,,,d,a
p,9.99,f,,n,f,x,c,w,10.09,10.34,r,i,w,,,f,f,,d,u
p,4.21,x,t,n,f,s,c,n,5.99,10.54,,,w,,n,t,z,,d,a
e,12.15,x,e,g,f,d,c,w,7.19,23.65,s,,w,,,f,f,,l,w
e,4.34,f,h,o,f,a,d,w,6.93,5.32,,s,n,,,f,f,,d,w
e,3.07,b,y,n,f,,c,k,6.42,3.13,,,w,,,f,f,,d,s
p,6.42,o,k,n,f,,c,y,1.5,15.41,,,y,,,f,f,,d,a
e,2.79,f,s,w,f,d,d,w,3.3,5.45,,,w,,,f,f,,m,w
p,7.93,p,g,n,f,e,,w,8.71,16.14,,y,w,u,w,t,p,,d,a
e,9.5,f,d,w,f,s,c,w,6.33,29.98,,,w,,,f,f,,d,u
e,14.24,x,e,n,t,e,,w,10.37,17.46,,,w,,,t,,,d,a
p,4.52,x,,p,f,x,,w,5.59,7.02,,,w,,,f,f,,d,u
p,9.09,s,h,r,t,d,,w,4.89,14.8,,t,g,,,f,f,,d,a
e,5.95,s,,n,f,d,c,w,5.0,8.39,,s,w,,,f,f,,h,u
p,0.69,f,,o,f,d,,o,4.3,0.94,,,y,,,f,f,w,g,a
e,7.19,x,w,y,f,f,f,f,4.59,13.99,,,y,,,f,f,,d,a
e,8.0,x,t,y,f,p,,y,8.46,15.73,,,y,,y,t,,,d,a
e,6.7,x,t,g,f,a,d,n,7.98,6.66,,t,g,,,t,l,,d,a
p,6.86,x,t,y,f,x,c,y,4.26,15.29,,,y,,,f,f,,d,a
p,6.3,f,w,n,f,x,,w,12.24,6.43,r,g,n,,,f,f,,d,u
p,15.6,f,g,o,f,p,,y,4.63,31.8,,,n,,,f,f,,d,w
e,10.7,f,,u,f,s,c,b,7.67,20.22,,,b,,,f,f,,d,w
p,0.98,b,t,y,f,,c,k,3.37,2.41,,,n,,,t,f,,m,a
e,11.3,f,s,w,t,e,,n,9.48,16.5,s,,w,,,t,l,,m,a
e,1.48,c,g,n,f,a,,w,4.84,1.49,,,g,,,f,f,,d,a
p,0.91,x,g,w,f,a,d,w,2.99,1.39,,,n,,,f,f,,l,a
p,6.89,s,,o,t,d,,o,5.19,12.15,,,w,,,t,f,,d,a
e,5.24,x,h,n,f,x,c,n,5.16,6.41,,y,n,,,t,r,,d,w
p,6.54,s,d,e,t,d,c,w,5.98,8.71,,,n,,,f,f,,d,a
e,6.68,x,y,y,f,,,w,6.63,25.29,b,,n,,w,t,e,,d,w
p,0.92,x,g,w,f,a,d,w,3.07,1.39,,,e,,,f,f,,d,u
p,11.67,x,e,n,t,p,,e,8.17,24.68,,,u,,,f,f,,d,a
p,7.55,x,s,n,f,s,,n,5.68,8.47,,y,n,,,f,f,,d,w
e,1.56,c,g,n,f,a,,w,5.27,1.58,,,g,,,f,f,,l,u
p,10.27,s,t,g,t,d,c,n,5.03,23.19,,,g,,,f,f,,l,u
e,8.6,o,,n,f,,,w,4.07,23.89,,,n,,,f,f,,d,a
e,5.17,x,w,y,f,f,f,f,3.91,13.06,,,y,,,f,f,,d,a
p,6.69,o,e,o,f,,c,y,1.56,15.22,,,y,,,f,f,,d,w
p,7.39,x,,n,t,x,,u,9.16,20.16,s,,u,,u,f,f,,d,a
p,1.18,x,g,w,f,a,d,w,3.62,1.89,,,e,,,f,f,,d,u
p,4.88,x,d,n,f,a,c,y,4.57,5.85,,i,y,,,t,,,d,u
p,6.76,x,s,g,t,s,d,r,6.07,16.88,r,y,w,,,f,f,,d,a
e,19.61,s,t,w,f,a,d,y,7.01,21.02,,,w,,,f,f,w,d,a
p,10.0,x,t,n,f,a,d,w,8.51,25.07,,,w,,,f,f,,d,u
p,6.34,x,i,y,f,a,c,n,7.94,7.63,,i,n,,k,t,z,k,d,a
e,7.61,x,h,n,f,p,d,y,7.77,12.44,,s,n,,,f,f,,d,u
p,1.15,x,g,w,f,a,d,w,3.76,1.75,,,e,,,f,f,,l,u
p,1.69,c,h,y,f,,,y,7.74,2.93,,,y,,,f,f,,g,a
e,5.06,x,y,n,f,e,c,p,4.07,9.63,,y,n,,,f,f,,d,u
e,47.56,o,y,y,f,p,,y,5.92,34.07,,k,n,,,f,f,,d,u
p,4.19,x,,y,f,s,d,y,4.24,10.76,,i,y,,,f,f,,d,a
e,16.57,f,y,w,f,,,w,23.46,20.28,s,,n,,,t,m,,d,a
p,1.19,b,t,y,f,,c,g,3.59,2.56,,,n,,,t,f,,g,a
e,8.07,x,h,n,t,p,,n,8.45,17.75,,,n,,w,t,p,,d,a
e,9.25,x,,n,t,,,w,11.49,17.37,b,,w,u,w,t,g,,d,u
e,6.68,x,l,w,f,d,,w,3.46,8.78,,,w,,,f,f,,d,u
e,11.89,f,e,b,f,,c,b,5.84,23.72,,,w,,,t,f,,d,a
e,4.79,x,,n,f,x,c,w,8.29,10.78,b,,n,,w,t,,,d,s
p,17.36,s,k,w,t,d,d,w,7.2,28.8,,,w,,,f,f,,d,w
p,1.86,b,,n,f,a,,g,5.0,1.89,,s,g,,,f,f,,d,a
p,3.8,s,d,o,f,d,c,o,3.18,5.92,,,o,,,f,f,,h,u
e,11.41,p,s,n,t,e,,g,11.35,17.38,s,,w,,,t,l,,m,u
p,5.18,x,s,r,t,s,d,w,5.49,13.52,r,i,w,,,f,f,,d,u
p,4.95,f,,y,f,s,d,y,6.9,16.03,,i,y,,,f,f,,d,a
e,6.69,x,h,n,f,x,c,n,6.31,5.89,,s,n,,,t,r,,d,u
e,2.59,x,d,p,f,a,c,e,4.17,5.92,,,o,,,f,f,,g,u
e,6.71,x,l,w,f,d,,w,3.45,7.81,,,w,,,f,f,,d,u
e,6.32,x,h,n,f,x,c,w,6.02,6.57,,y,n,,,t,r,,d,a
p,6.97,f,t,y,f,x,c,y,5.61,15.53,,,y,,,f,f,,d,a
e,5.99,x,,w,f,e,,w,5.94,12.5,b,,w,u,w,t,g,,d,u
p,8.65,p,y,n,f,,,k,14.1,17.47,,,w,,,f,f,,d,a
e,3.31,f,s,w,f,d,d,w,2.96,5.28,,,w,,,f,f,,g,a
p,6.27,f,w,p,f,s,c,p,4.63,9.5,,,p,,,f,f,,d,a
p,3.08,f,,u,f,a,c,w,3.68,3.59,,i,u,,,f,f,,p,a
p,0.61,b,t,y,f,,c,g,2.99,2.28,,,n,,,t,f,,m,a
p,3.0,f,s,g,f,d,c,w,3.37,8.69,,,w,,,f,f,,g,a
e,3.62,p,,n,f,f,f,f,5.14,17.27,,,n,,,f,f,,d,s
e,3.51,f,d,n,t,d,c,p,3.7,4.83,,,n,,,f,f,,d,a
e,3.77,b,g,w,f,x,d,w,4.0,2.76,,,y,,,f,f,,g,u
p,3.24,s,,u,f,a,,w,3.76,7.15,,,y,,,f,f,,d,u
e,6.12,x,s,b,f,x,c,w,7.0,10.12,,s,n,,,f,f,,l,a
e,3.76,b,y,n,f,,c,n,6.79,2.95,,,w,,,f,f,,d,a
e,3.76,x,s,o,f,a,c,e,4.53,6.23,,,e,,,f,f,,g,w
p,7.51,b,s,n,f,,,k,10.72,13.27,,s,w,,,t,z,,d,w
p,14.98,f,d,n,f,d,c,y,6.72,38.07,,k,k,,,f,f,,d,a
p,6.76,f,w,e,f,x,,w,13.29,7.34,r,g,n,,,f,f,,d,u
p,4.92,x,d,n,t,d,c,w,5.74,8.18,,,e,,,f,f,,d,a
p,18.31,f,h,o,f,e,,w,19.29,18.94,s,y,w,u,w,t,p,,d,u
e,15.85,s,t,k,f,a,d,k,7.29,25.13,,,w,,,f,f,w,d,a
p,5.6,x,s,r,t,s,d,w,4.84,15.77,r,y,n,,,f,f,,d,a
e,3.01,b,y,n,f,,c,n,6.54,2.98,,,w,,,f,f,,d,s
p,5.82,b,d,n,f,d,c,y,4.91,6.52,,i,y,,,t,,,d,u
p,1.03,x,g,w,f,a,d,w,2.95,1.33,,,e,,,f,f,,l,u
p,4.99,s,k,n,f,p,,n,3.24,5.47,,k,n,,,t,f,,d,u
e,1.78,f,y,n,f,d,d,p,4.21,3.09,,i,n,,,f,f,,h,a
p,4.19,b,h,r,f,s,c,u,5.06,6.88,,y,w,,,t,e,u,g,a
e,53.46,o,y,y,f,p,,y,7.32,42.07,,k,n,,,f,f,,d,s
p,3.28,s,w,n,t,d,c,n,4.03,6.21,,,n,,,f,f,,d,a
e,7.12,x,i,n,f,e,c,p,5.14,14.41,,,w,,,t,r,,w,a
p,3.06,x,d,w,f,d,d,p,4.05,2.58,,h,w,,,f,f,,g,a
p,4.91,o,s,n,f,f,f,f,0.0,0.0,f,f,f,,,t,f,,d,u
e,9.43,s,t,p,t,d,c,o,5.4,17.4,,,w,,,f,f,,d,a
p,12.16,x,e,y,t,p,,o,10.54,32.91,,,e,,,f,f,,d,u
e,1.26,f,w,g,f,,d,g,5.22,2.35,,,w,,,f,f,,d,u
e,1.38,b,g,w,f,,,g,3.45,1.88,,,w,,,f,f,,d,s
p,6.37,s,d,n,t,d,c,n,7.31,8.78,,,n,,,f,f,,d,a
p,3.29,b,s,y,f,,c,y,8.09,6.92,,,y,u,w,t,z,k,d,a
e,11.13,s,,n,f,,,w,4.94,22.53,,,n,,,f,f,,d,a
p,7.76,s,d,n,t,d,c,y,6.57,10.03,,,n,,,f,f,,d,u
p,11.72,f,t,n,t,d,c,n,6.21,17.17,,,n,,,f,f,,d,a
e,7.59,x,,g,t,p,,g,10.65,24.01,,y,w,,,f,f,,d,a
e,4.24,x,t,n,f,d,,o,6.34,8.04,,t,o,,,f,f,,d,w
p,3.28,x,y,y,f,a,,w,5.3,3.44,,y,y,,,t,r,,g,u
p,5.52,f,k,n,f,p,,n,3.55,5.38,,k,n,,,t,f,,d,u
p,2.47,b,,g,f,a,,g,4.75,1.96,,s,n,,,f,f,,d,u
p,6.52,x,,p,f,,c,w,3.77,12.82,,,y,,,f,f,,d,a
e,13.42,f,,l,f,d,c,y,2.59,13.68,,,w,,,f,f,,d,w
p,2.35,x,g,e,f,a,,p,7.68,2.8,,,n,,,f,f,,d,a
p,3.44,f,s,w,f,d,c,w,3.39,6.98,,,w,,,f,f,,g,a
e,2.53,x,k,n,f,p,,n,3.97,9.51,,,y,,,f,f,,d,a
p,1.77,f,i,k,f,a,,w,3.77,2.57,,,w,,,f,f,p,g,a
p,1.66,b,t,n,f,,c,k,4.41,2.84,,,n,,,t,f,,m,u
e,10.02,f,s,w,f,s,c,w,7.69,30.73,,,w,,,f,f,,d,s
e,9.6,x,t,n,t,p,,n,8.33,17.67,,,n,,w,t,p,,d,u
p,5.4,f,l,n,f,x,d,n,7.17,5.25,,,y,,,f,f,,d,u
p,8.93,x,h,r,f,,c,w,11.21,14.43,,,w,u,w,t,p,,d,a
e,9.28,x,s,n,t,p,,y,7.9,16.31,,,n,,w,t,p,,d,a
e,0.88,b,g,w,f,,,g,3.01,1.39,,,w,,,f,f,,d,w
p,2.53,f,d,r,f,a,,r,4.9,5.37,,t,r,,,f,f,,d,a
p,1.26,f,s,y,f,f,f,f,3.02,5.64,,,y,,,f,f,,d,a
e,9.03,f,h,n,f,s,,y,9.93,13.21,,i,o,,,f,f,,d,a
p,2.26,f,,u,f,a,c,n,3.57,3.58,,i,w,,,f,f,,p,u
e,11.96,p,s,n,t,e,,g,11.15,17.97,s,,w,,,t,r,,m,u
p,12.0,f,,g,f,e,,w,10.76,13.78,,,w,u,w,t,g,,d,a
p,6.61,x,i,n,f,a,c,k,7.77,7.84,,i,n,,k,t,z,k,d,a
p,7.46,f,d,n,t,d,c,y,5.43,8.45,,,e,,,f,f,,d,u
e,9.51,x,d,w,f,s,c,w,7.42,31.87,,,w,,,f,f,,m,s
e,2.87,f,d,n,t,d,c,p,3.92,4.84,,,g,,,f,f,,d,a
e,7.62,x,t,y,t,x,c,y,6.84,12.78,,,w,,,f,f,,d,a
p,9.53,o,,e,f,f,f,f,3.58,26.33,,g,n,,,f,f,,d,u
p,9.27,p,y,n,f,,,k,17.47,17.85,,,w,,,f,f,,d,a
p,14.42,x,k,w,t,d,d,w,7.22,34.52,,,w,,,f,f,,d,a
p,5.99,x,e,e,f,a,,n,7.36,9.89,,,y,,w,t,z,,d,a
e,8.58,o,,n,f,,,w,5.05,25.56,,,n,,,f,f,,d,u
p,4.33,x,h,y,f,a,c,y,5.65,7.38,,g,o,,,f,f,,g,a
p,7.83,x,t,n,f,a,d,w,6.98,25.53,,,w,,,f,f,,d,a
e,4.51,x,t,n,f,p,,n,5.05,10.17,,,n,,,f,f,,d,u
e,3.43,x,h,n,f,,c,n,5.6,6.27,,s,w,,w,f,f,k,d,u
p,4.01,b,t,n,f,,,n,6.8,5.52,,,w,,,t,,k,g,u
e,1.3,x,w,g,f,,d,g,5.07,2.57,,,w,,,f,f,,g,u
e,3.14,f,g,n,f,a,d,g,4.6,3.02,,s,n,,,f,f,,d,w
e,4.91,x,s,b,f,x,c,w,6.65,9.92,,s,n,,,f,f,,l,w
p,7.03,x,t,y,f,x,c,y,6.3,14.9,,,y,,,f,f,,d,a
p,8.84,x,,n,t,x,,n,10.07,19.86,s,,g,,u,f,f,,d,a
p,6.24,x,i,k,f,e,,k,7.92,7.3,,,y,,,f,f,,g,u
p,15.83,x,t,n,f,a,d,w,12.65,33.51,,,w,,,f,f,,d,u
p,1.93,c,t,y,f,,,y,7.31,3.11,,,y,,,f,f,,g,a
e,8.14,x,,p,f,x,c,w,7.85,18.84,,s,w,,,f,f,,d,a
p,7.68,x,s,n,f,s,,g,5.45,7.65,,y,n,,,f,f,,d,a
p,1.57,b,g,y,f,,c,n,5.65,2.85,,,n,,,f,f,,d,u
e,6.22,x,h,y,t,x,c,y,6.92,12.07,,,w,,,f,f,,d,a
p,7.92,x,y,y,f,a,c,y,9.09,10.51,,y,y,,,t,,,d,u
e,7.59,o,,n,f,,,w,3.44,21.75,,,n,,,f,f,,d,a
p,2.71,b,y,n,f,e,c,w,4.09,3.41,,k,w,,,t,e,,m,u
p,13.55,f,,g,f,e,,w,11.09,15.25,,,w,u,w,t,e,,d,u
p,9.92,x,,u,t,x,,u,10.18,21.95,s,,u,,u,f,f,,d,a
e,10.34,x,h,n,f,p,d,y,7.36,13.73,,s,n,,,f,f,,d,u
p,2.37,o,t,w,f,,c,w,0.0,0.0,f,f,f,,,f,f,n,d,u
p,6.4,x,t,n,f,s,,n,6.01,8.29,,y,n,,,f,f,,d,a
p,8.81,s,t,n,t,d,,w,4.58,13.31,,t,r,,,f,f,,d,u
e,7.48,s,l,w,f,d,,w,3.57,8.49,,,w,,,f,f,,d,a
p,5.95,x,d,n,f,d,c,y,5.21,6.15,,i,y,,,t,,,d,a
p,3.17,o,l,g,f,f,f,f,0.0,0.0,f,f,f,,,f,f,,d,u
p,1.01,x,g,w,f,a,d,w,2.59,1.47,,,n,,,f,f,,l,u
e,18.42,p,d,e,f,p,,w,15.69,35.5,s,y,w,,,f,f,,d,u
e,2.71,b,y,n,f,,c,k,6.72,3.16,,,w,,,f,f,,d,s
p,12.4,f,,n,f,e,,w,10.52,12.06,,,w,u,w,t,g,,d,a
e,6.52,f,s,w,f,e,c,w,17.79,12.05,,s,w,,,t,e,,g,a
p,2.68,x,g,e,f,a,,p,6.99,2.65,,,w,,,f,f,,d,u
p,2.5,x,g,e,f,a,,p,5.82,2.52,,,w,,,f,f,,d,a
e,1.48,x,g,y,f,d,,w,5.83,2.0,,t,y,,,f,f,,d,u
p,10.83,x,h,w,f,s,,y,8.0,18.13,,i,n,,,f,f,,d,u
e,7.85,f,t,n,f,s,,n,9.66,12.93,,i,o,,,f,f,,d,a
p,1.15,s,s,y,f,f,f,f,4.09,5.28,,,y,,,f,f,,d,a
e,7.65,x,,y,f,a,c,w,5.93,17.05,,,g,,,f,f,,d,u
p,20.02,x,k,w,t,d,d,n,6.28,29.21,,,w,,,f,f,,d,a
p,6.76,f,t,y,f,x,c,y,5.45,13.47,,,y,,,f,f,,d,a
p,7.89,f,y,y,f,s,c,y,5.81,15.88,,y,e,,,f,f,,d,a
p,3.76,x,y,n,f,a,,w,6.03,3.41,,y,n,,,t,r,,h,u
p,13.54,s,s,n,f,d,c,y,5.83,32.78,,k,n,,,f,f,,d,a
e,4.49,x,,n,f,x,c,w,8.18,9.3,b,,w,,w,t,,,g,u
p,8.15,x,y,w,t,,,g,8.72,15.86,s,,w,,,t,l,,d,u
e,6.95,f,,n,t,,,w,10.95,13.79,b,,w,u,w,t,g,,d,u
e,14.16,x,h,n,t,p,,y,9.95,24.8,,,n,,,f,f,,d,a
e,7.48,x,,g,t,p,,g,10.49,23.5,,y,w,,,f,f,,d,u
e,3.7,x,t,n,f,d,,o,5.74,7.43,,t,w,,,f,f,,d,a
p,5.74,c,i,y,f,,c,n,6.57,7.95,,,w,,,f,f,,d,u
p,5.65,f,l,y,f,x,d,y,6.44,5.16,,,n,,,f,f,,d,a
e,19.41,f,y,w,f,,,w,24.9,20.81,s,,n,,,t,m,,m,u
e,3.42,b,g,w,f,x,d,w,3.99,2.79,,,y,,,f,f,,g,u
p,4.19,x,h,n,f,a,c,n,4.72,6.1,,y,n,,,t,z,,d,a
e,5.01,x,t,n,f,e,,w,12.39,12.64,,s,w,u,w,f,f,,d,a
e,2.47,x,,u,f,,d,u,5.64,3.77,,,w,,,f,f,,d,w
p,13.59,x,t,n,f,a,d,w,11.44,32.94,,,w,,,f,f,,d,a
e,6.23,x,y,n,f,e,c,p,4.77,9.12,,y,n,,,f,f,,d,u
e,1.98,x,,u,f,,d,w,5.6,4.95,,,w,,,f,f,,d,a
e,8.24,x,h,n,f,p,d,y,7.13,12.54,,s,n,,,f,f,,h,a
p,3.72,x,,w,f,x,c,p,8.73,4.1,,,n,,,f,f,,l,u
p,3.68,c,k,w,t,x,c,r,5.08,11.99,,,w,,,f,f,,g,a
p,3.75,x,y,n,f,a,,w,4.95,3.65,,y,y,,,t,r,,h,u
p,16.12,x,g,e,f,e,,w,17.98,16.93,s,y,w,u,w,t,p,,d,u
e,5.45,o,,n,f,f,f,f,5.13,20.88,,,n,,,f,f,,d,s
e,6.97,s,,n,f,d,c,w,6.0,8.68,,s,w,,,f,f,,l,a
p,1.4,c,t,y,f,,,y,6.84,2.59,,,y,,,f,f,,g,a
p,8.15,f,,y,f,x,c,y,7.33,11.97,,,w,,,f,f,,d,u
e,1.1,c,g,n,t,a,,w,6.29,1.13,,,n,,,f,f,,d,a
e,9.47,x,y,n,t,e,,p,8.79,17.09,,y,w,,,t,l,,l,a
p,9.96,x,,n,t,x,,n,9.24,21.29,s,,u,,u,f,f,,d,a
p,0.82,x,g,e,f,a,,n,4.95,1.14,,s,k,,,f,f,,d,a
e,7.49,f,h,o,f,s,,y,8.59,12.74,,i,o,,,f,f,,d,a
p,2.95,o,l,g,f,f,f,f,0.0,0.0,f,f,f,,,f,f,,d,u
p,3.91,b,y,n,f,,c,w,5.85,4.58,s,s,w,,,f,f,,d,a
e,4.07,x,,l,f,d,,r,5.34,7.49,,,l,,,f,f,,l,u
e,6.98,o,l,n,f,f,f,f,8.34,54.42,,,n,,,f,f,g,l,a
p,13.33,x,,n,f,e,,w,11.1,16.52,,,w,u,w,t,e,,d,a
p,8.06,x,d,o,f,a,,y,10.37,20.98,r,,y,,,t,r,n,d,a
p,6.57,s,h,g,t,d,,g,4.36,11.74,,t,r,,,f,f,,d,a
p,0.78,x,g,e,f,a,,n,4.05,1.14,,h,k,,,f,f,,d,a
p,4.02,x,,w,f,x,c,p,7.81,4.01,,,n,,,f,f,,d,u
p,3.19,o,,k,f,f,f,f,3.77,15.57,,g,g,,,f,f,,d,u
p,8.08,o,,n,f,f,f,f,3.59,24.37,,g,n,,,f,f,,d,u
p,8.12,x,g,n,f,e,,w,8.6,17.14,,y,w,u,w,t,p,,d,a
e,3.59,b,g,n,f,x,d,w,3.95,3.04,,,y,,,f,f,,g,a
e,7.52,x,d,o,f,d,d,o,6.11,12.5,,,w,,,f,f,,d,w
p,5.93,x,s,n,t,s,d,r,4.4,13.49,r,i,w,,,f,f,,d,a
e,7.04,x,l,w,f,d,,p,3.62,10.15,,,w,,,f,f,,d,a
p,1.5,o,k,n,f,,,n,4.38,1.66,,,n,,,f,f,,d,a
p,6.06,x,k,n,f,d,c,y,5.39,6.16,,i,y,,,t,,,d,a
e,7.1,x,y,n,f,e,c,w,5.16,9.59,,y,n,,,f,f,,d,a
p,0.86,f,,o,f,d,,o,4.54,0.91,,,y,,,f,f,w,g,u
p,4.06,x,,p,f,,c,w,3.29,11.51,,,y,,,f,f,,d,a
e,1.12,b,g,g,f,,,g,3.18,1.7,,,w,,,f,f,,d,a
e,16.52,x,e,n,t,e,,w,10.36,16.98,,,w,,,t,,,d,a
e,8.86,f,,b,f,d,c,w,2.46,14.58,,,w,,,f,f,,d,a
p,5.12,o,s,n,f,f,f,f,0.0,0.0,f,f,f,,,t,f,,d,a
p,6.28,x,g,n,f,e,,w,7.72,11.83,,y,w,u,w,t,p,,d,a
e,9.46,s,,w,t,d,c,w,4.79,22.21,,,w,,,f,f,,d,a
p,3.69,f,d,b,f,x,c,w,5.29,3.54,b,i,n,,,f,f,,d,u
e,2.86,f,h,n,f,,c,n,5.91,6.66,,s,w,,w,f,f,k,d,a
p,2.27,o,l,g,f,f,f,f,0.0,0.0,f,f,f,,,f,f,,d,s
p,4.12,b,y,n,f,,c,g,6.95,4.95,s,s,w,,,f,f,,d,a
e,6.51,x,t,n,f,e,,w,12.46,12.04,,s,w,u,w,f,f,,d,a
p,8.28,s,t,p,t,d,c,p,7.18,12.83,,,p,,,t,f,,d,u
e,19.91,p,t,n,f,p,,w,17.44,64.8,,,n,,,f,f,,d,u
e,6.98,x,,y,f,a,c,w,6.28,15.96,,,w,,,f,f,,d,u
p,3.81,x,t,n,f,s,c,p,6.12,9.78,,,w,,n,t,z,,d,a
p,2.64,f,s,o,f,a,,y,3.23,6.31,,,y,,,f,f,,h,a
p,4.43,o,,w,f,f,f,f,5.75,32.69,,g,w,,,t,f,,p,a
e,9.05,f,s,w,t,e,,g,10.41,16.79,s,,w,,,t,l,,m,u
p,0.69,x,,o,f,d,,o,3.78,0.83,,,o,,,f,f,w,g,u
p,11.06,x,s,n,f,s,,y,8.2,17.66,,i,n,,,f,f,,d,a
p,3.28,f,k,w,f,s,,p,4.09,3.03,,,n,,,f,f,p,g,u
e,19.56,f,y,n,f,,,w,23.55,19.83,s,,n,,,t,m,,d,a
p,3.03,b,y,p,f,e,c,n,3.76,3.4,,k,w,,,t,e,,m,a
e,17.42,x,d,n,f,p,,n,15.71,34.75,s,y,w,,,f,f,,d,u
p,1.16,x,g,w,f,a,d,w,3.12,1.48,,,e,,,f,f,,l,u
p,2.51,f,s,o,f,a,,o,2.73,5.72,,,o,,,f,f,,m,a
p,5.07,x,,e,f,,c,g,3.16,11.64,,,y,,,f,f,,d,a
e,6.86,s,,n,f,d,c,w,4.19,7.34,,s,w,,,f,f,,h,a
p,4.37,s,w,u,f,a,c,u,5.97,6.59,,s,u,,,f,f,,d,a
p,2.18,b,g,o,f,,c,n,6.03,3.09,,,n,,,f,f,,m,u
p,1.18,x,s,y,f,f,f,f,3.47,5.47,,,y,,,f,f,,d,u
e,6.34,f,s,b,f,x,c,w,7.73,10.99,,s,n,,,f,f,,l,w
e,9.14,f,s,n,f,s,c,w,5.79,9.02,b,i,n,,,f,f,,m,u
e,5.9,b,h,k,f,s,d,w,4.71,9.88,,s,g,,,f,f,,d,a
e,5.58,x,d,y,t,p,,y,7.5,15.85,,,y,,,f,f,,d,a
e,3.66,x,t,n,f,d,,o,6.06,8.3,,t,w,,,f,f,,d,a
p,3.25,x,k,n,f,s,,p,4.35,3.24,,,n,,,f,f,p,g,a
e,15.26,x,y,n,t,e,,w,9.95,18.16,,,w,,,t,,,g,u
p,8.45,s,h,r,t,d,,w,4.77,14.1,,t,g,,,f,f,,d,u
e,15.95,x,e,n,t,e,,w,9.68,17.14,,,w,,,t,,,g,a
p,8.09,b,y,w,f,,,p,17.57,18.48,,,w,,,f,f,,d,a
p,2.43,c,t,y,f,,,y,7.7,3.6,,,y,,,f,f,,g,a
e,11.24,f,s,u,f,a,c,w,5.84,20.66,,,w,,,f,f,,d,a
p,7.92,f,h,r,f,,c,w,11.27,16.2,,,w,u,w,t,g,,d,a
p,3.51,b,w,u,f,a,c,g,5.25,5.85,,s,u,,,f,f,,d,u
e,10.16,f,s,e,f,a,d,w,9.27,14.74,,i,n,,,t,,w,d,u
e,6.44,o,,n,f,f,f,f,5.94,21.41,,,n,,,f,f,,l,s
e,5.55,p,,n,f,f,f,f,5.86,22.13,,,n,,,f,f,,d,s
p,6.46,x,e,e,f,a,,g,9.03,10.77,,,e,,w,t,z,,d,a
p,1.28,s,s,y,f,f,f,f,3.56,5.51,,,y,,,f,f,,d,a
p,2.8,o,l,g,f,f,f,f,0.0,0.0,f,f,f,,,f,f,,d,w
p,5.7,x,w,p,f,s,c,p,4.17,9.79,,,p,,,f,f,,d,w
p,12.06,x,e,y,t,p,,e,10.01,31.0,,,e,,,f,f,,d,u
p,6.45,x,,y,f,s,d,y,6.55,13.58,,i,y,,,f,f,,d,a
p,18.23,f,d,n,f,d,c,y,5.61,26.15,,k,k,,,f,f,,d,a
e,5.88,x,t,g,f,a,d,n,5.98,4.69,,t,g,,,t,l,,d,a
p,16.63,s,s,n,f,d,c,y,5.11,32.85,,k,k,,,f,f,,d,u
p,4.56,f,l,n,f,x,d,n,5.95,4.78,,,n,,,f,f,,d,u
p,5.34,x,,p,f,,c,r,4.03,13.31,,,y,,,f,f,,d,a
p,5.13,o,t,n,f,,c,w,0.0,0.0,f,f,f,,,f,f,n,d,u
e,6.18,b,h,g,f,s,d,g,5.19,10.2,,s,g,,,f,f,,d,u
p,4.39,o,,w,f,f,f,f,5.36,28.8,,g,w,,,t,f,,d,a
e,4.05,x,d,o,f,a,c,o,5.4,7.12,,,e,,,f,f,,g,w
p,4.9,s,k,y,f,p,,n,3.06,5.32,,k,n,,,t,f,,d,u
p,12.48,x,e,n,t,p,,o,10.5,36.25,,,u,,,f,f,,d,u
p,6.65,s,d,e,t,d,c,n,6.79,8.68,,,n,,,f,f,,d,a
p,12.02,x,,n,f,e,,w,11.19,13.2,,,w,u,w,t,g,,d,a
e,22.12,x,w,n,f,p,,w,20.55,82.14,,,n,,,f,f,,d,u
p,2.85,x,h,l,f,s,c,u,5.07,7.16,,y,n,,,t,e,u,g,u
p,2.56,p,t,n,f,a,c,n,7.27,2.47,,t,y,,,t,e,,m,a
e,13.57,s,e,n,f,d,c,w,7.66,22.92,s,,w,,,f,f,,d,a
p,4.42,x,,n,f,x,c,p,8.09,4.2,,,p,,,f,f,,d,u
p,10.29,x,h,g,f,s,,y,7.71,17.49,,i,n,,,f,f,,d,u
p,1.72,x,,n,f,,,k,5.45,2.65,,s,n,,,f,f,k,g,a
p,3.5,x,i,e,f,,,e,4.15,5.44,,,e,,,f,f,n,d,a
e,4.23,x,s,e,f,a,c,e,5.33,6.38,,,e,,,f,f,,m,u
p,4.5,c,i,y,f,,c,n,6.6,7.27,,,w,,,f,f,,d,u
p,1.71,b,g,y,f,,c,n,5.09,2.54,,,n,,,f,f,,m,s
p,6.41,x,t,e,f,x,,w,14.37,7.28,r,g,n,,,f,f,,d,a
e,11.29,x,s,y,f,x,,n,6.99,23.59,,,n,,,f,f,,d,w
p,1.71,f,i,k,f,a,,p,4.63,2.53,,,w,,,f,f,p,g,u
e,3.66,s,,y,f,f,f,f,6.27,7.7,,,o,,,f,f,,d,a
e,5.78,c,,n,f,f,f,f,6.95,21.91,,,n,,,f,f,,l,s
e,5.34,f,s,n,f,s,c,w,5.38,9.18,b,i,w,,,f,f,,m,a
p,7.99,x,,u,t,x,,u,8.81,19.06,s,,u,,u,f,f,,d,a
p,6.43,p,y,g,f,,,w,11.63,13.76,,s,w,,,t,z,,g,w
p,2.58,x,g,e,f,a,,w,6.43,2.47,,,w,,,f,f,,d,a
p,1.32,x,s,y,f,f,f,f,3.92,5.42,,,y,,,f,f,,d,a
p,3.99,f,t,n,f,x,c,p,6.41,4.7,,i,g,,,f,f,,g,u
e,1.64,f,w,n,f,,d,g,5.11,2.57,,,w,,,f,f,,d,s
e,11.68,f,s,w,f,e,c,p,24.28,12.61,,s,w,,,t,e,,g,a
p,2.56,f,t,y,f,a,,y,4.33,4.87,,t,y,,,f,f,,m,u
e,7.68,o,,n,f,,,w,4.17,22.42,,,n,,,f,f,,d,u
p,4.52,x,,e,f,x,,w,4.36,6.88,,,w,,,f,f,,d,a
p,14.89,x,g,e,f,e,,w,17.78,18.07,s,y,w,u,w,t,g,,d,w
p,5.11,f,,y,f,s,d,y,4.75,12.13,,i,y,,,f,f,,d,a
p,5.6,f,,y,f,s,d,y,6.14,12.73,,i,y,,,f,f,,d,a
p,2.81,s,s,w,f,d,c,w,3.11,7.62,,,w,,,f,f,,g,a
e,3.48,x,s,w,f,d,d,w,3.75,6.15,,,w,,,f,f,,m,w
e,10.83,f,y,e,f,,,w,5.75,24.01,b,,n,,w,t,e,,d,a
p,4.78,c,i,y,f,,c,n,6.23,7.77,,,w,,,f,f,,d,u
e,14.5,x,e,n,f,d,c,w,9.16,25.68,s,,w,,,f,f,,l,a
p,1.32,x,k,n,f,,,n,3.92,1.49,,,n,,,f,f,,d,s
p,0.76,x,g,n,f,a,,p,4.14,1.02,,s,k,,,f,f,,d,a
e,9.62,x,e,y,f,x,c,w,7.91,22.59,,,w,,,f,f,,d,a
e,3.21,x,s,w,f,d,d,w,3.32,5.51,,,w,,,f,f,,g,w
p,9.88,x,y,y,f,a,c,y,12.49,13.49,,y,n,,,t,,,d,u
e,7.55,f,s,w,f,e,c,p,4.79,11.55,,,w,,w,t,e,,g,a
p,1.89,x,y,o,f,a,,o,2.27,4.73,,,o,,,f,f,,m,a
p,4.0,s,k,n,f,p,,n,2.9,4.19,,k,n,,,t,f,,d,u
e,1.74,f,w,g,f,,d,g,4.95,2.63,,,w,,,f,f,,d,u
p,2.49,b,g,y,f,,c,n,6.55,3.24,,,n,,,f,f,,m,s
p,11.4,x,e,y,t,p,,o,9.11,33.79,,,u,,,f,f,,d,u
p,14.76,s,k,w,t,d,d,n,7.4,28.34,,,w,,,f,f,,d,a
e,6.86,f,,e,f,x,c,w,5.58,16.45,,s,w,,,f,f,,d,u
e,6.0,s,w,y,f,f,f,f,5.91,15.32,,,y,,,f,f,,d,u
e,2.85,x,,b,f,,d,w,5.74,4.17,,,w,,,f,f,,d,a
e,6.38,f,s,n,f,s,c,w,6.24,9.29,b,i,n,,,f,f,,d,u
p,3.79,x,t,o,f,a,c,n,4.08,5.46,,y,n,,,t,z,,d,w
e,10.6,f,,n,f,s,c,u,8.47,21.89,,,u,,,f,f,,d,a
e,9.61,f,y,n,f,,,w,6.34,24.85,b,,n,,w,t,e,,d,w
p,5.94,x,s,e,f,e,,k,6.88,8.51,,,k,,,f,f,,m,a
e,14.2,x,s,w,f,a,d,k,7.0,22.23,,,w,,,f,f,w,d,a
p,2.64,x,d,w,f,a,d,p,3.7,2.57,,h,w,,,f,f,,g,a
e,4.91,s,,n,f,d,c,w,4.69,7.25,,s,w,,,f,f,,l,a
e,3.29,b,g,g,f,a,d,g,4.89,2.6,,s,g,,,f,f,,d,a
e,6.47,x,h,y,t,x,c,y,7.85,15.83,,,w,,,f,f,,d,u
e,12.32,f,s,w,f,e,c,p,17.35,11.97,,s,w,,,t,e,,g,u
p,7.04,f,t,n,f,x,c,y,7.31,17.32,,,y,,,f,f,,d,a
p,6.16,s,d,y,f,d,c,o,3.77,6.12,,,o,,,f,f,,h,u
p,5.43,x,s,e,f,e,,k,8.04,8.03,,,o,,,f,f,,g,u
p,8.35,s,h,r,t,d,,g,4.61,12.9,,t,n,,,f,f,,d,u
e,8.03,x,d,e,t,p,,r,5.76,11.64,,,y,,,f,f,,d,u
e,9.9,f,,l,f,s,c,b,7.12,19.91,,,b,,,f,f,,d,a
e,1.54,c,g,n,f,a,,g,4.74,1.34,,,g,,,f,f,,l,u
p,8.87,s,t,p,t,d,c,p,8.69,16.17,,,p,,,t,f,,d,u
e,4.88,x,,r,f,a,,r,6.68,7.66,,,l,,,f,f,,l,a
p,2.37,f,d,b,f,x,c,w,3.73,2.72,b,i,n,,,f,f,,d,a
e,6.94,s,l,w,f,d,,w,3.29,7.99,,,w,,,f,f,,g,u
p,11.08,s,t,n,t,d,c,n,4.88,26.23,,,r,,,f,f,,d,a
p,2.81,b,,n,f,a,,k,8.39,2.59,,,g,,w,f,f,k,g,a
e,50.03,o,y,y,f,p,,y,6.19,25.54,,k,k,,,f,f,,d,s
e,16.9,p,d,o,f,p,,n,17.1,35.42,s,y,w,,,f,f,,d,u
p,6.81,x,e,e,f,a,,y,8.29,10.75,,,e,,w,t,z,,d,a
p,8.96,x,e,n,t,p,,e,6.31,24.09,,,e,,,f,f,,d,u
e,6.78,x,i,n,f,e,c,p,4.14,11.62,,,w,,,t,r,,w,u
p,3.19,s,d,w,f,a,d,w,3.15,2.35,,h,w,,,f,f,,g,u
p,7.82,p,,n,f,p,,w,6.9,21.34,c,,n,,,f,f,w,d,a
e,3.8,x,k,n,f,p,,n,5.18,10.56,,,n,,,f,f,,d,a
p,2.56,f,,b,f,x,,w,4.58,6.2,,,w,,,f,f,,d,a
p,8.24,s,h,r,t,d,,w,4.76,13.11,,t,n,,,f,f,,d,u
p,6.0,f,t,e,f,x,,w,14.61,6.83,r,g,n,,,f,f,,d,a
e,1.03,p,g,w,f,,,g,3.05,1.53,,,w,,,f,f,,d,a
p,6.59,x,g,n,f,e,,w,8.28,15.21,,y,w,u,w,t,p,,d,u
p,2.27,x,g,e,f,a,,w,5.44,2.23,,,w,,,f,f,,d,a
e,13.7,p,s,n,t,e,,n,10.97,17.65,s,,w,,,t,r,,m,u
p,5.49,x,w,e,f,x,,w,16.26,8.15,r,g,n,,,f,f,,d,u
p,2.41,x,g,n,f,a,,p,6.94,2.75,,,n,,,f,f,,d,a
p,2.7,o,l,g,f,f,f,f,0.0,0.0,f,f,f,,,f,f,,d,s
p,4.07,o,s,w,f,,c,w,0.0,0.0,f,f,f,,,f,f,n,d,u
e,4.39,c,h,n,f,e,,w,11.79,12.23,,s,n,u,w,f,f,,d,u
e,5.49,x,w,y,f,f,f,f,3.44,9.89,,,y,,,f,f,,d,u
p,2.91,o,s,g,f,f,f,f,0.0,0.0,f,f,f,,,t,f,,d,u
e,4.21,x,s,b,f,x,c,w,5.98,9.03,,s,n,,,f,f,,l,a
p,9.6,x,,n,f,p,,w,9.85,30.56,c,,n,,,f,f,p,d,a
p,3.63,x,i,e,f,,,e,4.39,5.88,,,e,,,f,f,n,d,a
p,3.38,x,i,e,f,,,e,3.67,4.13,,,e,,,f,f,n,d,a
e,47.6,o,y,y,f,p,,y,6.65,39.76,,k,n,,,f,f,,d,s
p,2.3,c,,u,f,a,c,w,3.65,3.64,,i,w,,,f,f,,p,a
e,7.74,s,t,w,t,d,c,o,5.1,16.88,,,w,,,f,f,,d,u
p,4.95,o,s,o,f,f,f,f,0.0,0.0,f,f,f,,,t,f,,d,u
e,9.5,x,i,n,t,e,,p,9.08,18.24,,y,w,,,t,p,,d,a
e,3.08,s,,y,f,f,f,f,6.07,6.93,,,y,,,f,f,,d,a
p,6.4,p,y,g,f,,,k,10.46,13.21,,s,w,,,t,z,,d,u
p,2.8,x,t,n,f,s,c,n,5.21,7.21,,,w,,n,t,z,,d,a
p,3.23,x,t,n,f,s,c,p,4.99,6.16,,,w,,n,t,z,,d,u
p,14.28,f,g,e,f,e,,w,17.55,17.58,s,y,w,u,w,t,p,,d,a
p,3.9,x,i,e,f,,,e,4.97,5.74,,,e,,,f,f,n,d,a
e,10.56,x,s,n,t,p,,n,8.24,18.18,,,n,,w,t,p,,d,a
p,5.59,f,,n,f,d,c,w,5.86,9.78,b,,n,,,f,f,,l,a
p,9.9,p,,n,f,p,,w,8.87,30.63,c,,n,,,f,f,p,d,a
e,2.73,b,y,n,f,,c,k,6.89,3.31,,,w,,,f,f,,d,a
e,8.88,f,e,b,f,,c,b,5.02,18.68,,,w,,,t,f,,d,a
e,8.73,f,s,n,f,d,d,w,8.35,11.92,,i,n,,,t,,w,d,u
p,3.06,s,w,o,t,d,c,n,3.16,6.17,,,n,,,f,f,,d,a
p,4.32,o,,w,f,f,f,f,5.45,30.2,,g,w,,,t,f,,d,a
p,1.1,b,t,y,f,,c,g,3.66,2.67,,,n,,,t,f,,m,u
e,15.68,s,e,g,f,a,c,w,11.0,28.78,s,,w,,,f,f,,d,a
p,6.84,s,,o,t,d,,o,5.42,11.68,,,w,,,t,f,,d,a
e,4.18,x,k,n,f,p,,y,4.72,9.73,,,y,,,f,f,,d,a
p,3.97,x,t,o,f,a,c,n,4.61,6.68,,y,n,,,t,z,,d,a
p,4.51,b,h,n,f,,,k,10.19,5.91,,,w,,,t,,k,g,u
p,2.96,s,s,w,f,d,c,w,2.47,6.6,,,w,,,f,f,,g,a
p,3.9,f,d,b,f,x,c,w,5.39,3.81,b,i,n,,,f,f,,d,u
p,3.34,x,,w,f,x,c,p,8.59,4.46,,,n,,,f,f,,l,a
p,4.25,s,,u,f,a,,w,4.39,7.92,,,y,,,f,f,,d,u
e,1.55,f,w,n,f,,d,k,5.13,2.43,,,w,,,f,f,,d,s
p,9.41,x,y,n,f,a,c,y,10.34,9.17,,y,y,,,t,,,d,u
e,6.39,f,h,g,f,s,d,g,5.09,9.55,,s,g,,,f,f,,d,a
p,0.8,x,,o,f,d,,o,4.2,0.9,,,y,,,f,f,w,g,u
p,2.9,x,y,n,f,a,,w,6.01,3.68,,y,y,,,t,r,,h,u
p,7.01,f,d,n,f,a,c,n,5.56,6.81,,i,y,,,t,,,d,a
p,3.47,s,k,y,f,p,,n,2.38,4.45,,k,n,,,t,f,,d,u
p,8.04,s,,o,t,d,,o,4.57,12.49,,,w,,,t,f,,d,a
p,2.37,o,l,g,f,f,f,f,0.0,0.0,f,f,f,,,f,f,,d,s
p,6.72,f,y,y,f,s,c,y,5.1,10.13,,y,y,,,f,f,,d,a
e,10.77,s,,w,t,d,c,p,5.91,24.2,,,w,,,f,f,,d,a
p,12.98,f,,g,f,e,,w,11.0,14.33,,,w,u,w,t,g,,d,u
p,10.77,f,h,r,f,,c,w,11.13,15.34,,,w,u,w,t,p,,d,u
p,7.78,p,g,n,f,e,,w,7.81,14.95,,y,w,u,w,t,p,,d,a
p,3.38,x,y,n,f,a,,w,5.35,3.41,,y,n,,,t,r,,g,u
p,3.19,b,y,n,f,e,c,n,3.12,3.28,,k,w,,,t,e,,m,u
e,4.1,x,,y,f,a,c,y,4.2,7.79,,,w,,,f,f,,d,u
e,11.51,x,y,n,f,,,w,7.45,25.32,b,,n,,w,t,e,,d,w
p,18.47,x,k,w,t,d,d,n,6.92,31.34,,,w,,,f,f,,d,a
e,2.6,x,,b,f,,d,u,5.86,4.75,,,w,,,f,f,,d,a
e,6.42,f,d,o,f,d,d,o,5.78,12.85,,,w,,,f,f,,m,w
e,10.59,f,e,b,f,,c,b,5.12,19.3,,,w,,,t,f,,d,a
p,1.58,x,g,y,f,d,d,n,1.79,2.28,,s,n,,,f,f,,h,u
p,7.23,f,,r,f,x,c,y,6.65,11.31,,,w,,,f,f,,d,a
p,18.73,x,t,r,t,d,c,w,5.06,24.02,,,r,,,f,f,,l,a
p,7.17,x,s,r,t,s,d,w,6.99,16.1,r,i,n,,,f,f,,d,u
e,6.09,f,s,n,f,x,c,w,6.32,9.49,,s,n,,,f,f,,l,w
p,5.92,s,d,o,f,d,c,o,3.34,6.35,,,y,,,f,f,,h,u
p,0.81,x,g,n,f,a,,p,4.4,1.02,,h,k,,,f,f,,d,a
p,6.08,x,e,e,f,a,,y,7.71,10.02,,,n,,w,t,z,,d,a
e,4.2,x,,n,f,x,c,n,8.22,8.95,b,,w,,w,t,,,d,s
p,12.32,f,,g,f,e,,w,11.31,14.92,,,w,u,w,t,e,,d,u
p,4.85,x,,y,f,s,d,y,4.99,11.65,,i,y,,,f,f,,d,a
p,3.22,o,,g,f,f,f,f,3.47,13.97,,g,n,,,f,f,,d,u
p,0.71,x,,o,f,d,,o,4.38,1.09,,,y,,,f,f,w,g,a
p,4.28,o,,w,f,f,f,f,5.38,30.45,,g,w,,,t,f,,p,a
p,3.31,f,d,p,f,a,,y,5.59,5.94,,t,r,,,f,f,,m,a
p,5.18,c,e,y,t,x,c,y,6.53,11.77,,,w,,,f,f,,g,u
p,5.29,o,t,n,f,,c,w,0.0,0.0,f,f,f,,,f,f,n,d,a
e,9.66,f,s,w,f,s,c,w,6.47,33.51,,,w,,,f,f,,d,s
e,10.1,p,y,w,f,e,c,p,22.88,12.77,,s,w,,,t,e,,g,u
p,3.54,x,t,n,f,a,c,n,4.59,6.47,,y,n,,,t,z,,d,w
p,4.28,b,h,n,f,,,k,8.34,6.18,,,w,,,t,,k,g,w
p,6.03,x,h,e,f,x,d,w,5.22,17.29,b,,w,,,f,f,,d,a
p,8.34,s,t,p,t,d,c,p,7.69,14.14,,,p,,,t,f,,d,u
p,3.34,s,w,u,f,a,c,u,6.35,7.35,,s,u,,,f,f,,l,a
p,13.54,f,k,w,t,d,d,n,5.42,27.02,,,w,,,f,f,,d,w
p,8.37,f,h,r,f,,c,w,11.4,15.08,,,w,u,w,t,g,,d,a
p,1.49,x,k,n,f,,,n,3.17,1.49,,,n,,,f,f,,d,a
e,5.96,s,,n,f,d,c,w,5.28,7.91,,s,w,,,f,f,,d,a
p,8.56,s,t,n,t,d,,g,4.76,13.05,,t,g,,,f,f,,d,u
p,8.46,f,h,r,f,,c,w,10.54,13.25,,,w,u,w,t,p,,d,a
e,9.22,x,t,y,f,p,,y,6.79,14.76,,,y,,y,t,,,d,u
p,7.89,x,s,n,f,s,,g,5.56,7.0,,y,n,,,f,f,,d,w
e,6.42,s,l,w,f,d,,w,3.24,9.64,,,w,,,f,f,,d,u
e,14.33,f,,g,f,d,c,y,2.75,15.8,,,w,,,f,f,,d,a
p,19.1,x,k,w,t,d,d,w,8.05,31.89,,,w,,,f,f,,d,a
e,9.44,s,t,p,t,d,c,o,5.61,17.3,,,w,,,f,f,,d,u
e,21.68,p,d,n,f,p,,n,16.22,36.28,s,y,w,,,f,f,,d,u
e,11.55,f,y,w,f,e,c,p,17.1,12.04,,s,w,,,t,e,,d,a
p,9.78,x,i,n,f,a,,n,9.28,15.29,s,,n,,n,f,f,,h,a
p,8.48,x,,u,t,x,,n,8.88,19.02,s,,n,,u,f,f,,d,a
p,3.29,x,i,e,f,,,e,4.6,5.58,,,e,,,f,f,n,d,a
e,3.61,f,t,n,f,d,,o,5.05,5.05,,t,w,,,f,f,,d,a
e,1.57,c,g,n,f,a,,g,5.56,1.5,,,g,,,f,f,,l,a
e,5.35,x,h,g,f,a,d,n,5.65,4.6,,t,g,,,t,l,,d,a
e,10.58,f,e,b,f,,c,b,5.21,22.38,,,w,,,t,f,,d,a
p,8.23,p,y,n,f,,,p,15.55,19.15,,,w,,,f,f,,d,a
p,8.62,x,i,y,f,a,,o,12.59,23.72,r,,y,,,t,r,n,d,w
e,6.15,f,d,b,f,d,d,o,5.45,11.78,,,w,,,f,f,,m,w
p,6.75,f,,n,f,d,c,y,5.16,10.35,b,,n,,,f,f,,d,w
p,1.21,b,t,y,f,,c,k,4.04,2.55,,,n,,,t,f,,m,a
e,10.83,x,h,n,t,p,,y,7.84,22.66,,,n,,,f,f,,d,u
p,8.16,f,t,e,f,x,d,w,6.26,18.97,b,,w,,,f,f,,d,u
p,7.65,x,,u,t,x,,n,8.91,19.73,s,,u,,u,f,f,,d,a
e,4.48,x,t,n,f,d,,o,6.44,8.41,,t,o,,,f,f,,d,a
e,16.13,f,e,n,f,a,c,w,9.0,25.79,s,,w,,,f,f,,l,w
e,6.26,x,s,b,f,x,c,w,7.51,9.35,,s,n,,,f,f,,l,a
p,1.51,x,,n,f,,,k,4.87,2.58,,s,n,,,f,f,k,g,a
p,4.93,f,k,y,f,p,,n,3.04,4.38,,k,n,,,t,f,,d,u
p,8.32,x,h,e,f,x,d,w,6.31,17.58,b,,w,,,f,f,,d,u
e,6.01,p,y,w,f,e,c,p,5.64,12.67,,,w,,w,t,e,,m,u
p,2.01,b,,g,f,a,,g,5.18,2.04,,s,g,,,f,f,,d,u
e,5.27,x,d,y,t,p,,y,5.56,11.75,,,y,,,f,f,,d,a
e,1.28,x,w,n,f,,d,g,4.2,2.32,,,w,,,f,f,,d,w
e,13.96,x,e,n,t,e,,w,9.11,17.69,,,w,,,t,,,d,u
p,4.57,o,k,r,f,,c,y,1.41,13.49,,,n,,,f,f,,d,w
e,4.91,x,,n,f,x,c,n,8.54,10.35,b,,n,,w,t,,,g,s
e,5.96,x,d,n,t,p,,y,6.25,12.29,,,y,,,f,f,,d,u
e,6.07,x,h,g,f,a,d,n,4.88,3.98,,t,w,,,t,l,,d,w
p,6.19,x,y,w,t,,,w,7.48,11.69,s,,w,,,t,l,,d,a
p,8.59,f,h,n,f,x,,w,15.6,8.25,r,g,n,,,f,f,,d,a
p,1.7,b,g,y,f,,c,n,5.78,2.84,,,n,,,f,f,,g,s
e,7.21,f,w,y,f,f,f,f,4.19,15.41,,,y,,,f,f,,d,u
p,11.3,f,,w,f,x,c,w,11.58,13.71,r,i,w,,,f,f,,d,u
e,3.01,x,h,e,f,a,c,e,4.61,6.2,,,e,,,f,f,,g,u
p,0.86,x,g,o,f,,,y,3.35,0.69,,,w,,,f,f,,d,u
p,4.5,b,y,e,f,e,c,w,5.14,3.79,,k,w,,,t,e,,m,u
p,2.71,b,,n,f,a,,n,9.84,2.64,,,n,,w,f,f,k,g,u
p,3.61,o,,w,f,f,f,f,5.17,28.0,,g,w,,,t,f,,p,a
p,17.34,x,d,e,f,p,,y,5.34,44.88,,,n,,,f,f,,d,a
p,2.25,f,t,n,f,,,n,6.94,2.97,,,y,,,f,f,,g,u
e,7.11,f,s,w,f,e,c,n,5.31,12.84,,,w,,w,t,e,,g,a
e,7.74,f,g,o,f,s,,y,8.47,12.56,,t,n,,,f,f,,d,a
e,6.29,x,,w,f,e,,w,5.9,12.07,b,,y,u,y,t,g,,d,a
e,9.01,x,y,y,f,,,w,5.88,23.18,b,,n,,w,t,e,,d,w
e,5.68,c,h,n,f,e,,w,10.87,11.25,,s,n,u,w,f,f,,d,u
e,5.35,p,s,w,f,e,c,p,4.58,12.68,,,w,,w,t,e,,m,a
e,5.09,x,h,n,f,x,c,n,4.61,5.84,,s,n,,,t,r,,d,a
e,4.58,f,t,n,f,d,,o,6.58,9.09,,t,o,,,f,f,,d,a
e,4.71,x,,n,f,x,c,n,8.09,9.72,b,,w,,w,t,,,g,a
p,9.54,s,t,r,t,d,c,n,5.3,12.88,,,n,,,f,f,,d,a
e,0.73,f,g,e,t,a,,w,5.42,0.93,,,n,,,f,f,,d,u
e,10.72,p,y,w,f,e,c,w,18.82,12.29,,s,w,,,t,e,,u,a
p,7.91,x,y,w,t,,,n,8.53,13.84,s,,w,,,t,l,,g,a
e,5.95,x,w,y,f,f,f,f,5.88,15.12,,,y,,,f,f,,d,a
e,15.09,f,t,w,f,a,d,y,6.43,23.17,,,w,,,f,f,w,d,u
e,4.33,f,y,g,f,s,,y,4.0,6.66,,,w,,,f,f,,d,a
p,2.87,x,t,n,f,s,c,n,5.2,7.88,,,w,,n,t,z,,d,a
e,4.96,o,,n,f,f,f,f,6.34,21.6,,,n,,,f,f,,d,s
p,6.97,s,d,n,t,d,c,w,5.98,9.32,,,n,,,f,f,,d,a
e,8.65,f,,p,f,x,c,w,8.5,22.14,,s,w,,,f,f,,d,u
p,7.81,f,w,p,f,s,c,p,4.45,10.32,,,p,,,f,f,,d,a
p,8.38,x,y,w,t,,,p,8.47,16.13,s,,w,,,t,l,,g,a
e,5.4,x,l,w,f,d,,w,3.8,9.96,,,w,,,f,f,,d,u
e,8.22,f,s,n,f,s,c,w,6.69,10.56,b,i,w,,,f,f,,l,u
p,4.47,f,l,n,f,x,d,y,5.12,4.89,,,y,,,f,f,,l,u
p,4.72,o,s,n,f,f,f,f,0.0,0.0,f,f,f,,,t,f,,d,u
p,6.15,p,g,n,f,e,,w,7.16,13.02,,y,w,u,w,t,p,,d,a
p,6.08,s,d,e,t,d,c,n,6.32,8.81,,,n,,,f,f,,d,a
e,4.82,f,,n,f,x,c,u,6.59,4.01,,,w,,,f,f,,d,u
p,2.16,b,g,y,f,,c,n,4.64,2.41,,,n,,,f,f,,m,s
e,9.04,f,,g,f,s,c,g,7.0,21.65,b,,u,,,f,f,,g,w
p,7.63,b,t,w,f,e,c,w,14.04,13.76,,y,w,u,w,t,e,,d,a
p,7.05,f,t,n,f,x,c,y,5.21,13.3,,,y,,,f,f,,d,a
e,11.81,x,h,n,t,p,,y,9.23,23.1,,,n,,,f,f,,d,u
p,1.02,b,t,n,f,,c,g,3.2,2.45,,,n,,,t,f,,m,a
p,5.01,c,k,y,t,x,c,r,6.8,12.09,,,w,,,f,f,,d,u
e,8.82,f,s,u,f,a,c,w,4.86,16.4,,,w,,,f,f,,d,u
e,7.93,f,,n,t,,,w,10.85,13.66,b,,w,u,w,t,g,,d,u
e,7.55,x,s,n,f,e,c,w,6.37,9.99,,i,n,,,f,f,p,d,w
p,6.48,s,d,n,t,d,c,n,8.32,11.13,,,n,,,f,f,,d,a
p,18.68,s,k,n,f,d,c,y,5.92,37.25,,k,k,,,f,f,,d,a
p,6.59,s,,y,t,d,,o,5.04,12.26,,,w,,,t,f,,d,u
e,8.61,x,h,n,f,p,d,y,6.78,12.9,,s,n,,,f,f,,d,u
e,10.5,f,s,r,f,x,,n,4.67,20.27,,,w,,,f,f,,d,a
e,5.35,x,,w,f,d,,r,5.92,7.15,,,w,,,f,f,,d,a
p,8.78,x,y,y,f,a,c,n,11.22,10.9,,y,n,,,t,,,d,a
p,3.42,b,,g,f,a,,n,8.61,2.6,,,g,,w,f,f,k,g,u
e,4.03,f,d,g,t,d,c,p,4.82,7.06,,,g,,,f,f,,d,u
p,4.13,f,k,w,f,s,,p,4.38,3.29,,,n,,,f,f,p,g,a
p,6.24,o,t,y,f,,c,o,1.45,14.98,,,n,,,f,f,,d,w
p,12.11,x,t,n,f,a,d,w,11.76,34.02,,,w,,,f,f,,d,a
p,11.16,o,,n,f,f,f,f,4.01,24.81,,g,n,,,f,f,,d,s
e,7.88,x,t,n,f,p,d,y,6.65,11.96,,s,n,,,f,f,,g,u
p,0.67,x,g,e,f,a,,n,3.57,0.97,,s,k,,,f,f,,d,a
p,0.69,x,g,p,f,a,,p,3.78,0.93,,h,k,,,f,f,,d,u
e,1.67,c,g,n,f,a,,w,4.8,1.44,,,g,,,f,f,,l,a
e,5.24,s,,n,f,d,c,w,4.57,7.41,,s,w,,,f,f,,l,a
p,10.78,x,i,o,f,a,,o,8.47,20.69,r,,y,,,t,r,n,d,u
p,3.41,b,w,y,f,a,,r,5.44,6.72,,t,r,,,f,f,,d,u
e,7.37,p,,g,f,a,,w,7.19,13.21,,,w,,,f,f,,d,a
e,8.15,p,y,w,f,e,c,k,5.66,12.73,,,w,,w,t,e,,g,a
e,4.74,x,h,o,f,a,d,y,7.77,5.88,,s,o,,,f,f,,d,a
p,13.19,x,h,w,f,s,,p,6.7,15.55,,i,n,,,f,f,,d,u
p,2.34,p,t,n,f,a,c,g,6.31,2.46,,t,y,,,t,e,,m,u
p,8.65,p,y,n,f,,,p,15.93,18.1,,,w,,,f,f,,d,a
e,21.57,x,d,o,f,p,,w,14.47,34.85,s,y,w,,,f,f,,d,u
e,12.06,f,,g,f,d,c,y,2.55,15.06,,,w,,,f,f,,d,a
p,0.79,b,t,n,f,,c,g,2.58,2.29,,,n,,,t,f,,m,a
e,1.53,c,g,n,f,a,,g,4.95,1.28,,,g,,,f,f,,l,a
e,4.71,x,,w,f,x,c,n,8.25,10.18,b,,w,,w,t,,,g,u
p,1.91,p,t,n,f,a,c,g,6.62,2.43,,t,y,,,t,e,,m,a
e,0.78,x,g,n,t,a,,p,5.0,0.98,,,n,,,f,f,,d,u
p,2.63,x,s,w,f,d,c,w,3.32,8.68,,,w,,,f,f,,g,a
e,8.52,f,s,o,f,s,,n,9.15,12.55,,t,o,,,f,f,,d,a
p,4.89,f,,b,f,x,,w,6.38,7.02,,,w,,,f,f,,d,u
p,5.39,c,k,w,t,x,c,r,5.34,11.68,,,w,,,f,f,,d,s
p,2.5,x,g,n,f,a,,w,5.75,2.27,,,w,,,f,f,,d,a
p,5.22,x,e,e,f,a,,y,7.85,9.34,,,e,,w,t,z,,d,a
e,9.32,f,,p,f,x,c,w,6.95,19.0,,s,w,,,f,f,,d,a
e,11.08,x,s,y,f,d,d,w,8.16,13.08,,i,n,,,t,,w,d,a
p,1.64,b,h,n,f,a,,n,4.76,1.46,,t,n,,,f,f,,h,s
p,6.49,c,k,w,t,x,c,p,6.65,12.34,,,w,,,f,f,,d,u
p,7.41,x,d,e,t,d,c,w,9.27,11.14,,,e,,,f,f,,d,a
e,0.88,p,g,w,f,,,g,3.14,1.33,,,w,,,f,f,,d,a
p,7.02,o,k,n,f,,c,o,1.47,15.38,,,y,,,f,f,,d,a
p,1.03,x,g,w,f,a,d,w,3.2,1.53,,,e,,,f,f,,l,u
p,1.63,b,h,n,f,a,,n,4.45,1.4,,t,n,,,f,f,,h,u
e,3.41,x,h,n,f,,c,k,6.24,6.13,,s,w,,w,f,f,k,d,a
p,5.97,f,,y,f,s,d,y,5.26,15.25,,i,y,,,f,f,,d,a
p,3.2,f,w,o,t,d,c,y,3.54,6.23,,,n,,,f,f,,d,a
p,5.91,x,y,w,t,,,w,8.09,12.62,s,,w,,,t,l,,g,u
e,1.61,c,g,n,f,a,,g,5.43,1.53,,,g,,,f,f,,d,a
e,10.43,x,e,y,f,x,c,w,7.78,21.53,,,w,,,f,f,,d,u
e,9.55,x,s,n,t,p,,n,7.94,17.99,,,n,,w,t,p,,d,a
e,18.54,x,e,n,f,d,c,w,9.71,26.6,s,,w,,,f,f,,l,w
p,7.43,x,e,e,f,a,,g,8.67,10.73,,,y,,w,t,z,,d,a
p,3.55,x,y,y,f,a,,w,6.16,3.83,,y,n,,,t,r,,g,u
e,6.05,x,i,n,f,e,c,p,4.9,13.19,,,w,,,t,r,,w,a
p,17.49,x,k,w,t,d,d,n,7.05,32.3,,,w,,,f,f,,d,u
e,4.45,f,,n,f,x,c,n,7.18,4.09,,,w,,,f,f,,d,u
e,1.7,x,t,y,f,d,,w,6.21,2.5,,t,y,,,f,f,,g,a
p,10.52,x,i,o,f,a,,o,12.07,20.8,r,,y,,,t,r,n,d,a
p,4.13,o,s,r,f,f,f,f,0.0,0.0,f,f,f,,,t,f,,d,u
p,6.07,s,t,n,t,d,,g,4.34,12.53,,t,g,,,f,f,,d,a
e,1.56,f,w,n,f,,d,g,5.09,2.56,,,w,,,f,f,,g,w
p,1.62,b,h,n,f,a,,n,4.24,1.5,,t,n,,,f,f,,h,s
p,2.54,b,,g,f,a,,n,7.46,2.37,,,n,,w,f,f,k,g,a
e,11.16,x,h,n,t,p,,y,8.23,22.36,,,n,,,f,f,,d,a
p,13.46,f,,g,f,e,,w,10.91,17.07,,,w,u,w,t,e,,d,a
p,3.62,o,,w,f,f,f,f,5.32,28.15,,g,w,,,t,f,,d,u
p,2.11,x,i,e,f,,,e,3.52,5.07,,,e,,,f,f,n,d,a
e,3.99,b,g,n,f,a,d,g,5.19,3.33,,s,g,,,f,f,,d,s
e,9.16,f,,e,f,x,c,w,7.54,18.61,,s,w,,,f,f,,d,a
e,13.58,f,y,w,f,,,w,20.46,18.92,s,,n,,,t,m,,m,u
p,5.96,s,d,o,f,d,c,y,4.49,7.13,,,o,,,f,f,,d,u
e,8.67,s,t,w,t,d,c,o,5.87,17.22,,,w,,,f,f,,d,u
p,0.74,x,g,n,f,a,,p,4.13,0.94,,h,k,,,f,f,,d,u
p,7.03,x,,g,t,x,,n,8.94,18.44,s,,u,,u,f,f,,d,a
p,5.11,x,k,n,f,a,c,y,4.64,5.6,,i,n,,,t,,,d,a
p,3.87,b,t,n,f,x,c,p,5.67,3.87,,i,g,,,f,f,,m,a
p,7.63,f,y,e,f,s,c,y,7.62,20.46,,y,e,,,f,f,,d,a
p,8.05,b,y,w,f,,,k,13.93,17.67,,,w,,,f,f,,d,a
p,7.03,f,,n,f,d,c,w,6.96,12.05,b,,n,,,f,f,,l,w
p,9.22,o,,n,f,f,f,f,3.86,23.97,,g,n,,,f,f,,d,u
p,6.99,p,,n,f,p,,w,10.8,30.24,c,,n,,,f,f,p,d,a
p,4.4,x,,e,f,,c,g,3.22,12.29,,,y,,,f,f,,d,a
e,7.13,f,s,k,f,a,c,w,4.19,14.81,,,w,,,f,f,,d,u
p,3.28,x,s,y,f,,c,r,7.7,7.1,,,y,u,w,t,z,r,d,a
e,2.84,b,y,n,f,,c,k,6.03,2.64,,,w,,,f,f,,d,w
e,8.43,x,h,n,f,p,d,y,7.59,12.71,,s,n,,,f,f,,h,a
p,5.1,f,d,e,t,d,c,y,5.12,7.41,,,n,,,f,f,,d,a
p,5.76,f,k,y,f,p,,n,4.05,6.68,,k,n,,,t,f,,d,u
e,10.77,x,h,y,f,p,,y,8.73,15.07,,,y,,y,t,,,d,a
p,4.07,x,t,n,f,a,c,n,4.63,6.48,,y,n,,,t,z,,d,a
e,6.57,x,s,b,f,x,c,w,7.39,10.56,,s,n,,,f,f,,l,w
p,6.08,s,k,y,f,p,,n,3.69,6.46,,k,n,,,t,f,,d,u
p,2.83,x,g,e,f,a,,p,7.86,2.59,,,n,,,f,f,,d,u
e,8.62,s,,n,f,s,c,g,6.52,19.1,b,,u,,,f,f,,g,w
e,10.1,x,s,n,t,e,,g,8.51,17.13,s,,w,,,t,r,,m,u
e,10.34,p,y,w,f,e,c,p,16.75,11.79,,s,w,,,t,e,,u,a
p,9.07,p,y,n,f,,,p,13.69,17.28,,,w,,,f,f,,d,a
e,8.41,x,,w,f,e,,w,5.93,12.15,b,,w,u,w,t,g,,d,a
e,6.17,s,,n,f,d,c,w,4.73,8.16,,s,w,,,f,f,,h,u
e,9.13,f,t,o,f,s,,y,8.91,12.25,,i,n,,,f,f,,d,a
e,45.25,o,y,y,f,p,,y,7.07,31.2,,k,k,,,f,f,,d,u
p,10.36,x,,n,f,p,,p,10.24,28.71,c,,n,,,f,f,w,d,a
p,6.77,x,s,r,t,s,d,r,4.75,14.82,r,y,n,,,f,f,,d,a
p,1.0,b,t,y,f,,c,k,3.8,2.65,,,n,,,t,f,,m,a
p,2.16,b,g,y,f,,c,n,6.38,3.6,,,n,,,f,f,,d,u
e,9.75,x,s,y,f,d,d,w,9.36,15.13,,i,n,,,t,,w,d,w
e,7.85,f,h,n,f,s,,y,9.05,13.77,,t,o,,,f,f,,d,a
p,4.04,f,t,n,f,x,c,p,6.03,4.3,,i,n,,,f,f,,g,u
p,0.59,f,,o,f,d,,o,4.53,0.95,,,o,,,f,f,w,g,a
p,5.49,x,,w,f,,c,w,3.5,12.06,,,y,,,f,f,,d,a
p,2.18,b,,g,f,a,,g,4.74,1.92,,s,g,,,f,f,,d,a
p,2.08,p,t,n,f,a,c,g,8.77,2.53,,t,y,,,t,e,,m,s
e,3.53,f,d,p,t,d,c,p,5.21,6.5,,,n,,,f,f,,d,u
p,7.08,x,i,y,f,a,c,n,7.16,7.43,,i,n,,k,t,z,k,g,u
p,3.27,x,i,e,f,,,e,3.73,5.17,,,e,,,f,f,n,d,a
e,11.38,x,e,y,f,x,c,w,7.06,21.88,,,w,,,f,f,,d,u
p,9.29,x,i,n,f,a,,n,9.96,15.27,s,,n,,n,f,f,,d,a
p,11.92,x,,n,f,e,,w,10.62,13.53,,,w,u,w,t,e,,d,a
e,4.63,x,y,g,f,s,,g,3.68,7.3,,,w,,,f,f,,d,a
p,7.41,x,h,e,f,x,d,w,5.36,17.34,b,,w,,,f,f,,d,u
p,2.25,b,g,n,f,,c,n,5.77,3.24,,,n,,,f,f,,g,u
p,4.52,c,i,y,f,,c,n,5.9,7.09,,,w,,,f,f,,d,u
p,4.55,x,h,n,f,a,c,n,4.81,6.38,,y,o,,,t,z,,d,w
p,3.76,f,,u,f,a,,w,4.26,8.38,,,y,,,f,f,,d,u
p,7.97,f,,r,f,x,c,y,6.64,12.79,,,w,,,f,f,,d,u
p,16.36,x,k,n,t,p,,y,9.91,36.08,c,,y,,,f,f,,d,u
p,12.85,x,g,o,f,e,,w,17.35,16.64,s,y,w,u,w,t,g,,d,u
p,8.6,f,y,y,f,s,c,y,7.92,17.55,,y,e,,,f,f,,d,a
p,7.66,f,h,r,f,,c,w,11.13,15.44,,,w,u,w,t,p,,d,a
p,5.03,f,w,e,f,x,,w,9.81,5.49,r,g,n,,,f,f,,d,a
e,8.9,x,h,y,f,p,,y,7.9,15.16,,,y,,y,t,,,d,u
e,6.45,x,,g,t,p,,g,8.29,22.91,,y,w,,,f,f,,d,a
p,6.44,f,w,p,f,s,c,p,3.44,8.97,,,p,,,f,f,,d,w
p,7.49,s,,r,t,d,,o,4.66,12.57,,,w,,,t,f,,d,u
e,7.31,x,y,n,f,e,c,w,5.46,9.58,,y,n,,,f,f,,d,u
p,6.99,b,y,w,f,,,k,12.91,18.17,,,w,,,f,f,,d,a
p,2.89,s,d,y,f,d,c,y,1.92,5.56,,,o,,,f,f,,d,a
p,7.84,f,w,p,f,s,c,p,4.78,10.09,,,p,,,f,f,,d,a
e,4.37,s,l,n,f,f,f,f,6.95,42.09,,,n,,,f,f,g,d,u
p,3.13,f,d,n,f,x,c,w,4.27,2.92,b,i,n,,,f,f,,d,a
e,50.79,o,y,y,f,p,,y,6.24,27.18,,k,n,,,f,f,,d,u
p,6.04,f,w,e,f,x,,w,12.76,8.0,r,g,n,,,f,f,,d,u
p,2.69,x,y,o,f,d,,y,3.09,5.22,,,o,,,f,f,,h,a
e,1.83,c,g,n,f,a,,w,5.3,1.81,,,g,,,f,f,,l,u
e,3.02,x,d,e,f,a,c,o,4.32,5.94,,,e,,,f,f,,m,a
p,6.58,b,y,n,f,,,g,10.66,13.08,,s,w,,,t,z,,g,s
e,6.56,f,y,n,f,e,c,p,5.0,13.2,,,w,,,t,r,,w,u
p,3.78,x,i,e,f,,,e,4.36,5.6,,,e,,,f,f,n,d,a
p,8.05,x,h,r,f,,c,w,10.85,14.45,,,w,u,w,t,p,,d,u
p,0.87,x,g,n,f,a,,n,4.5,1.13,,s,k,,,f,f,,d,a
p,7.28,x,e,e,f,a,,n,8.33,9.11,,,e,,w,t,z,,d,a
p,3.03,f,d,b,f,x,c,w,5.2,3.69,b,s,n,,,f,f,,d,u
e,3.01,f,d,u,t,d,c,p,3.9,5.27,,,g,,,f,f,,d,a
p,8.15,x,i,n,f,a,,n,9.39,12.73,s,,n,,e,f,f,,d,a
e,4.36,x,d,p,f,a,c,e,3.92,6.32,,,e,,,f,f,,g,w
e,10.0,f,,n,f,s,c,u,7.21,21.86,,,b,,,f,f,,d,w
p,0.65,x,g,o,f,,,y,3.6,0.81,,,y,,,f,f,,d,a
e,5.05,f,y,n,f,s,,w,4.29,7.5,,,w,,,f,f,,d,a
p,9.86,o,,n,f,f,f,f,3.75,25.39,,g,n,,,f,f,,d,s
p,1.42,b,h,n,f,a,,n,4.61,1.37,,t,n,,,f,f,,h,s
p,5.61,x,,y,f,s,d,y,5.66,14.97,,i,y,,,f,f,,d,a
p,3.32,f,s,w,f,d,c,w,3.14,7.17,,,w,,,f,f,,g,u
p,5.3,f,k,n,f,d,c,n,5.29,6.4,,i,y,,,t,,,d,a
e,2.26,f,h,o,f,a,d,w,4.56,3.72,,s,o,,,f,f,,d,a
e,4.0,x,,y,f,a,c,o,4.2,7.88,,,w,,,f,f,,d,u
p,6.11,b,i,k,f,e,,k,7.02,9.02,,,y,,,f,f,,m,a
e,3.48,b,g,n,f,x,d,w,4.06,3.23,,,y,,,f,f,,g,u
e,9.5,x,s,k,f,a,c,w,4.89,18.06,,,w,,,f,f,,d,u
e,2.75,f,y,n,f,d,d,p,6.04,3.4,,i,n,,,f,f,,h,u
e,4.3,x,,w,f,x,c,n,8.08,8.85,b,,w,,w,t,,,d,s
p,2.46,b,t,n,f,,,n,6.97,4.69,,,w,,,t,,k,g,a
p,5.83,f,d,n,t,d,c,y,6.32,7.96,,,e,,,f,f,,d,u
e,4.03,x,d,y,t,p,,y,6.72,13.51,,,y,,,f,f,,d,a
e,9.81,f,,n,f,s,c,u,7.76,19.04,,,u,,,f,f,,d,w
p,2.84,x,y,y,f,a,,w,5.66,3.55,,y,y,,,t,r,,h,u
p,15.21,s,s,n,f,d,c,y,5.28,29.82,,k,n,,,f,f,,d,a
e,1.49,x,w,g,f,,d,k,5.19,2.64,,,w,,,f,f,,d,s
p,6.06,o,t,n,f,,c,o,1.5,13.43,,,y,,,f,f,,d,a
e,9.11,p,s,w,f,e,c,k,16.78,11.94,,s,w,,,t,e,,u,a
p,3.08,b,,k,f,a,,k,9.31,2.51,,,g,,w,f,f,k,g,a
p,2.85,f,w,y,f,a,,y,4.66,4.9,,t,r,,,f,f,,d,a
e,2.7,f,y,n,f,d,d,p,7.71,3.63,,i,n,,,f,f,,h,u
p,6.37,f,d,n,f,d,c,n,6.62,6.83,,i,n,,,t,,,d,u
p,2.58,f,,w,f,a,c,w,3.21,3.27,,i,u,,,f,f,,d,u
p,1.82,b,g,y,f,,c,n,5.03,2.57,,,n,,,f,f,,g,u
p,2.0,b,,n,f,a,,g,4.8,1.85,,s,n,,,f,f,,d,u
e,3.39,x,s,w,f,d,d,w,2.86,5.38,,,w,,,f,f,,g,a
p,4.45,x,h,y,f,a,c,y,5.73,7.53,,g,o,,,f,f,,g,a
e,9.26,s,,g,f,s,c,g,7.24,23.13,b,,u,,,f,f,,g,w
e,8.12,x,h,y,f,p,,y,8.03,16.3,,,y,,y,t,,,d,a
e,6.86,p,,n,f,f,f,f,5.63,20.75,,,n,,,f,f,,l,s
p,2.23,b,,n,f,a,,g,5.49,2.34,,s,n,,,f,f,,d,u
p,1.74,p,t,n,f,a,c,n,7.74,2.61,,t,y,,,t,e,,m,a
p,2.0,c,h,y,f,,,y,7.83,2.9,,,y,,,f,f,,g,a
p,12.43,x,t,r,t,d,c,n,6.07,14.83,,,n,,,f,f,,h,a
e,4.43,b,g,g,f,a,d,g,5.45,3.35,,s,n,,,f,f,,d,s
e,5.29,f,s,e,f,a,d,w,7.81,12.07,,i,n,,,t,,w,d,a
e,15.55,f,y,w,f,,,w,26.41,20.85,s,,n,,,t,m,,d,u
e,6.65,x,,e,f,x,c,w,7.5,18.6,,s,w,,,f,f,,d,u
p,3.27,x,h,l,f,s,c,n,5.62,6.32,,y,n,,,t,e,k,m,a
p,3.05,b,w,u,f,a,c,g,5.73,5.01,,s,u,,,f,f,,l,u
p,2.75,s,w,n,t,d,c,n,2.99,5.48,,,n,,,f,f,,d,a
p,4.11,o,s,r,f,f,f,f,0.0,0.0,f,f,f,,,t,f,,d,u
e,4.12,x,,w,f,a,,r,5.3,7.18,,,l,,,f,f,,l,u
p,6.38,x,d,n,t,d,c,n,8.41,9.13,,,n,,,f,f,,d,a
p,8.35,x,y,w,t,,,p,7.88,14.79,s,,w,,,t,l,,g,a
e,12.51,f,,l,f,d,c,w,2.49,14.64,,,w,,,f,f,,d,a
p,6.21,p,y,g,f,,,w,12.97,13.2,,s,w,,,t,z,,d,u
e,7.88,x,t,y,f,p,,y,8.51,15.46,,,y,,y,t,,,d,a
e,5.33,x,t,g,f,a,d,n,6.23,5.58,,t,w,,,t,l,,d,w
e,4.44,x,t,n,f,d,,o,6.2,7.52,,t,w,,,f,f,,d,w
p,8.39,f,h,e,f,x,d,w,6.11,17.29,b,,w,,,f,f,,d,u
p,1.98,c,h,n,f,,,n,7.31,2.83,,,y,,,f,f,,g,u
p,7.75,f,d,e,t,d,c,y,7.5,10.58,,,e,,,f,f,,d,a
p,8.45,x,g,n,f,e,,w,7.84,14.45,,y,w,u,w,t,p,,d,a
e,10.24,x,y,n,t,e,,p,8.7,17.57,,y,w,,,t,p,,l,a
p,7.1,s,t,n,f,x,c,y,4.65,16.64,,,y,,,f,f,,d,a
p,1.94,p,t,n,f,a,c,g,7.37,2.57,,t,y,,,t,e,,m,u
e,5.52,x,d,n,t,p,,y,7.3,14.9,,,y,,,f,f,,d,a
e,14.89,x,d,o,f,p,,w,16.17,35.22,s,y,w,,,f,f,,d,u
p,4.85,x,s,n,t,s,d,r,4.47,12.55,r,i,w,,,f,f,,d,a
p,4.53,b,t,l,f,s,c,u,5.71,7.61,,y,l,,,t,e,u,d,u
p,5.59,f,d,n,f,a,c,y,5.31,6.41,,i,n,,,t,,,d,u
p,4.46,x,t,n,f,s,c,n,6.61,10.22,,,w,,n,t,z,,d,a
p,9.46,s,,r,t,d,,o,4.82,12.68,,,w,,,t,f,,d,u
e,6.7,x,y,n,f,e,c,w,6.23,10.37,,y,n,,,f,f,,d,a
e,1.44,x,s,n,f,d,,w,5.24,1.86,,t,y,,,f,f,,h,u
e,16.07,x,e,n,t,e,,w,9.86,17.08,,,w,,,t,,,g,u
p,8.06,f,y,u,f,s,c,y,6.2,18.42,,y,u,,,f,f,,d,a
e,14.35,f,e,n,f,a,c,w,8.76,26.06,s,,w,,,f,f,,l,a
p,7.06,x,t,e,f,x,d,w,6.33,17.25,b,,w,,,f,f,,d,u
e,11.42,x,e,l,f,x,c,w,7.64,19.55,,,w,,,f,f,,d,a
e,48.81,o,y,y,f,p,,y,5.99,38.09,,k,k,,,f,f,,d,u
p,4.87,x,s,o,f,a,c,y,6.41,9.52,,g,o,,,f,f,,g,u
p,5.7,b,y,n,f,,,g,8.5,12.83,,s,w,,,t,z,,d,a
e,5.17,x,t,g,f,a,d,n,5.55,4.43,,t,w,,,t,l,,d,w
p,2.64,f,,w,f,a,c,n,2.88,3.27,,i,w,,,f,f,,p,a
e,7.95,x,t,n,f,p,d,y,6.48,12.14,,s,n,,,f,f,,d,a
e,15.09,f,s,n,f,a,d,k,7.81,24.06,,,w,,,f,f,w,d,a
e,15.18,p,d,o,f,p,,w,14.4,32.61,s,y,w,,,f,f,,d,u
p,4.35,b,t,n,f,x,c,p,6.38,5.0,,i,g,,,f,f,,g,u
e,7.04,f,,g,f,s,c,b,6.97,18.74,,,u,,,f,f,,d,a
e,7.94,f,s,n,f,s,c,w,6.31,10.69,b,i,w,,,f,f,,l,a
p,7.79,x,w,p,f,s,c,p,4.83,10.35,,,p,,,f,f,,d,a
e,9.4,x,h,n,t,p,,y,6.89,17.07,,,n,,w,t,p,,d,u
e,20.15,x,d,o,f,p,,w,16.26,35.99,s,y,w,,,f,f,,d,u
e,6.86,p,,g,f,a,,w,6.62,12.36,,,g,,,f,f,,d,a
e,5.35,f,s,b,f,x,c,w,6.01,9.62,,s,n,,,f,f,,l,a
p,10.94,s,t,r,t,d,c,n,6.79,15.85,,,n,,,f,f,,h,u
e,3.85,o,,n,f,f,f,f,3.81,18.4,,,n,,,f,f,,d,s
e,5.83,s,s,b,f,d,d,b,5.19,12.09,,,w,,,f,f,,g,w
e,6.65,x,h,n,f,a,d,n,7.15,5.24,,t,g,,,t,l,,d,w
p,3.91,x,t,n,f,a,c,n,4.52,6.07,,y,n,,,t,z,,d,w
p,3.61,o,s,g,f,f,f,f,0.0,0.0,f,f,f,,,t,f,,d,a
e,17.13,p,t,n,f,p,,y,14.33,62.02,,,n,,,f,f,,d,a
p,2.27,b,g,w,f,,c,n,5.99,3.06,,,n,,,f,f,,m,u
p,6.69,s,d,n,t,d,c,y,5.51,8.02,,,n,,,f,f,,d,a
e,4.32,x,s,n,f,p,,n,5.05,10.18,,,n,,,f,f,,d,u
p,9.87,s,t,p,t,d,c,p,7.28,14.81,,,p,,,t,f,,d,a
p,1.68,b,h,n,f,a,,n,4.53,1.49,,t,n,,,f,f,,d,u
p,5.13,b,s,g,f,,,k,9.2,12.06,,s,w,,,t,z,,d,u
p,14.73,x,h,y,f,s,,p,7.96,18.73,,i,n,,,f,f,,d,a
p,3.41,s,w,u,f,a,c,g,5.0,4.53,,s,u,,,f,f,,l,u
p,11.96,x,,n,f,e,,w,10.52,14.07,,,w,u,w,t,e,,d,u
e,9.46,s,t,p,t,d,c,o,6.41,17.84,,,w,,,f,f,,d,a
p,3.11,x,t,n,f,s,c,n,5.57,10.03,,,w,,n,t,z,,d,a
e,4.62,x,t,n,f,a,d,n,5.06,3.78,,t,g,,,t,l,,d,u
p,4.04,f,t,n,f,x,c,p,6.55,4.77,,i,g,,,f,f,,g,u
e,7.96,x,s,n,f,e,c,p,7.03,9.78,,i,w,,,f,f,p,d,a
p,4.14,x,t,l,f,s,c,n,6.29,7.87,,y,n,,,t,e,u,g,a
e,11.7,x,t,n,t,p,,y,7.92,22.79,,,n,,,f,f,,d,a
p,1.41,x,g,y,f,d,d,n,1.76,2.33,,s,n,,,f,f,,d,u
p,1.17,s,s,y,f,f,f,f,3.25,5.45,,,y,,,f,f,,d,u
e,5.97,p,,n,f,f,f,f,5.97,21.52,,,n,,,f,f,,d,s
e,9.16,x,s,u,f,a,c,w,4.13,14.08,,,w,,,f,f,,d,u
e,3.46,s,,y,f,f,f,f,6.16,8.0,,,y,,,f,f,,d,a
p,1.52,x,,n,f,,,n,5.26,2.7,,s,n,,,f,f,k,g,u
p,2.84,x,t,n,f,s,c,p,6.46,9.63,,,w,,n,t,z,,d,u
e,4.57,x,,w,f,d,,r,5.47,7.85,,,l,,,f,f,,l,a
p,2.27,x,i,k,f,a,,p,4.46,2.47,,,w,,,f,f,p,g,u
e,2.6,f,g,n,f,a,d,g,5.12,3.08,,s,n,,,f,f,,d,a
e,6.57,x,y,n,f,e,c,p,4.8,8.69,,y,n,,,f,f,,d,u
p,4.13,f,l,e,f,x,d,y,6.65,5.53,,,n,,,f,f,,d,a
e,7.41,f,s,k,f,a,c,w,4.98,16.57,,,w,,,f,f,,d,u
e,6.73,f,s,n,f,s,c,w,5.61,9.38,b,i,w,,,f,f,,l,a
p,7.68,x,g,n,f,e,,w,8.57,14.79,,y,w,u,w,t,p,,d,u
e,0.86,f,g,e,t,a,,w,5.06,0.9,,,n,,,f,f,,d,u
e,8.12,x,,g,f,a,,w,6.9,14.57,,,w,,,f,f,,d,u
p,6.5,s,h,r,t,d,,g,4.44,11.39,,t,n,,,f,f,,d,u
p,4.49,x,h,y,f,a,c,y,6.06,7.99,,g,o,,,f,f,,g,u
e,6.19,x,,n,t,p,,g,9.49,22.87,,y,w,,,f,f,,d,u
e,3.28,x,y,n,f,s,,g,2.97,5.04,,,w,,,f,f,,d,u
p,6.8,x,t,e,f,x,d,w,7.0,17.96,b,,w,,,f,f,,d,a
p,1.27,x,s,y,f,f,f,f,3.89,5.12,,,y,,,f,f,,d,a
e,5.91,s,,n,f,d,c,w,6.09,8.11,,s,w,,,f,f,,d,u
e,14.8,f,,w,f,d,c,y,2.62,17.11,,,w,,,f,f,,d,w
e,4.13,x,t,n,f,d,,o,6.24,8.07,,t,w,,,f,f,,d,w
e,9.59,x,t,n,t,p,,y,8.82,17.97,,,n,,w,t,p,,d,a
e,4.19,f,g,n,f,a,d,g,5.52,3.62,,s,g,,,f,f,,d,a
p,8.74,p,y,n,f,,,k,16.38,18.7,,,w,,,f,f,,d,a
e,11.84,s,,l,f,s,c,b,7.64,20.56,,,u,,,f,f,,d,a
p,2.53,x,d,w,f,a,d,p,3.18,2.18,,h,w,,,f,f,,g,u
p,4.26,o,s,y,f,f,f,f,0.0,0.0,f,f,f,,,t,f,,d,w
e,3.35,x,h,o,f,a,d,y,6.03,4.32,,k,o,,,f,f,,d,s
e,3.01,s,,y,f,f,f,f,6.08,6.72,,,o,,,f,f,,d,a
e,4.22,f,y,n,f,e,c,p,3.83,11.03,,,w,,,t,r,,w,a
e,7.94,f,s,w,f,s,c,w,6.74,29.1,,,w,,,f,f,,d,s
e,10.83,s,,g,f,s,c,g,9.35,23.79,b,,u,,,f,f,,g,a
p,4.99,o,,w,f,f,f,f,6.39,34.43,,g,w,,,t,f,,p,a
e,8.24,x,h,y,t,x,c,y,7.84,16.89,,,w,,,f,f,,d,u
p,4.66,s,d,n,t,d,c,w,3.97,7.28,,,n,,,f,f,,d,u
p,2.76,s,,u,f,a,,w,4.08,6.64,,,y,,,f,f,,d,u
p,6.12,o,e,r,f,,c,y,1.31,11.78,,,n,,,f,f,,d,a
p,4.63,o,s,n,f,,c,w,0.0,0.0,f,f,f,,,f,f,n,d,a
p,3.69,x,s,y,f,,c,r,8.41,6.66,,,y,u,w,t,z,r,d,a
p,4.34,b,s,y,f,,c,y,9.68,7.73,,,y,u,w,t,z,r,d,u
p,3.49,x,k,n,f,s,,p,3.85,3.02,,,n,,,f,f,p,g,a
e,6.99,f,s,o,f,d,d,o,6.08,11.9,,,w,,,f,f,,g,a
p,7.49,x,s,n,f,s,,n,5.29,6.82,,y,n,,,f,f,,d,w
e,7.67,f,y,n,f,e,c,n,4.16,11.42,,,w,,,t,l,,w,a
e,3.72,x,t,n,f,d,,o,5.99,7.1,,t,w,,,f,f,,d,a
e,3.45,x,h,n,f,,c,k,6.09,7.0,,s,w,,w,f,f,k,d,a
e,9.84,f,e,b,f,,c,b,4.89,19.48,,,w,,,t,f,,d,a
p,4.9,c,e,y,t,x,c,p,4.81,11.94,,,w,,,f,f,,g,u
e,1.3,b,g,g,f,,,g,3.02,1.48,,,w,,,f,f,,d,w
e,6.75,x,h,n,f,e,,w,13.65,14.0,,s,w,u,w,f,f,,d,u
e,4.48,o,,n,f,f,f,f,4.14,18.28,,,n,,,f,f,,l,s
e,11.56,x,t,n,t,p,,y,8.07,22.53,,,n,,,f,f,,d,u
e,2.65,s,,y,f,f,f,f,6.45,6.64,,,o,,,f,f,,d,a
e,6.47,x,t,n,f,a,d,n,5.79,4.88,,t,g,,,t,l,,d,w
e,8.26,s,,n,f,,,w,5.18,25.12,,,n,,,f,f,,d,u
p,1.06,x,g,w,f,a,d,w,3.01,1.54,,,e,,,f,f,,l,a
e,15.03,s,t,n,f,a,d,k,7.46,22.84,,,w,,,f,f,w,d,w
p,14.96,x,s,n,t,p,,e,8.81,29.58,c,,y,,,f,f,,d,u
p,3.46,f,y,p,f,e,c,w,4.71,3.53,,k,w,,,t,e,,m,a
e,8.96,s,,n,f,,,w,5.22,24.34,,,n,,,f,f,,d,u
p,0.95,x,g,w,f,a,d,w,2.72,1.47,,,n,,,f,f,,d,a
e,3.92,b,g,w,f,x,d,w,4.53,3.13,,,y,,,f,f,,g,a
p,5.91,f,,n,f,d,c,w,6.31,11.13,b,,n,,,f,f,,l,w
p,6.64,f,h,e,f,x,d,w,5.24,17.24,b,,w,,,f,f,,d,a
e,7.05,f,s,n,f,s,c,w,6.51,11.52,b,i,n,,,f,f,,l,a
p,2.85,b,h,n,f,,,k,9.93,4.91,,,w,,,t,,k,g,u
p,3.39,f,w,u,f,a,c,g,5.93,5.42,,s,u,,,f,f,,l,a
e,7.02,s,,n,f,d,c,w,5.31,8.71,,s,w,,,f,f,,h,u
p,0.93,b,t,y,f,,c,k,3.1,2.45,,,n,,,t,f,,g,a
e,3.67,x,k,n,f,p,,e,4.41,10.6,,,n,,,f,f,,d,a
p,5.22,o,s,n,f,f,f,f,0.0,0.0,f,f,f,,,t,f,,d,w
e,5.07,x,,y,f,a,c,y,5.77,10.76,,,w,,,f,f,,d,u
p,5.37,c,k,y,t,x,c,y,6.18,12.21,,,w,,,f,f,,d,a
p,3.22,s,w,u,f,a,c,g,4.93,5.31,,s,u,,,f,f,,d,a
p,5.77,x,s,n,t,s,d,r,5.53,14.8,r,y,n,,,f,f,,d,a
p,1.44,o,k,n,f,,,n,4.06,1.35,,,n,,,f,f,,d,w
p,6.11,x,g,n,f,e,,w,7.53,14.06,,y,w,u,w,t,p,,d,a
p,3.13,o,l,g,f,f,f,f,0.0,0.0,f,f,f,,,f,f,,d,u
p,9.15,x,d,o,f,a,,y,13.63,23.93,r,,o,,,t,r,n,d,u
p,6.04,x,,g,f,d,c,y,5.74,10.62,b,,n,,,f,f,,l,w
p,13.27,x,g,e,f,e,,w,17.5,17.83,s,y,w,u,w,t,p,,d,w
p,4.9,c,i,y,f,,c,r,6.13,6.78,,,w,,,f,f,,d,u
e,10.11,f,e,b,f,,c,b,4.53,18.96,,,w,,,t,f,,d,a
p,8.72,p,,n,f,p,,p,10.71,29.51,c,,n,,,f,f,w,d,u
p,8.6,x,t,n,f,x,c,y,6.73,14.53,,,y,,,f,f,,d,a
e,8.38,f,s,u,f,a,c,w,4.94,16.38,,,w,,,f,f,,d,u
e,6.45,x,t,y,t,x,c,y,6.39,13.96,,,w,,,f,f,,d,u
p,3.8,b,y,n,f,,c,w,5.79,4.37,s,s,w,,,f,f,,d,u
p,9.82,x,e,n,f,a,,n,9.67,13.36,s,,n,,e,f,f,,h,a
e,1.04,p,g,g,f,,,g,3.08,1.51,,,w,,,f,f,,d,s
e,7.42,p,,n,f,a,,w,6.15,12.49,,,w,,,f,f,,d,u
e,7.77,f,,w,f,d,c,y,2.27,11.47,,,w,,,f,f,,d,w
p,15.24,x,h,n,t,p,,e,10.39,34.24,c,,y,,,f,f,,d,u
p,3.01,s,d,w,f,a,d,w,3.42,2.54,,h,w,,,f,f,,g,u
p,7.22,x,e,n,f,a,,n,9.95,14.99,s,,n,,e,f,f,,h,a
p,3.55,b,s,y,f,,c,r,7.31,6.82,,,y,u,w,t,z,r,d,u
e,6.89,f,,n,f,s,c,p,6.32,18.41,b,,u,,,f,f,,d,w
p,2.45,f,,w,f,a,c,w,3.19,3.47,,i,w,,,f,f,,d,u
p,9.04,x,y,w,t,,,p,7.99,14.3,s,,w,,,t,l,,g,u
e,8.49,x,s,n,f,e,c,w,7.82,10.45,,i,n,,,f,f,p,d,s
p,12.88,s,k,n,f,d,c,y,5.68,38.26,,k,n,,,f,f,,d,a
p,5.32,b,t,n,f,,,n,11.64,6.55,,,w,,,t,,k,g,u
e,4.5,x,,n,f,x,c,w,6.2,3.89,,,w,,,f,f,,d,a
p,1.71,x,s,o,f,d,,o,2.81,5.15,,,y,,,f,f,,m,a
e,3.34,x,d,p,f,a,c,o,4.5,6.18,,,e,,,f,f,,m,a
e,9.2,x,s,n,f,e,c,w,6.86,10.04,,i,n,,,f,f,p,d,u
e,11.69,f,e,b,f,,c,b,5.27,22.2,,,w,,,t,f,,d,a
p,2.71,f,d,y,f,a,,r,4.86,5.42,,t,y,,,f,f,,d,a
p,10.89,o,,n,f,f,f,f,3.62,24.61,,g,n,,,f,f,,d,s
p,7.74,b,t,w,f,e,c,w,13.81,12.74,,y,w,u,w,t,e,,d,u
e,4.38,x,,w,f,a,,r,6.48,7.17,,,w,,,f,f,,l,a
e,7.21,f,s,y,f,a,d,w,8.97,13.62,,i,n,,,t,,w,d,a
e,2.23,s,y,n,f,d,d,p,6.84,4.01,,i,n,,,f,f,,h,u
p,10.84,x,e,n,t,p,,e,9.79,25.71,,,e,,,f,f,,d,a
e,7.28,s,,y,f,a,c,w,6.52,16.56,,,w,,,f,f,,d,w
p,4.12,x,t,o,f,a,c,n,3.89,5.04,,y,n,,,t,z,,d,w
e,6.66,b,h,g,f,s,d,g,4.57,9.44,,s,g,,,f,f,,d,a
e,10.53,s,t,w,t,d,c,o,6.25,17.03,,,w,,,f,f,,d,a
p,4.12,b,s,y,f,,c,k,8.44,8.11,,,y,u,w,t,z,k,d,a
p,3.34,f,d,b,f,x,c,w,4.54,3.31,b,s,n,,,f,f,,d,a
e,5.93,x,t,n,f,e,,w,13.99,13.72,,s,n,u,w,f,f,,d,u
p,5.16,f,l,n,f,x,d,y,6.23,5.26,,,y,,,f,f,,l,a
p,0.8,x,g,y,f,,,y,3.5,0.68,,,y,,,f,f,,d,u
p,0.54,x,g,e,f,a,,n,3.81,0.88,,h,k,,,f,f,,d,w
p,0.61,x,g,e,f,a,,p,3.93,0.94,,h,k,,,f,f,,d,u
p,1.97,b,,n,f,a,,g,5.12,2.05,,s,g,,,f,f,,d,u
p,1.16,x,g,w,f,a,d,w,3.31,1.54,,,e,,,f,f,,l,a
p,3.67,f,d,b,f,x,c,w,4.68,2.89,b,s,n,,,f,f,,d,a
p,3.04,b,,n,f,a,,k,8.45,2.41,,,g,,w,f,f,k,g,u
e,7.9,f,s,n,f,s,,n,9.35,13.48,,i,o,,,f,f,,d,a
p,5.55,o,k,n,f,,c,o,1.25,14.54,,,y,,,f,f,,d,a
p,4.77,x,,w,f,,c,w,2.95,10.99,,,y,,,f,f,,d,a
e,7.12,x,t,g,f,a,d,n,6.67,5.83,,t,g,,,t,l,,d,a
p,3.06,b,t,l,f,s,c,g,6.03,7.11,,y,l,,,t,e,k,m,a
e,7.94,x,,g,t,p,,g,10.32,22.41,,y,w,,,f,f,,d,u
p,11.87,x,s,y,f,s,,p,8.13,17.38,,i,n,,,f,f,,d,a
e,12.32,x,h,n,t,p,,y,9.21,22.9,,,n,,,f,f,,d,a
p,3.61,f,k,w,f,s,,p,4.51,3.24,,,n,,,f,f,p,g,a
e,7.2,x,,n,t,p,,g,11.43,24.0,,y,w,,,f,f,,d,a
p,6.63,s,d,o,f,d,c,y,4.41,7.9,,,y,,,f,f,,d,a
e,5.9,f,s,b,f,x,c,w,7.03,10.43,,s,n,,,f,f,,l,w
e,4.74,x,t,n,f,p,d,y,7.07,11.21,,s,n,,,f,f,,h,u
p,7.94,x,i,n,f,a,c,n,7.17,7.09,,i,n,,k,t,z,k,d,u
p,1.46,x,g,y,f,d,d,n,1.68,2.43,,s,n,,,f,f,,d,u
p,1.65,x,,n,f,,,k,4.92,2.48,,s,n,,,f,f,k,g,a
e,8.61,x,s,w,t,e,,n,7.66,16.43,s,,w,,,t,l,,m,a
e,4.83,x,,w,f,d,,r,7.28,7.52,,,r,,,f,f,,d,u
p,3.02,o,,w,f,f,f,f,4.79,21.76,,g,w,,,t,f,,d,u
e,5.68,p,y,w,f,e,c,n,5.83,13.37,,,w,,w,t,e,,g,a
p,5.55,f,,y,f,s,d,y,6.05,13.2,,i,y,,,f,f,,d,a
e,2.53,f,y,n,f,d,d,p,6.7,3.69,,i,n,,,f,f,,h,a
p,6.65,s,,n,t,d,c,p,5.56,6.03,,,e,,,f,f,,d,a
p,15.59,f,k,n,f,d,c,y,6.23,41.76,,k,n,,,f,f,,d,a
e,1.69,x,g,y,f,a,,w,5.08,1.54,,t,y,,,f,f,,g,a
p,4.93,b,s,k,f,e,,g,5.01,6.53,,,k,,,f,f,,g,u
p,8.9,f,,n,f,x,c,w,10.37,11.19,r,i,w,,,f,f,,d,u
p,4.14,s,,u,f,a,,w,4.29,7.56,,,w,,,f,f,,d,u
e,1.31,f,w,n,f,,d,k,4.72,2.44,,,w,,,f,f,,g,a
p,7.9,s,,y,t,d,,o,4.93,12.91,,,w,,,t,f,,d,u
p,6.18,f,,y,f,s,d,y,6.02,11.4,,i,y,,,f,f,,d,a
p,2.34,c,h,n,f,,,n,7.61,3.1,,,y,,,f,f,,g,u
p,3.25,b,y,n,f,,c,u,4.91,4.51,s,s,w,,,f,f,,d,a
e,7.19,x,h,y,f,p,,y,7.77,15.1,,,y,,y,t,,,d,a
p,2.22,x,s,o,f,d,,o,2.52,5.54,,,y,,,f,f,,m,a
p,2.75,s,w,o,t,d,c,y,3.26,4.84,,,n,,,f,f,,d,a
e,3.4,x,h,n,f,,c,n,6.27,6.52,,s,w,,w,f,f,k,d,u
p,3.79,x,y,y,f,a,,w,5.65,3.56,,y,y,,,t,r,,g,a
p,12.62,p,,n,f,p,,w,10.11,35.22,c,,n,,,f,f,w,d,a
e,10.48,f,,n,f,s,c,b,8.51,18.93,,,b,,,f,f,,l,w
p,4.25,f,l,n,f,x,d,y,6.03,4.48,,,y,,,f,f,,l,a
e,4.19,b,g,n,f,x,d,w,4.39,3.07,,,y,,,f,f,,g,a
p,5.53,x,,e,f,,c,r,3.75,13.26,,,y,,,f,f,,d,a
e,1.32,x,t,y,f,a,,w,5.87,2.17,,t,y,,,f,f,,h,u
e,8.38,p,,g,f,a,,w,7.67,14.7,,,g,,,f,f,,g,a
e,13.16,f,,w,f,d,c,y,2.84,16.49,,,w,,,f,f,,d,a
e,2.15,f,h,n,f,,c,n,4.6,5.27,,s,w,,w,f,f,k,d,u
e,7.88,x,,n,f,a,,w,8.47,14.78,,,w,,,f,f,,g,a
p,4.27,f,d,n,f,x,c,w,5.28,2.98,b,s,n,,,f,f,,l,u
e,7.73,x,i,n,f,e,c,n,4.33,12.58,,,w,,,t,r,,w,u
p,7.33,x,i,n,f,a,c,n,8.28,7.88,,i,n,,k,t,z,k,d,u
p,7.0,f,,y,f,x,c,y,6.63,12.26,,,w,,,f,f,,d,a
p,3.85,f,l,n,f,x,d,n,5.99,4.87,,,n,,,f,f,,d,u
e,4.42,f,h,n,f,,c,n,6.66,7.18,,s,w,,w,f,f,k,d,a
e,6.22,x,,y,f,e,,w,5.84,11.31,b,,y,u,w,t,g,,d,u
e,5.44,x,h,n,f,x,c,n,5.17,5.71,,y,n,,,t,r,,d,w
p,1.91,b,,g,f,a,,g,4.27,1.77,,s,n,,,f,f,,d,u
e,6.47,c,t,n,f,e,,w,12.6,13.37,,s,w,u,w,f,f,,d,a
e,9.88,o,,n,f,,,w,4.65,25.85,,,n,,,f,f,,d,u
e,5.91,f,s,n,f,s,c,w,6.37,9.73,b,i,n,,,f,f,,l,u
p,1.47,b,g,w,f,,c,n,5.44,2.93,,,n,,,f,f,,m,s
p,2.5,x,g,e,f,a,,w,8.02,2.52,,,w,,,f,f,,d,u
e,9.66,x,s,n,f,e,c,p,6.02,10.43,,i,w,,,f,f,p,d,a
e,5.29,x,s,n,f,p,,n,5.71,11.52,,,e,,,f,f,,d,u
p,9.67,x,,u,t,x,,n,10.43,21.43,s,,u,,u,f,f,,d,a
e,9.32,x,e,l,f,x,c,w,7.23,20.12,,,w,,,f,f,,d,a
e,9.69,x,t,n,f,p,d,y,7.66,12.99,,s,n,,,f,f,,d,a
e,1.31,x,s,y,f,a,,w,4.87,1.23,,t,y,,,f,f,,g,a
p,5.23,f,d,n,t,d,c,w,5.6,8.3,,,n,,,f,f,,d,a
p,5.55,x,s,n,t,s,d,w,6.38,15.59,r,y,w,,,f,f,,d,u
e,21.08,f,t,k,f,a,d,y,7.4,20.0,,,w,,,f,f,w,d,u
p,7.21,x,y,y,f,a,c,y,10.22,11.12,,y,n,,,t,,,d,u
e,10.38,x,s,u,f,x,,n,7.49,21.32,,,n,,,f,f,,d,u
p,4.16,f,,u,f,a,,w,4.5,7.93,,,w,,,f,f,,d,u
p,5.4,x,e,e,f,a,,n,8.19,10.11,,,y,,w,t,z,,d,a
e,4.44,x,h,o,f,a,d,w,6.31,5.76,,s,o,,,f,f,,d,w
e,8.99,s,l,w,f,d,,w,3.66,10.37,,,w,,,f,f,,g,u
p,5.82,c,i,y,f,,c,n,6.5,7.08,,,w,,,f,f,,d,a
p,2.19,b,,n,f,a,,g,5.48,2.4,,s,n,,,f,f,,d,a
e,4.81,f,,w,f,x,c,w,6.82,4.48,,,w,,,f,f,,d,a
p,7.72,p,g,n,f,e,,w,8.98,17.12,,y,w,u,w,t,p,,d,u
e,8.59,x,t,y,t,x,c,y,9.57,17.95,,,w,,,f,f,,d,a
p,8.95,x,h,r,f,,c,w,10.53,14.75,,,w,u,w,t,g,,d,u
p,5.17,s,k,y,f,p,,n,4.03,6.45,,k,n,,,t,f,,d,u
e,6.1,x,w,y,f,f,f,f,4.27,9.38,,,y,,,f,f,,d,a
p,3.34,f,d,b,f,x,c,w,5.37,3.32,b,i,n,,,f,f,,l,u
e,12.26,x,s,y,f,d,d,w,9.2,15.92,,i,n,,,t,,w,d,u
e,3.61,f,d,p,t,d,c,p,5.91,7.77,,,n,,,f,f,,d,a
p,1.85,b,,n,f,a,,g,5.29,2.1,,s,g,,,f,f,,d,a
p,3.21,x,t,n,f,s,c,n,5.22,8.43,,,w,,n,t,z,,d,a
p,18.25,s,s,n,f,d,c,y,6.22,42.07,,k,k,,,f,f,,d,a
p,0.65,x,g,n,f,a,,n,3.87,0.98,,s,k,,,f,f,,d,s
p,4.02,f,,w,f,a,c,w,2.62,3.4,,i,w,,,f,f,,d,a
e,6.77,f,s,n,f,s,c,w,5.51,9.65,b,i,n,,,f,f,,l,u
p,5.53,s,k,y,f,p,,n,4.04,4.87,,k,n,,,t,f,,d,u
e,6.85,x,h,y,t,x,c,y,6.45,14.11,,,w,,,f,f,,d,u
e,5.97,f,h,k,f,s,d,w,5.81,11.16,,s,g,,,f,f,,d,u
p,4.25,f,y,w,f,e,c,w,5.1,3.58,,k,w,,,t,e,,d,a
p,1.62,x,g,n,f,d,d,n,1.68,2.41,,s,n,,,f,f,,h,a
p,1.41,x,k,n,f,,,n,5.44,1.77,,,n,,,f,f,,d,u
e,1.64,c,g,n,f,a,,g,5.06,1.5,,,g,,,f,f,,d,a
e,4.64,x,,w,f,a,,r,6.09,7.87,,,l,,,f,f,,d,a
e,6.24,x,t,n,f,e,,w,11.91,12.38,,s,w,u,w,f,f,,d,u
e,6.16,s,l,w,f,d,,p,3.27,8.41,,,w,,,f,f,,g,a
e,7.86,x,h,y,f,p,,y,7.44,14.92,,,y,,y,t,,,d,a
p,2.85,x,h,r,f,s,c,u,6.69,7.53,,y,w,,,t,e,k,m,a
e,4.46,f,y,n,f,s,,w,4.54,6.99,,,w,,,f,f,,d,u
e,8.82,x,y,n,f,,,w,7.91,26.45,b,,n,,w,t,e,,d,a
p,5.9,x,d,e,t,d,c,n,6.07,7.81,,,e,,,f,f,,d,a
e,9.69,f,e,b,f,,c,b,5.16,20.97,,,w,,,t,f,,d,a
p,5.38,c,i,y,f,,c,r,7.55,9.25,,,w,,,f,f,,d,a
p,2.49,f,w,o,t,d,c,y,3.2,5.52,,,n,,,f,f,,d,u
e,7.41,x,t,y,t,x,c,y,7.74,16.03,,,w,,,f,f,,d,a
e,4.19,b,g,n,f,a,d,g,5.82,3.76,,s,g,,,f,f,,d,a
p,7.91,x,t,n,f,s,,n,5.93,9.05,,y,n,,,f,f,,d,w
e,6.37,x,h,n,f,a,d,n,7.04,6.35,,t,w,,,t,l,,d,u
p,2.69,o,,k,f,f,f,f,2.93,13.19,,g,g,,,f,f,,d,u
p,5.2,c,i,y,f,,c,n,6.41,7.31,,,w,,,f,f,,d,a
p,6.74,x,i,n,f,a,c,k,8.2,8.26,,i,n,,k,t,z,k,g,u
p,9.99,x,h,g,f,s,,y,7.13,16.84,,i,n,,,f,f,,d,u
e,3.75,x,t,n,f,d,,o,5.86,6.92,,t,w,,,f,f,,d,w
e,4.03,b,g,n,f,x,d,w,5.1,3.09,,,y,,,f,f,,g,u
p,6.45,b,t,w,f,e,c,w,11.76,12.09,,y,w,u,w,t,l,,d,u
p,6.58,f,d,n,t,d,c,w,5.48,8.41,,,n,,,f,f,,d,u
p,13.19,x,s,n,f,s,,y,6.95,17.52,,i,n,,,f,f,,d,a
e,0.91,p,g,g,f,,,g,2.9,1.37,,,w,,,f,f,,d,s
e,16.83,f,s,w,t,e,,g,11.21,19.04,s,,w,,,t,r,,m,u
e,5.59,s,l,w,f,d,,p,3.41,9.14,,,w,,,f,f,,g,a
p,0.93,x,g,w,f,a,d,w,2.54,1.5,,,n,,,f,f,,d,u
e,2.32,b,y,n,f,,c,k,6.35,2.97,,,w,,,f,f,,d,u
e,5.72,x,l,w,f,d,,w,3.42,10.02,,,w,,,f,f,,g,u
e,9.28,f,s,w,f,e,c,p,18.91,13.14,,s,w,,,t,e,,u,s
p,1.01,x,g,w,f,a,d,w,3.03,1.4,,,n,,,f,f,,l,u
p,4.5,f,t,n,f,x,c,p,6.06,5.14,,i,n,,,f,f,,m,a
e,6.72,x,d,y,t,p,,y,7.76,16.32,,,y,,,f,f,,d,u
e,5.66,c,,n,f,f,f,f,6.53,21.87,,,n,,,f,f,,d,s
e,7.76,x,,p,f,x,c,w,7.67,17.6,,s,w,,,f,f,,d,u
e,3.35,x,d,e,f,a,c,o,4.29,6.29,,,o,,,f,f,,g,u
e,8.16,s,,n,f,s,c,u,7.51,17.3,,,u,,,f,f,,l,a
e,8.75,x,y,y,f,,,w,7.24,27.09,b,,n,,w,t,e,,d,w
p,8.55,x,,n,t,x,,u,8.82,20.53,s,,g,,u,f,f,,d,a
e,6.51,x,e,y,f,x,c,w,7.61,20.51,,,w,,,f,f,,d,a
p,3.93,b,t,n,f,x,c,p,5.96,4.1,,i,g,,,f,f,,m,a
p,8.66,s,t,p,t,d,c,p,7.76,12.47,,,p,,,t,f,,d,u
e,5.89,x,s,n,f,x,c,w,7.16,9.7,,s,n,,,f,f,,l,a
p,0.78,x,g,y,f,,,y,3.29,0.69,,,w,,,f,f,,d,a
p,14.91,f,d,n,f,d,c,y,5.63,31.91,,k,n,,,f,f,,d,u
p,12.53,x,s,g,f,s,,p,8.34,17.89,,i,n,,,f,f,,d,u
e,10.7,f,s,y,f,x,,n,5.42,20.7,,,p,,,f,f,,d,w
p,2.57,b,,k,f,a,,k,8.67,2.52,,,g,,w,f,f,k,g,u
e,53.33,o,y,y,f,p,,y,5.69,29.52,,k,k,,,f,f,,d,u
p,3.75,b,y,n,f,,c,u,5.83,4.58,s,s,w,,,f,f,,d,a
e,8.23,f,t,n,f,s,,y,9.87,12.42,,t,o,,,f,f,,d,a
p,18.36,s,k,n,f,d,c,y,6.2,37.3,,k,n,,,f,f,,d,u
p,5.69,x,y,w,t,,,w,6.27,12.21,s,,w,,,t,l,,d,a
e,5.77,x,d,n,t,p,,y,6.72,14.73,,,y,,,f,f,,d,a
p,17.88,s,k,n,f,d,c,y,6.78,41.97,,k,n,,,f,f,,d,a
p,6.79,b,t,w,f,e,c,w,12.52,13.37,,y,w,u,w,t,e,,d,u
p,11.61,x,h,n,f,s,,y,7.26,18.35,,i,n,,,f,f,,d,a
p,4.37,b,s,y,f,,c,r,10.49,8.29,,,y,u,w,t,z,r,d,s
p,3.12,f,,w,f,x,c,p,6.51,3.38,,,n,,,f,f,,l,a
p,10.59,s,t,r,t,d,c,n,5.05,13.69,,,n,,,f,f,,d,a
p,3.87,x,k,w,f,s,,p,4.36,3.03,,,n,,,f,f,p,g,u
e,9.22,f,,n,t,,,w,9.65,15.24,b,,w,u,w,t,g,,d,a
e,5.6,o,l,n,f,f,f,f,6.88,57.03,,,n,,,f,f,g,d,a
e,50.38,o,y,y,f,p,,y,5.89,26.89,,k,k,,,f,f,,d,s
e,12.0,f,e,b,f,,c,b,5.53,21.33,,,w,,,t,f,,d,a
e,1.56,f,w,g,f,,d,k,4.99,2.39,,,w,,,f,f,,d,s
e,11.53,f,s,w,f,e,c,p,23.26,13.91,,s,w,,,t,e,,g,w
e,9.23,f,s,w,f,e,c,k,19.32,13.22,,s,w,,,t,e,,d,u
p,6.11,f,w,e,f,x,,w,15.21,7.87,r,g,n,,,f,f,,d,a
p,6.24,c,i,y,f,,c,r,7.45,9.51,,,w,,,f,f,,d,a
e,9.67,x,s,n,f,e,c,w,7.51,11.06,,i,n,,,f,f,p,d,s
e,14.04,f,s,w,t,e,,n,7.6,16.98,s,,w,,,t,l,,m,u
e,20.12,x,t,n,f,p,,y,18.47,74.7,,,n,,,f,f,,d,u
p,4.44,s,,u,f,a,,w,4.49,6.87,,,w,,,f,f,,d,u
p,6.9,x,t,n,f,x,,w,11.69,7.48,r,g,n,,,f,f,,d,a
p,15.8,f,s,o,f,p,,y,6.18,30.02,,,n,,,f,f,,d,a
p,6.6,x,,y,f,s,d,y,5.59,14.94,,i,y,,,f,f,,d,a
p,10.93,x,e,y,t,p,,e,8.68,23.56,,,u,,,f,f,,d,u
p,4.63,b,s,y,f,,c,r,8.65,7.55,,,y,u,w,t,z,r,d,s
p,2.74,x,y,o,f,d,,y,2.97,6.03,,,y,,,f,f,,m,a
p,14.46,x,h,n,t,p,,o,8.21,31.01,c,,y,,,f,f,,d,a
p,15.65,s,t,r,t,d,c,n,5.43,26.39,,,n,,,f,f,,d,a
p,4.38,f,k,n,f,s,,p,3.98,3.48,,,n,,,f,f,p,g,u
p,1.36,o,k,n,f,,,n,4.78,1.45,,,n,,,f,f,,d,u
p,2.93,x,y,n,f,a,,w,4.87,3.45,,y,y,,,t,r,,d,a
p,1.28,s,s,y,f,f,f,f,3.62,5.1,,,y,,,f,f,,d,a
p,5.87,x,w,e,f,x,,w,11.53,5.62,r,g,n,,,f,f,,d,u
p,6.76,x,s,n,t,s,d,r,5.23,13.64,r,i,n,,,f,f,,d,u
e,7.81,x,,n,t,p,,g,11.86,27.48,,y,w,,,f,f,,d,u
e,7.99,x,y,n,f,,,w,7.1,24.73,b,,n,,w,t,e,,d,w
p,3.83,f,d,n,f,x,c,w,4.95,3.15,b,s,n,,,f,f,,d,a
p,4.73,o,t,n,f,,c,w,0.0,0.0,f,f,f,,,f,f,n,d,a
p,6.32,f,,n,f,d,c,w,5.72,10.52,b,,n,,,f,f,,d,a
p,10.34,x,t,n,f,a,d,w,8.58,28.07,,,w,,,f,f,,d,u
p,8.02,x,i,n,f,a,,n,9.17,12.7,s,,n,,n,f,f,,d,a
e,5.0,f,t,n,f,a,d,w,7.14,6.12,,s,n,,,f,f,,d,s
e,22.23,p,t,n,f,p,,w,17.12,70.38,,,n,,,f,f,,d,a
e,8.98,f,s,n,f,s,,n,9.81,13.6,,t,o,,,f,f,,d,a
p,3.19,x,s,g,f,d,c,w,3.51,8.06,,,w,,,f,f,,g,u
p,9.83,x,s,y,f,s,,p,7.21,16.78,,i,n,,,f,f,,d,u
e,13.16,s,s,k,f,a,d,k,8.02,21.42,,,w,,,f,f,w,d,a
e,6.85,x,,y,f,a,c,w,6.57,16.15,,,w,,,f,f,,d,w
e,6.81,x,y,n,f,e,c,p,6.25,10.26,,y,n,,,f,f,,d,u
e,5.32,x,h,n,f,x,c,w,5.82,6.01,,y,n,,,t,r,,d,w
e,13.22,x,w,n,f,p,,w,15.31,64.69,,,n,,,f,f,,d,a
e,11.1,p,y,w,f,e,c,k,23.46,12.75,,s,w,,,t,e,,g,a
e,1.08,x,g,n,t,a,,p,5.42,1.05,,,n,,,f,f,,h,u
e,11.01,f,s,n,f,d,d,w,9.17,14.15,,i,n,,,t,,w,d,w
e,5.8,f,s,b,f,d,d,b,5.21,11.9,,,w,,,f,f,,m,a
p,1.17,x,s,y,f,f,f,f,3.67,5.2,,,y,,,f,f,,d,u
e,4.93,b,h,g,f,s,d,g,5.4,10.02,,s,g,,,f,f,,d,u
p,0.59,x,,o,f,d,,o,4.19,1.06,,,y,,,f,f,w,g,a
e,10.43,f,,w,f,d,c,y,2.52,14.74,,,w,,,f,f,,d,a
e,6.11,f,,g,f,s,c,b,5.47,15.3,,,b,,,f,f,,d,a
e,18.28,p,d,o,f,p,,n,16.17,34.79,s,y,w,,,f,f,,d,u
e,8.92,f,s,e,f,d,d,w,8.46,14.56,,i,n,,,t,,w,d,w
e,4.3,x,s,p,f,a,c,o,4.32,6.02,,,o,,,f,f,,m,w
p,0.8,x,g,n,f,a,,n,4.11,1.06,,s,k,,,f,f,,d,w
p,0.73,x,,o,f,d,,o,4.33,0.85,,,y,,,f,f,w,g,a
p,3.53,f,,w,f,x,c,p,7.87,4.34,,,n,,,f,f,,l,u
e,2.79,s,d,n,t,d,c,p,4.19,5.74,,,g,,,f,f,,d,u
e,4.25,x,,y,f,a,c,o,3.78,8.87,,,w,,,f,f,,d,u
e,1.66,x,t,n,f,d,,w,4.86,1.91,,t,y,,,f,f,,d,a
e,4.09,x,s,n,f,p,,n,5.09,11.41,,,n,,,f,f,,d,u
p,15.64,x,g,o,f,e,,w,18.05,17.33,s,y,w,u,w,t,p,,d,w
e,8.5,x,s,n,t,p,,n,6.86,18.57,,,n,,w,t,p,,d,a
p,3.68,x,t,n,f,s,c,n,6.18,8.34,,,w,,n,t,z,,d,u
p,9.84,f,y,y,f,s,c,y,8.98,22.36,,y,y,,,f,f,,d,a
e,1.58,x,g,y,f,d,,w,6.71,1.8,,t,y,,,f,f,,d,u
e,6.95,x,,p,f,x,c,w,7.11,17.23,,s,w,,,f,f,,d,u
e,47.37,o,y,y,f,p,,y,6.57,39.83,,k,k,,,f,f,,d,s
e,3.63,x,k,n,f,p,,y,4.64,10.22,,,n,,,f,f,,d,a
p,3.44,b,y,n,f,,c,g,6.17,4.45,s,s,w,,,f,f,,d,a
e,9.2,s,,g,f,s,c,g,7.79,22.31,b,,u,,,f,f,,g,a
p,4.81,f,l,e,f,x,d,e,6.43,5.25,,,n,,,f,f,,l,u
p,7.13,o,k,r,f,,c,y,1.46,15.31,,,y,,,f,f,,d,w
e,6.55,x,h,n,f,x,c,w,6.23,6.65,,s,n,,,t,r,,d,a
p,2.81,s,d,w,f,d,d,p,3.05,2.36,,h,w,,,f,f,,g,u
p,8.32,f,d,n,t,d,c,w,5.37,9.82,,,e,,,f,f,,d,u
p,6.3,x,s,n,t,s,d,r,6.45,15.75,r,i,w,,,f,f,,d,u
p,5.82,b,t,w,f,e,c,w,12.02,12.07,,y,w,u,w,t,e,,d,a
p,1.04,x,g,w,f,a,d,w,2.72,1.39,,,e,,,f,f,,d,a
p,3.68,x,y,y,f,a,,w,5.56,3.6,,y,y,,,t,r,,g,a
p,7.46,f,w,p,f,s,c,p,4.66,9.73,,,p,,,f,f,,d,a
p,7.79,p,,n,f,p,,p,8.92,28.0,c,,n,,,f,f,p,d,u
e,0.85,p,g,g,f,,,g,3.04,1.34,,,w,,,f,f,,d,w
p,0.97,b,t,y,f,,c,g,3.41,2.58,,,n,,,t,f,,m,u
e,11.13,s,t,p,t,d,c,o,5.78,18.33,,,w,,,f,f,,d,a
e,6.59,p,y,w,f,e,c,p,5.97,13.54,,,w,,w,t,e,,g,a
p,13.74,x,h,n,t,p,,y,8.53,28.68,c,,y,,,f,f,,d,a
p,12.67,x,t,n,f,a,d,w,12.07,33.28,,,w,,,f,f,,d,a
e,58.21,o,y,y,f,p,,y,8.0,48.08,,k,k,,,f,f,,d,s
p,3.69,x,,n,f,x,c,p,8.3,3.96,,,n,,,f,f,,l,u
e,3.25,b,g,w,f,x,d,w,4.69,3.39,,,y,,,f,f,,g,u
p,8.3,x,i,n,f,a,c,k,9.21,8.53,,i,n,,k,t,z,k,d,u
p,3.73,f,,u,f,a,,w,4.07,6.23,,,y,,,f,f,,d,a
p,2.51,x,k,n,f,s,,p,3.73,2.75,,,n,,,f,f,p,g,u
e,6.55,f,t,n,f,s,,y,7.91,11.82,,i,n,,,f,f,,d,a
p,2.92,x,i,e,f,,,e,4.55,4.85,,,e,,,f,f,n,d,a
p,3.97,s,d,w,f,a,d,p,4.17,2.74,,h,w,,,f,f,,g,a
p,7.48,b,t,w,f,e,c,w,14.28,13.43,,y,w,u,w,t,e,,d,u
p,7.22,x,y,w,t,,,g,7.69,13.38,s,,w,,,t,l,,d,a
p,2.79,x,s,g,f,d,c,w,2.98,6.42,,,w,,,f,f,,g,u
e,49.34,o,y,y,f,p,,y,5.12,28.91,,k,k,,,f,f,,d,s
e,15.03,f,y,w,f,,,w,21.82,17.16,s,,n,,,t,m,,m,a
p,5.94,f,t,e,f,x,,w,12.28,5.73,r,g,n,,,f,f,,d,u
p,3.84,b,y,p,f,e,c,w,5.09,3.88,,k,w,,,t,e,,m,a
p,5.69,f,,g,f,d,c,w,5.28,10.23,b,,n,,,f,f,,d,w
p,11.7,o,,n,f,f,f,f,4.22,25.97,,g,n,,,f,f,,d,s
p,5.29,s,,e,t,d,c,b,6.14,5.96,,,e,,,f,f,,d,u
p,2.92,f,,w,f,a,c,n,4.48,3.71,,i,u,,,f,f,,p,a
e,9.07,x,s,n,f,e,c,p,6.15,10.18,,i,n,,,f,f,p,d,s
p,3.26,x,t,l,f,s,c,g,6.0,7.48,,y,l,,,t,e,k,g,u
p,2.69,f,d,r,f,a,,y,5.06,6.17,,t,r,,,f,f,,g,u
p,7.46,s,t,y,f,x,c,y,6.32,17.02,,,y,,,f,f,,d,a
e,5.43,x,t,n,f,p,,n,6.79,11.84,,,n,,,f,f,,d,a
p,6.07,p,y,n,f,,,g,12.19,13.34,,s,w,,,t,z,,g,w
p,12.1,x,,g,f,e,,w,10.49,14.84,,,w,u,w,t,g,,d,u
p,5.06,x,e,e,f,a,,n,7.95,9.16,,,e,,w,t,z,,d,a
e,20.39,f,y,w,f,,,w,27.22,21.84,s,,n,,,t,m,,d,a
p,0.91,x,g,w,f,a,d,w,2.95,1.55,,,e,,,f,f,,l,u
p,3.66,f,d,b,f,x,c,y,4.79,3.61,b,i,n,,,f,f,,d,a
p,10.19,x,e,n,f,a,,n,10.62,16.22,s,,n,,e,f,f,,h,a
p,5.18,c,e,w,t,x,c,y,5.14,12.09,,,w,,,f,f,,g,u
e,6.4,c,t,n,f,e,,w,12.6,13.2,,s,w,u,w,f,f,,d,a
e,1.16,c,g,n,f,a,,g,4.16,1.11,,,g,,,f,f,,d,u
p,6.36,x,e,e,f,a,,y,7.56,9.25,,,y,,w,t,z,,d,a
e,0.82,x,g,e,t,a,,w,4.73,0.95,,,n,,,f,f,,d,u
e,45.32,o,y,y,f,p,,y,7.36,29.87,,k,n,,,f,f,,d,s
p,5.14,o,s,n,f,f,f,f,0.0,0.0,f,f,f,,,t,f,,d,u
p,4.45,x,s,y,f,,c,k,10.47,8.53,,,y,u,w,t,z,r,d,a
p,4.33,x,t,o,f,a,c,y,5.7,7.59,,g,o,,,f,f,,g,a
p,13.26,x,s,n,t,p,,y,8.63,32.58,c,,y,,,f,f,,d,u
e,3.49,s,d,p,t,d,c,p,4.53,5.99,,,n,,,f,f,,d,u
e,6.87,x,s,k,f,a,c,w,3.45,11.33,,,w,,,f,f,,d,u
p,4.03,f,d,b,f,x,c,y,4.6,3.18,b,s,n,,,f,f,,l,a
e,4.46,x,s,o,f,p,,n,5.35,11.54,,,n,,,f,f,,d,u
p,6.96,s,h,r,t,d,,w,4.52,13.04,,t,g,,,f,f,,d,a
p,1.36,x,g,n,f,d,d,n,1.99,2.3,,s,n,,,f,f,,d,a
e,4.55,x,d,n,f,p,,y,5.43,11.17,,,y,,,f,f,,d,a
p,2.65,o,l,g,f,f,f,f,0.0,0.0,f,f,f,,,f,f,,d,s
p,2.6,x,g,e,f,a,,w,8.51,2.65,,,n,,,f,f,,d,u
e,8.57,f,s,e,f,d,d,w,8.52,11.31,,i,n,,,t,,w,d,u
p,0.51,f,,o,f,d,,o,3.93,0.95,,,o,,,f,f,w,g,a
p,10.7,f,t,r,t,d,c,n,6.22,13.91,,,n,,,f,f,,d,u
p,5.06,x,t,y,f,a,c,y,5.87,6.72,,g,o,,,f,f,,g,u
e,1.25,f,w,n,f,,d,g,4.4,2.26,,,w,,,f,f,,d,a
p,0.78,x,g,w,f,a,d,w,2.36,1.31,,,e,,,f,f,,l,a
p,3.48,s,w,u,f,a,c,g,5.26,4.59,,s,u,,,f,f,,l,a
p,4.8,x,e,e,f,a,,n,6.72,9.11,,,n,,w,t,z,,d,a
e,1.46,x,t,y,f,d,,w,7.13,2.24,,t,y,,,f,f,,h,a
p,1.84,b,g,w,f,,c,n,6.07,2.81,,,n,,,f,f,,d,s
p,12.75,x,s,y,f,s,,p,6.9,16.49,,i,n,,,f,f,,d,u
p,3.78,x,h,o,f,a,c,n,4.84,5.9,,y,n,,,t,z,,d,a
p,2.46,f,,u,f,a,c,w,4.29,3.74,,i,w,,,f,f,,d,u
e,17.34,s,e,g,f,a,c,w,10.4,28.94,s,,w,,,f,f,,l,w
p,4.69,f,k,n,f,p,,n,3.61,4.6,,k,n,,,t,f,,d,u
p,3.35,b,,k,f,a,,k,9.55,2.61,,,n,,w,f,f,k,g,a
e,4.08,f,g,n,f,a,d,g,5.29,3.81,,s,n,,,f,f,,d,u
e,6.35,f,,y,f,a,c,w,5.81,13.59,,,w,,,f,f,,d,u
e,1.73,c,g,n,f,a,,w,4.97,1.63,,,g,,,f,f,,l,u
e,12.84,f,s,y,f,x,,n,8.25,26.65,,,n,,,f,f,,d,w
p,3.2,c,,u,f,a,c,n,3.66,3.57,,i,u,,,f,f,,d,a
e,6.77,x,s,b,f,x,c,w,7.61,10.46,,s,n,,,f,f,,l,w
p,6.04,f,,r,f,x,c,y,5.85,8.93,,,w,,,f,f,,d,u
p,10.92,x,e,y,t,p,,e,9.24,27.29,,,e,,,f,f,,d,a
e,1.44,x,s,y,f,a,,w,6.54,2.32,,t,y,,,f,f,,h,u
e,4.42,x,,w,f,d,,r,7.09,8.83,,,r,,,f,f,,l,u
p,8.21,x,i,y,f,a,c,k,7.98,7.9,,i,n,,k,t,z,k,g,a
e,13.04,f,s,e,f,a,d,w,10.74,18.67,,i,n,,,t,,w,d,w
p,3.07,x,y,n,f,a,,w,5.92,3.73,,y,n,,,t,r,,g,u
e,15.74,p,w,n,f,p,,y,13.09,62.61,,,n,,,f,f,,d,u
e,5.39,c,h,n,f,e,,w,11.65,12.85,,s,n,u,w,f,f,,d,a
p,1.56,b,h,n,f,a,,n,3.63,1.23,,t,n,,,f,f,,d,u
e,2.74,x,,u,f,,d,w,5.78,4.1,,,w,,,f,f,,d,a
p,0.71,x,g,p,f,a,,n,4.17,0.93,,s,k,,,f,f,,d,s
e,5.62,s,d,o,f,d,d,o,5.44,11.52,,,w,,,f,f,,m,w
p,15.26,s,k,w,t,d,d,n,7.9,31.77,,,w,,,f,f,,d,w
e,5.97,f,h,g,f,s,d,w,5.24,10.21,,s,g,,,f,f,,d,u
e,4.95,x,,w,f,x,c,n,6.61,4.08,,,w,,,f,f,,d,u
p,2.6,f,s,g,f,d,c,w,2.87,7.22,,,w,,,f,f,,g,a
p,3.74,x,t,n,f,s,c,n,6.09,9.82,,,w,,n,t,z,,d,a
p,12.05,s,t,n,t,d,c,b,5.08,25.16,,,g,,,f,f,,d,a
p,4.64,x,s,r,t,s,d,r,2.99,10.16,r,y,n,,,f,f,,d,u
e,11.3,p,s,w,t,e,,n,12.04,18.29,s,,w,,,t,l,,m,a
e,8.47,x,d,y,t,p,,y,6.32,12.25,,,y,,,f,f,,d,a
p,8.83,x,y,w,t,,,w,9.57,17.86,s,,w,,,t,l,,d,u
p,5.72,s,k,y,f,p,,n,4.49,7.05,,k,n,,,t,f,,d,u
p,8.96,f,,n,f,x,c,w,9.96,11.97,r,i,w,,,f,f,,h,u
e,6.48,x,t,y,t,x,c,y,7.2,13.99,,,w,,,f,f,,d,u
e,0.89,x,g,n,t,a,,w,4.87,0.92,,,n,,,f,f,,h,a
p,7.93,x,w,n,f,x,,w,16.88,7.54,r,g,n,,,f,f,,d,a
e,6.28,x,s,n,f,x,c,w,6.11,11.42,,s,n,,,f,f,,l,w
p,1.61,x,,n,f,,,n,5.48,2.53,,s,n,,,f,f,k,g,u
e,18.96,x,e,n,f,d,c,w,8.9,27.05,s,,w,,,f,f,,l,w
p,10.57,x,i,y,f,a,,o,13.73,25.47,r,,o,,,t,r,n,d,w
e,9.48,x,y,n,t,e,,p,9.08,18.2,,y,w,,,t,l,,l,a
p,4.35,o,,w,f,f,f,f,5.79,30.31,,g,w,,,t,f,,p,a
p,3.8,f,y,e,f,e,c,n,4.75,3.44,,k,w,,,t,e,,d,u
p,4.83,x,s,y,f,a,c,y,6.51,8.45,,g,o,,,f,f,,g,u
p,5.57,b,i,o,f,e,,g,6.83,7.21,,,y,,,f,f,,g,u
p,1.54,f,t,y,f,,,n,6.4,2.61,,,y,,,f,f,,g,u
p,8.56,s,h,r,t,d,,g,4.73,13.39,,t,r,,,f,f,,d,a
e,7.59,x,d,y,t,p,,y,8.42,18.52,,,y,,,f,f,,d,u
e,16.0,p,y,w,f,,,w,24.05,19.61,s,,n,,,t,m,,d,a
p,8.56,x,,g,t,x,,u,8.91,21.03,s,,u,,u,f,f,,d,a
p,5.73,x,i,e,f,e,,k,7.21,8.38,,,k,,,f,f,,g,u
e,21.91,x,s,n,f,a,d,y,7.98,25.92,,,w,,,f,f,w,d,a
p,1.28,f,s,y,f,f,f,f,4.38,6.3,,,y,,,f,f,,d,a
p,2.8,x,g,e,f,a,,w,7.55,2.6,,,n,,,f,f,,d,a
e,10.37,s,,w,t,d,c,w,6.35,23.94,,,w,,,f,f,,d,a
e,6.63,x,,y,f,a,c,w,6.41,16.0,,,w,,,f,f,,d,u
e,7.8,x,t,n,t,p,,n,6.13,16.56,,,n,,w,t,p,,d,u
p,4.08,x,,w,f,x,c,p,8.14,4.21,,,n,,,f,f,,d,u
e,52.3,o,y,y,f,p,,y,6.94,30.17,,k,k,,,f,f,,d,u
e,5.67,f,h,g,f,s,d,w,4.33,9.18,,s,g,,,f,f,,d,u
p,3.89,f,,e,f,x,,w,4.97,6.21,,,w,,,f,f,,d,a
p,4.22,f,t,n,f,x,c,p,6.26,4.81,,i,n,,,f,f,,d,u
p,10.04,s,,o,t,d,,o,4.41,11.86,,,w,,,t,f,,d,u
p,6.34,x,h,e,f,x,,w,15.67,7.59,r,g,n,,,f,f,,d,u
p,0.63,x,g,o,f,,,y,3.31,0.7,,,y,,,f,f,,d,u
e,4.4,x,,w,f,a,,r,5.24,7.3,,,w,,,f,f,,l,a
p,3.04,o,l,g,f,f,f,f,0.0,0.0,f,f,f,,,f,f,,d,w
e,2.15,x,,u,f,,d,w,4.78,3.13,,,w,,,f,f,,d,w
p,11.95,x,,n,f,e,,w,10.48,12.22,,,w,u,w,t,g,,d,a
e,16.35,p,y,n,f,,,w,21.8,17.48,s,,n,,,t,m,,m,u
p,7.52,f,w,p,f,s,c,p,4.73,10.51,,,p,,,f,f,,d,w
e,9.21,x,d,n,t,p,,r,6.25,12.64,,,e,,,f,f,,d,u
p,8.15,b,y,w,f,,,p,15.86,17.56,,,w,,,f,f,,d,a
e,5.47,x,h,n,f,x,c,w,4.69,5.47,,y,n,,,t,r,,d,a
e,16.04,x,y,n,t,e,,w,9.42,16.34,,,w,,,t,,,g,u
p,3.1,b,,n,f,a,,n,7.55,2.39,,,g,,w,f,f,k,g,a
p,11.0,x,d,y,f,a,,o,12.85,23.23,r,,o,,,t,r,n,d,u
e,11.83,f,e,b,f,,c,b,5.3,20.33,,,w,,,t,f,,d,a
p,4.0,x,t,n,f,a,c,n,4.33,5.95,,y,n,,,t,z,,d,a
e,4.78,x,y,n,f,s,,g,3.9,6.93,,,w,,,f,f,,d,a
p,15.41,x,h,y,f,s,,p,8.89,18.57,,i,n,,,f,f,,d,a
e,5.36,o,,n,f,f,f,f,5.67,17.87,,,n,,,f,f,,d,s
e,10.22,x,s,e,f,d,d,w,9.35,15.52,,i,n,,,t,,w,d,w
e,11.68,p,y,w,f,e,c,p,21.0,12.82,,s,w,,,t,e,,g,w
p,6.95,x,i,y,f,a,c,n,6.93,7.06,,i,n,,k,t,z,k,d,a
e,2.22,s,,y,f,f,f,f,5.97,6.05,,,o,,,f,f,,d,a
e,5.13,b,h,k,f,s,d,g,5.17,10.84,,s,g,,,f,f,,d,a
e,5.72,p,,n,f,f,f,f,5.89,23.07,,,n,,,f,f,,l,s
e,7.26,s,,n,f,d,c,w,5.75,7.98,,s,w,,,f,f,,h,a
p,4.66,o,s,o,f,f,f,f,0.0,0.0,f,f,f,,,t,f,,d,a
e,8.07,x,y,w,f,e,c,k,5.76,13.3,,,w,,w,t,e,,m,u
e,2.93,f,d,p,t,d,c,p,3.91,4.51,,,g,,,f,f,,d,u
e,3.57,x,h,n,f,,c,n,6.3,7.08,,s,w,,w,f,f,k,d,a
p,12.23,x,t,n,f,a,d,w,11.61,34.37,,,w,,,f,f,,d,u
e,7.34,x,,n,f,x,c,w,7.97,22.62,,s,w,,,f,f,,d,u
p,3.45,s,w,u,f,a,c,g,4.5,5.4,,s,u,,,f,f,,d,u
e,3.05,x,d,n,f,p,,n,4.3,9.55,,,n,,,f,f,,d,a
p,9.07,x,,n,t,x,,n,9.38,20.26,s,,n,,u,f,f,,d,a
p,1.21,f,s,y,f,f,f,f,3.31,5.03,,,y,,,f,f,,d,u
e,6.62,x,,y,f,e,,w,5.68,12.26,b,,w,u,y,t,g,,d,a
e,9.85,x,e,l,f,x,c,w,5.86,15.8,,,w,,,f,f,,d,u
e,4.85,s,l,n,f,f,f,f,6.76,44.06,,,n,,,f,f,g,d,w
e,18.27,x,d,n,f,p,,w,16.99,36.57,s,y,w,,,f,f,,d,a
e,5.58,o,,n,f,f,f,f,5.39,18.07,,,n,,,f,f,,l,s
e,7.74,x,y,n,f,e,c,p,5.24,10.35,,y,n,,,f,f,,d,u
e,4.03,x,,r,f,a,,r,6.28,7.57,,,w,,,f,f,,d,a
e,10.07,x,,g,f,s,c,p,7.23,19.49,b,,u,,,f,f,,d,a
e,6.86,s,,n,f,d,c,w,5.56,8.64,,s,w,,,f,f,,h,a
p,6.09,b,d,n,f,d,c,n,5.47,6.56,,i,n,,,t,,,d,a
e,3.82,x,,w,f,x,c,w,7.59,9.33,b,,n,,w,t,,,g,a
e,10.77,s,t,p,t,d,c,o,6.21,17.4,,,w,,,f,f,,d,u
p,3.29,o,l,g,f,f,f,f,0.0,0.0,f,f,f,,,f,f,,d,s
p,3.13,f,d,y,f,a,,y,5.15,6.98,,t,r,,,f,f,,m,u
e,5.94,c,,n,f,f,f,f,5.85,21.17,,,n,,,f,f,,d,s
e,12.21,p,w,n,f,p,,w,14.75,63.29,,,n,,,f,f,,d,a
e,5.96,f,w,y,f,f,f,f,5.58,13.34,,,y,,,f,f,,d,u
p,13.76,x,,n,f,e,,w,11.26,14.75,,,w,u,w,t,e,,d,a
p,2.98,s,w,o,t,d,c,y,2.98,4.77,,,n,,,f,f,,d,a
e,7.21,x,,n,t,p,,g,13.41,26.9,,y,w,,,f,f,,d,a
p,3.75,b,w,u,f,a,c,g,5.78,6.77,,s,u,,,f,f,,l,u
p,5.18,x,,p,f,,c,g,3.3,12.67,,,y,,,f,f,,d,a
p,5.9,x,t,y,f,x,c,y,4.77,12.44,,,y,,,f,f,,d,a
e,6.1,x,h,n,f,e,,w,13.64,11.91,,s,n,u,w,f,f,,d,a
p,7.28,f,h,e,f,x,d,w,4.34,15.39,b,,w,,,f,f,,d,u
e,4.21,x,t,n,f,d,,o,6.01,6.91,,t,w,,,f,f,,d,a
p,4.77,x,,p,f,,c,r,4.08,12.26,,,y,,,f,f,,d,a
p,7.43,x,d,e,t,d,c,w,7.33,10.31,,,e,,,f,f,,d,a
e,8.15,x,,n,f,a,,w,6.54,13.12,,,g,,,f,f,,g,a
e,4.66,b,g,g,f,a,d,g,6.36,4.24,,s,g,,,f,f,,d,w
e,8.69,x,,n,t,,,w,10.1,15.28,b,,w,u,w,t,g,,d,u
e,3.99,f,y,n,f,s,,g,4.03,6.74,,,w,,,f,f,,d,u
e,4.55,x,,n,f,x,c,w,8.2,9.9,b,,w,,w,t,,,d,a
p,0.82,x,g,n,f,a,,n,4.48,1.07,,h,k,,,f,f,,d,s
p,2.33,x,i,l,f,a,,p,4.89,2.77,,,w,,,f,f,p,g,a
e,6.23,p,s,w,f,e,c,p,5.66,12.88,,,w,,w,t,e,,g,u
e,10.0,p,i,n,t,e,,p,9.04,17.91,,y,w,,,t,p,,d,a
e,7.03,x,s,b,f,x,c,w,6.76,9.93,,s,n,,,f,f,,l,a
e,15.91,p,d,o,f,p,,n,15.6,33.31,s,y,w,,,f,f,,d,u
e,1.03,b,g,w,f,,,g,2.49,1.3,,,w,,,f,f,,d,a
p,2.14,x,g,e,f,a,,p,5.43,2.13,,,w,,,f,f,,d,u
p,6.28,x,h,n,f,x,,w,11.07,7.59,r,g,n,,,f,f,,d,a
e,4.04,b,g,n,f,x,d,w,5.35,3.59,,,y,,,f,f,,g,a
p,11.87,x,,n,t,x,,n,11.36,22.91,s,,n,,u,f,f,,d,a
p,9.13,s,,r,t,d,,o,4.88,12.11,,,w,,,t,f,,d,a
p,7.79,b,t,w,f,e,c,w,11.63,11.36,,y,w,u,w,t,l,,d,a
e,18.8,p,d,n,f,p,,w,16.3,34.71,s,y,w,,,f,f,,d,u
e,6.37,x,t,y,t,x,c,y,7.51,16.63,,,w,,,f,f,,d,a
p,1.65,f,i,l,f,a,,w,4.13,2.61,,,w,,,f,f,p,g,u
e,6.63,s,d,o,f,d,d,o,6.2,13.75,,,w,,,f,f,,g,a
p,7.07,x,g,n,f,e,,w,8.82,18.08,,y,w,u,w,t,p,,d,a
e,3.43,f,t,n,f,d,,o,5.79,7.18,,t,w,,,f,f,,d,a
p,5.17,x,,g,f,d,c,y,5.47,10.04,b,,n,,,f,f,,d,w
e,1.3,c,g,n,f,a,,w,5.52,1.63,,,g,,,f,f,,d,u
e,7.92,x,h,y,f,p,,y,6.84,14.34,,,y,,y,t,,,d,u
p,9.6,f,h,r,f,,c,w,11.25,16.56,,,w,u,w,t,p,,d,a
p,1.1,b,t,y,f,,c,g,3.9,2.68,,,n,,,t,f,,g,a
e,6.9,x,y,n,f,e,c,w,5.39,8.74,,y,n,,,f,f,,d,u
p,9.72,x,,n,f,p,,p,9.97,27.73,c,,n,,,f,f,p,d,u
p,7.53,x,d,n,f,a,c,n,6.51,7.53,,i,n,,,t,,,d,a
p,3.7,b,s,y,f,,c,k,7.28,5.62,,,y,u,w,t,z,r,d,u
p,1.7,x,g,y,f,d,d,n,1.94,2.47,,s,n,,,f,f,,h,a
e,7.58,s,l,w,f,d,,w,3.6,10.11,,,w,,,f,f,,g,u
p,3.16,f,d,y,f,a,,r,4.78,5.77,,t,r,,,f,f,,g,a
e,9.58,x,i,n,t,e,,p,8.68,17.37,,y,w,,,t,l,,l,a
p,5.59,x,s,n,t,s,d,w,6.06,15.2,r,i,n,,,f,f,,d,a
e,11.38,f,e,b,f,,c,b,4.64,17.49,,,w,,,t,f,,d,a
e,1.0,b,g,w,f,,,g,3.01,1.29,,,w,,,f,f,,d,u
p,1.19,x,s,y,f,f,f,f,3.28,5.79,,,y,,,f,f,,d,u
e,5.64,x,h,n,f,x,c,n,6.75,6.57,,y,n,,,t,r,,d,s
e,4.41,x,,n,f,x,c,w,7.85,9.28,b,,w,,w,t,,,g,a
p,5.78,f,k,n,f,p,,n,4.2,6.01,,k,n,,,t,f,,d,u
e,1.59,x,t,y,f,d,,w,6.06,1.95,,t,y,,,f,f,,d,a
p,8.03,x,g,n,f,e,,w,7.82,13.89,,y,w,u,w,t,p,,d,u
e,4.87,x,y,w,f,e,c,k,5.68,12.55,,,w,,w,t,e,,g,a
p,7.43,f,t,y,f,x,c,y,5.98,14.67,,,y,,,f,f,,d,a
p,7.48,b,y,g,f,,,g,11.73,13.12,,s,w,,,t,z,,g,u
e,7.8,x,t,y,t,x,c,y,6.97,12.12,,,w,,,f,f,,d,a
e,10.33,f,e,b,f,,c,b,5.57,21.21,,,w,,,t,f,,d,a
p,7.53,x,i,n,f,a,c,n,9.07,9.06,,i,n,,k,t,z,k,g,u
p,1.52,b,h,n,f,a,,n,4.19,1.51,,t,n,,,f,f,,g,a
p,18.95,x,d,o,f,p,,y,4.69,38.35,,,n,,,f,f,,d,w
e,15.5,x,y,n,t,e,,w,10.03,18.45,,,w,,,t,,,d,u
e,10.08,x,t,n,t,p,,y,7.97,22.25,,,n,,,f,f,,d,a
e,4.46,o,l,n,f,f,f,f,5.44,19.3,,,n,,,f,f,g,l,a
p,3.74,x,i,e,f,,,e,5.58,5.7,,,e,,,f,f,n,d,a
p,3.65,f,,b,f,x,,w,5.6,6.66,,,w,,,f,f,,d,a
e,1.13,p,g,g,f,,,g,3.02,1.68,,,w,,,f,f,,d,u
e,7.45,x,,g,t,p,,g,9.81,22.21,,y,w,,,f,f,,d,a
p,2.84,s,d,w,f,a,d,p,3.75,2.37,,h,w,,,f,f,,g,u
p,2.45,b,,n,f,a,,k,8.71,2.36,,,n,,w,f,f,k,g,a
e,3.0,b,y,n,f,,c,k,6.55,2.99,,,w,,,f,f,,d,u
e,5.78,s,,n,f,d,c,w,4.48,7.18,,s,w,,,f,f,,d,a
p,3.22,b,,n,f,a,,k,8.67,2.36,,,g,,w,f,f,k,g,a
p,7.24,x,s,n,t,s,d,r,6.43,16.5,r,y,w,,,f,f,,d,u
p,5.04,s,d,y,f,d,c,o,3.15,5.9,,,y,,,f,f,,d,a
e,6.85,x,s,w,f,s,c,w,5.95,24.55,,,w,,,f,f,,d,u
p,5.89,p,s,g,f,,,k,11.22,13.95,,s,w,,,t,z,,g,a
e,10.07,f,e,b,f,,c,b,5.45,22.97,,,w,,,t,f,,d,a
e,18.09,x,t,k,f,a,d,y,8.19,26.49,,,w,,,f,f,w,d,u
e,6.26,f,y,w,f,e,c,p,5.38,12.52,,,w,,w,t,e,,g,u
p,4.65,x,s,y,f,,c,r,7.78,7.39,,,y,u,w,t,z,k,d,a
p,7.3,p,y,w,f,,,k,14.16,16.53,,,w,,,f,f,,d,a
p,3.71,o,l,g,f,f,f,f,0.0,0.0,f,f,f,,,f,f,,d,u
p,7.5,x,t,e,f,x,d,w,6.67,18.15,b,,w,,,f,f,,d,u
e,6.65,x,w,y,f,f,f,f,5.85,13.65,,,y,,,f,f,,d,a
p,3.18,x,y,n,f,a,,w,5.93,3.5,,y,y,,,t,r,,h,a
e,3.96,x,,y,f,a,c,y,3.29,8.56,,,w,,,f,f,,d,u
e,2.76,f,s,w,f,d,d,w,2.89,6.12,,,w,,,f,f,,g,w
e,1.43,x,t,n,f,d,,w,5.01,1.37,,t,y,,,f,f,,h,u
p,2.63,o,s,y,f,f,f,f,0.0,0.0,f,f,f,,,t,f,,d,a
p,4.6,x,y,n,f,a,,w,6.13,3.62,,y,y,,,t,r,,d,u
p,3.16,o,l,g,f,f,f,f,0.0,0.0,f,f,f,,,f,f,,d,u
e,12.32,x,,n,t,,,w,11.29,20.35,b,,w,u,w,t,g,,d,a
e,7.69,s,,g,f,s,c,g,5.73,19.32,b,,u,,,f,f,,g,a
p,3.06,f,w,p,f,a,,r,5.1,6.03,,t,y,,,f,f,,g,u
e,5.68,x,i,n,f,e,c,p,4.57,12.37,,,w,,,t,l,,w,a
p,2.86,b,d,p,f,a,,y,5.01,5.67,,t,r,,,f,f,,g,u
p,10.63,x,t,n,f,a,d,w,10.58,28.54,,,w,,,f,f,,d,a
e,8.27,x,e,l,f,x,c,w,6.9,16.4,,,w,,,f,f,,d,a
p,3.09,x,y,n,f,a,,w,6.05,3.62,,y,n,,,t,r,,h,a
e,4.5,x,,y,f,a,c,y,4.77,9.16,,,w,,,f,f,,d,u
p,6.19,s,d,o,f,d,c,y,4.17,7.57,,,o,,,f,f,,d,a
p,3.85,x,,b,f,x,,w,5.35,7.11,,,w,,,f,f,,d,a
p,5.81,x,e,e,f,a,,y,7.86,10.16,,,n,,w,t,z,,d,a
p,3.01,f,d,b,f,x,c,w,3.62,2.68,b,i,n,,,f,f,,d,u
p,1.41,o,k,n,f,,,n,4.42,1.62,,,n,,,f,f,,d,u
p,3.84,o,s,n,f,,c,w,0.0,0.0,f,f,f,,,f,f,n,d,u
e,13.37,s,s,u,f,x,,n,7.45,24.13,,,p,,,f,f,,d,w
p,4.35,x,s,y,f,,c,r,8.96,7.31,,,y,u,w,t,z,k,d,s
p,4.04,f,,u,f,a,,w,4.41,6.95,,,w,,,f,f,,d,a
e,6.24,s,w,y,f,f,f,f,5.68,14.06,,,y,,,f,f,,d,u
e,7.33,x,y,n,f,e,c,p,7.19,10.9,,y,n,,,f,f,,d,a
e,11.61,x,h,n,t,p,,y,10.67,23.01,,,n,,,f,f,,d,u
p,6.76,x,w,n,f,x,,w,16.27,9.93,r,g,n,,,f,f,,d,a
p,6.08,x,s,n,f,s,,g,4.87,6.55,,y,n,,,f,f,,d,a
e,1.0,b,g,g,f,,,g,2.78,1.37,,,w,,,f,f,,d,s
e,8.11,o,,n,f,,,w,5.31,26.54,,,n,,,f,f,,d,u
p,8.21,b,y,w,f,,,p,14.27,18.03,,,w,,,f,f,,d,a
e,7.42,x,d,y,t,p,,y,7.63,14.95,,,y,,,f,f,,d,u
p,7.72,x,,g,t,x,,u,8.74,18.79,s,,n,,u,f,f,,d,a
e,9.56,x,s,w,f,s,c,w,7.48,29.85,,,w,,,f,f,,d,u
e,8.51,x,y,e,f,,,w,7.52,23.82,b,,n,,w,t,e,,d,w
p,10.49,o,,n,f,f,f,f,3.27,26.41,,g,n,,,f,f,,d,s
e,11.27,f,e,b,f,,c,b,5.16,20.15,,,w,,,t,f,,d,a
p,7.16,c,e,w,t,x,c,y,8.46,11.65,,,w,,,f,f,,g,s
e,1.4,x,t,y,f,d,,w,5.47,1.96,,t,y,,,f,f,,h,u
e,4.42,x,,r,f,a,,r,6.11,7.76,,,l,,,f,f,,l,a
e,49.48,o,y,y,f,p,,y,5.46,28.01,,k,n,,,f,f,,d,u
p,2.26,b,g,w,f,,c,n,6.48,3.06,,,n,,,f,f,,g,s
p,12.25,f,,n,f,e,,w,11.3,15.17,,,w,u,w,t,e,,d,a
e,4.81,b,g,n,f,a,d,g,5.5,4.11,,s,g,,,f,f,,d,u
p,0.52,x,g,y,f,,,y,3.4,0.65,,,y,,,f,f,,d,a
p,7.45,x,y,w,t,,,n,8.34,13.93,s,,w,,,t,l,,g,a
p,4.25,x,,n,f,x,c,p,8.81,4.19,,,n,,,f,f,,l,a
p,5.28,s,d,y,f,d,c,y,3.4,6.42,,,y,,,f,f,,h,u
p,2.26,b,d,p,f,a,,r,4.15,3.91,,t,y,,,f,f,,m,u
e,8.41,f,h,o,f,s,,n,10.18,13.69,,i,o,,,f,f,,d,a
e,3.92,s,d,u,t,d,c,p,4.86,6.32,,,g,,,f,f,,d,u
e,5.22,p,,g,f,f,f,f,6.37,21.39,,,n,,,f,f,,l,s
p,8.22,x,w,p,f,s,c,p,4.77,10.04,,,p,,,f,f,,d,w
e,5.18,x,,n,f,x,c,n,7.72,7.34,b,,n,,w,t,,,g,a
p,3.76,c,i,y,f,,c,r,6.03,5.86,,,w,,,f,f,,d,a
p,2.47,f,d,b,f,x,c,y,4.14,2.6,b,s,n,,,f,f,,d,a
p,3.51,x,t,n,f,s,c,n,5.97,9.02,,,w,,n,t,z,,d,a
e,2.49,f,y,n,f,d,d,p,7.82,3.42,,i,n,,,f,f,,h,a
e,12.1,f,e,b,f,,c,b,5.01,20.12,,,w,,,t,f,,d,a
p,9.23,s,t,p,t,d,c,p,7.95,14.35,,,p,,,t,f,,d,u
p,2.53,x,g,e,f,a,,p,7.46,2.42,,,w,,,f,f,,d,a
p,7.48,b,t,w,f,e,c,w,13.37,12.54,,y,w,u,w,t,l,,d,u
p,3.25,s,,u,f,a,,w,4.33,8.53,,,w,,,f,f,,d,u
p,2.98,f,w,n,t,d,c,y,4.1,6.91,,,n,,,f,f,,d,u
e,13.67,p,s,n,t,e,,g,12.55,19.21,s,,w,,,t,r,,m,a
p,0.71,f,,o,f,d,,o,3.95,0.92,,,y,,,f,f,w,g,a
p,7.71,o,k,r,f,,c,y,1.56,16.22,,,y,,,f,f,,d,w
e,7.25,x,,n,f,x,c,w,7.05,18.21,,s,w,,,f,f,,d,u
p,8.16,x,s,n,f,s,,g,5.7,7.77,,y,n,,,f,f,,d,a
e,44.98,o,y,y,f,p,,y,6.71,27.35,,k,n,,,f,f,,d,u
e,2.0,x,,b,f,,d,w,6.08,4.3,,,w,,,f,f,,d,u
p,8.15,f,,n,f,x,c,w,9.92,11.71,r,i,w,,,f,f,,d,a
e,4.44,f,h,n,f,a,d,y,7.43,6.29,,s,o,,,f,f,,d,w
e,18.39,s,t,k,f,a,d,y,7.45,24.09,,,w,,,f,f,w,d,u
p,8.3,x,y,w,t,,,n,8.34,15.72,s,,w,,,t,l,,d,u
p,5.53,s,k,y,f,p,,n,4.41,5.35,,k,n,,,t,f,,d,u
p,0.56,x,g,y,f,,,y,3.35,0.67,,,y,,,f,f,,d,a
e,5.16,f,s,n,f,x,c,w,7.09,10.36,,s,n,,,f,f,,l,a
e,8.93,x,h,y,f,p,,y,8.36,16.65,,,y,,y,t,,,d,a
p,1.55,x,g,n,f,d,d,n,2.45,2.62,,s,n,,,f,f,,d,a
p,1.74,b,,g,f,a,,g,4.98,2.08,,s,n,,,f,f,,d,a
e,5.37,x,y,n,f,s,,g,4.87,7.52,,,w,,,f,f,,d,a
e,9.69,s,,n,f,,,w,4.96,25.44,,,n,,,f,f,,d,a
p,1.87,b,,g,f,a,,g,5.24,1.89,,s,n,,,f,f,,d,u
e,3.43,x,k,n,f,p,,y,4.77,10.4,,,n,,,f,f,,d,a
p,5.56,x,t,n,f,s,,g,5.72,7.19,,y,n,,,f,f,,d,a
p,2.33,c,,w,f,a,c,w,4.01,3.52,,i,u,,,f,f,,d,u
e,8.26,f,d,w,f,s,c,w,6.76,27.0,,,w,,,f,f,,m,s
e,10.03,f,y,w,f,e,c,k,13.88,11.7,,s,w,,,t,e,,d,w
e,7.98,x,,n,f,s,c,g,7.39,19.16,b,,u,,,f,f,,g,a
e,15.1,x,y,n,t,e,,w,9.07,16.34,,,w,,,t,,,d,a
p,4.57,x,,p,f,,c,w,2.68,10.95,,,y,,,f,f,,d,a
p,2.69,s,d,w,f,d,d,p,3.84,2.36,,h,w,,,f,f,,g,a
e,10.07,x,s,y,f,a,d,w,8.78,14.29,,i,n,,,t,,w,d,w
p,9.1,s,t,p,t,d,c,p,7.48,15.06,,,p,,,t,f,,d,a
p,2.85,b,,n,f,a,,n,9.09,2.52,,,n,,w,f,f,k,g,a
p,2.48,b,,g,f,a,,n,7.17,2.45,,,n,,w,f,f,k,g,u
e,5.17,x,t,y,t,x,c,y,6.16,12.75,,,w,,,f,f,,d,a
p,4.77,x,s,e,f,e,,k,5.58,5.6,,,k,,,f,f,,g,u
p,2.99,b,,k,f,a,,k,8.28,2.44,,,g,,w,f,f,k,g,u
p,3.47,x,i,e,f,,,e,4.28,4.3,,,e,,,f,f,n,d,a
p,4.45,f,k,n,f,s,,p,4.34,3.61,,,n,,,f,f,p,g,a
p,0.72,x,,o,f,d,,o,4.07,0.99,,,o,,,f,f,w,g,u
e,10.93,x,,g,f,s,c,p,8.04,20.66,b,,u,,,f,f,,d,w
e,6.8,s,,n,f,d,c,w,5.38,8.54,,s,w,,,f,f,,l,a
p,2.66,s,w,n,t,d,c,y,2.77,5.41,,,n,,,f,f,,d,a
e,11.72,s,t,o,t,d,c,o,7.13,17.99,,,w,,,f,f,,d,u
e,4.61,x,,w,f,x,c,w,7.63,8.33,b,,w,,w,t,,,d,a
e,9.39,f,y,w,f,e,c,w,13.97,10.95,,s,w,,,t,e,,g,a
e,20.57,x,d,n,f,p,,w,16.41,36.13,s,y,w,,,f,f,,d,a
e,9.37,o,,n,f,,,w,4.45,19.84,,,n,,,f,f,,d,a
e,14.73,f,,g,f,d,c,y,2.53,14.69,,,w,,,f,f,,d,a
p,6.8,o,t,n,f,,c,o,1.4,15.57,,,n,,,f,f,,d,a
p,6.14,c,i,y,f,,c,r,7.19,8.87,,,w,,,f,f,,d,a
e,12.91,p,s,w,f,e,c,k,22.34,14.12,,s,w,,,t,e,,d,a
p,6.96,x,w,n,f,x,,w,10.33,6.51,r,g,n,,,f,f,,d,a
p,4.14,x,y,y,f,a,,w,4.96,3.29,,y,y,,,t,r,,g,u
p,7.89,x,w,p,f,s,c,p,5.23,10.01,,,p,,,f,f,,d,a
p,6.5,s,t,n,t,d,,w,4.44,12.64,,t,r,,,f,f,,d,a
e,7.64,x,s,n,f,e,c,p,5.79,9.04,,i,n,,,f,f,p,d,u
p,9.47,s,t,p,t,d,c,p,7.75,12.36,,,p,,,t,f,,d,a
p,6.6,o,t,r,f,,c,o,1.42,14.62,,,n,,,f,f,,d,w
p,3.2,x,y,y,f,a,,w,5.28,3.48,,y,n,,,t,r,,d,u
e,2.77,x,,u,f,,d,u,5.62,4.19,,,w,,,f,f,,d,a
e,8.43,x,h,y,f,p,,y,7.14,16.3,,,y,,y,t,,,d,u
p,4.0,b,t,r,f,s,c,n,7.22,8.17,,y,n,,,t,e,k,m,u
e,7.11,x,t,n,f,e,,w,14.0,13.98,,s,w,u,w,f,f,,d,a
p,3.02,s,s,w,f,d,c,w,2.64,7.31,,,w,,,f,f,,g,a
p,6.81,b,t,w,f,e,c,w,12.39,12.08,,y,w,u,w,t,l,,d,a
p,5.09,x,t,r,f,s,c,n,6.78,8.0,,y,n,,,t,e,k,d,u
p,1.14,x,g,w,f,a,d,w,2.79,1.61,,,n,,,f,f,,l,u
p,7.09,f,,n,f,d,c,y,5.67,9.95,b,,n,,,f,f,,l,a
e,16.88,f,y,n,f,,,w,22.98,19.7,s,,n,,,t,m,,m,a
p,5.96,f,h,r,f,,c,w,10.39,13.43,,,w,u,w,t,g,,d,a
p,3.35,o,l,g,f,f,f,f,0.0,0.0,f,f,f,,,f,f,,d,s
e,11.3,f,e,b,f,,c,b,5.12,21.26,,,w,,,t,f,,d,a
e,2.76,x,h,o,f,a,c,o,4.19,6.75,,,o,,,f,f,,g,w
e,7.65,f,,y,f,a,c,w,6.99,16.87,,,g,,,f,f,,d,w
p,2.9,x,g,n,f,a,,w,7.92,2.73,,,n,,,f,f,,d,a
e,4.17,f,,w,f,x,c,w,5.99,3.77,,,w,,,f,f,,d,a
e,18.27,x,s,n,f,a,d,y,7.74,27.23,,,w,,,f,f,w,d,u
e,1.2,p,g,g,f,,,g,3.69,1.66,,,w,,,f,f,,d,u
p,5.87,x,h,e,f,x,,w,12.13,6.73,r,g,n,,,f,f,,d,a
e,4.23,x,h,p,f,a,c,e,4.8,6.49,,,o,,,f,f,,m,w
p,1.41,x,k,n,f,,,n,3.23,1.43,,,n,,,f,f,,d,a
e,15.66,f,e,g,f,d,c,w,10.28,25.83,s,,w,,,f,f,,l,w
e,2.73,s,y,n,f,a,d,p,5.31,3.41,,i,n,,,f,f,,l,u
e,3.91,x,,y,f,a,c,y,3.42,8.72,,,w,,,f,f,,d,a
e,1.7,x,s,y,f,d,,w,6.14,2.27,,t,y,,,f,f,,d,u
p,3.63,o,s,y,f,f,f,f,0.0,0.0,f,f,f,,,t,f,,d,u
p,3.83,b,y,n,f,,c,g,5.6,4.54,s,s,w,,,f,f,,d,a
p,0.71,f,,o,f,d,,o,4.16,0.99,,,y,,,f,f,w,g,a
p,20.61,f,d,n,f,p,,y,4.86,31.16,,,n,,,f,f,,d,a
e,4.94,p,y,w,f,e,c,n,4.74,11.16,,,w,,w,t,e,,m,a
e,6.87,f,s,n,f,s,,y,8.95,11.71,,i,o,,,f,f,,d,a
e,4.35,p,y,w,f,e,c,k,3.77,11.7,,,w,,w,t,e,,g,u
e,7.18,s,,n,f,d,c,w,5.21,8.57,,s,w,,,f,f,,l,a
p,8.83,x,y,w,t,,,n,8.47,14.65,s,,w,,,t,l,,g,a
e,5.18,c,,g,f,f,f,f,4.33,18.97,,,n,,,f,f,,l,s
e,5.19,s,s,b,f,d,d,b,5.15,11.39,,,w,,,f,f,,m,a
p,8.91,x,,u,t,x,,u,8.38,20.71,s,,u,,u,f,f,,d,a
p,9.88,s,t,p,t,d,c,p,7.91,14.8,,,p,,,t,f,,d,u
p,2.02,b,,g,f,a,,g,5.2,1.97,,s,n,,,f,f,,d,a
e,8.84,f,d,w,f,s,c,w,6.26,28.54,,,w,,,f,f,,d,s
p,17.73,f,k,w,t,d,d,w,8.07,30.54,,,w,,,f,f,,d,w
e,7.93,x,s,n,f,a,d,w,7.52,15.24,,i,n,,,t,,w,d,w
e,3.02,b,y,n,f,,c,k,6.88,2.77,,,w,,,f,f,,d,u
p,10.4,o,,n,f,f,f,f,3.82,25.36,,g,n,,,f,f,,d,u
p,7.81,s,h,g,t,d,,w,4.56,13.17,,t,n,,,f,f,,d,u
e,9.37,x,e,l,f,x,c,w,8.9,25.45,,,w,,,f,f,,d,u
p,15.21,s,s,n,f,d,c,y,6.2,38.65,,k,k,,,f,f,,d,a
p,5.73,b,d,n,f,a,c,y,5.21,6.47,,i,y,,,t,,,d,u
e,4.16,s,d,p,t,d,c,p,5.31,6.86,,,n,,,f,f,,d,u
e,9.15,f,s,k,f,a,c,w,4.77,17.03,,,w,,,f,f,,d,u
e,11.29,x,,n,t,,,w,10.43,17.39,b,,w,u,w,t,g,,d,a
p,4.0,x,k,n,f,s,,p,4.46,3.55,,,n,,,f,f,p,g,a
p,2.71,b,t,n,f,,,k,9.94,5.61,,,w,,,t,,k,g,a
p,1.13,b,t,n,f,,c,k,3.18,2.37,,,n,,,t,f,,m,u
p,4.81,x,s,r,t,s,d,w,5.37,12.81,r,y,w,,,f,f,,d,u
p,2.83,p,t,n,f,a,c,n,8.8,2.75,,t,y,,,t,e,,m,s
e,12.13,f,e,b,f,,c,b,4.89,21.48,,,w,,,t,f,,d,a
p,2.84,f,w,n,t,d,c,y,3.57,5.95,,,n,,,f,f,,d,u
e,5.65,x,y,n,f,e,c,w,5.55,9.82,,y,n,,,f,f,,d,a
p,4.48,f,l,n,f,x,d,e,5.72,5.13,,,n,,,f,f,,d,a
p,6.08,c,e,w,t,x,c,r,7.94,13.49,,,w,,,f,f,,d,s
e,4.48,f,,w,f,x,c,n,6.98,3.87,,,w,,,f,f,,d,u
p,9.17,x,e,n,f,a,,n,9.98,13.42,s,,n,,e,f,f,,d,a
p,5.33,p,y,n,f,,,g,11.13,12.5,,s,w,,,t,z,,d,a
e,9.21,x,s,w,f,e,c,k,4.18,12.82,,,w,,w,t,e,,m,a
p,3.78,f,k,w,f,s,,p,3.34,2.58,,,n,,,f,f,p,g,u
p,5.44,x,i,o,f,e,,k,7.1,7.27,,,k,,,f,f,,g,u
p,1.36,x,,n,f,,,n,4.49,2.22,,s,n,,,f,f,k,g,a
e,6.73,x,,e,f,x,c,w,5.05,13.59,,s,w,,,f,f,,d,u
e,7.22,x,h,y,f,p,,y,6.47,13.27,,,y,,y,t,,,d,u
p,3.8,x,,w,f,x,c,p,6.86,4.03,,,n,,,f,f,,l,u
p,8.25,s,t,p,t,d,c,p,7.39,14.45,,,p,,,t,f,,d,a
e,1.36,f,w,n,f,,d,g,4.81,2.52,,,w,,,f,f,,g,u
e,4.39,x,,r,f,a,,r,6.65,7.34,,,l,,,f,f,,d,u
p,4.19,s,,n,t,d,c,b,4.69,6.06,,,e,,,f,f,,d,a
e,4.9,x,,r,f,d,,r,5.36,7.66,,,l,,,f,f,,l,u
p,2.56,o,,g,f,f,f,f,3.39,14.33,,g,g,,,f,f,,d,a
p,2.32,b,g,n,f,,c,n,5.95,3.21,,,n,,,f,f,,g,s
p,12.34,o,,n,f,f,f,f,3.75,26.79,,g,n,,,f,f,,d,u
e,9.97,f,,g,f,s,c,u,5.73,15.52,,,b,,,f,f,,d,w
e,9.4,f,,n,t,,,w,10.23,16.39,b,,w,u,w,t,g,,d,u
p,1.79,p,t,n,f,a,c,n,6.27,2.41,,t,y,,,t,e,,m,u
e,8.72,x,,n,f,a,,w,6.74,13.29,,,w,,,f,f,,d,a
e,4.72,x,s,b,f,d,d,o,5.4,11.15,,,w,,,f,f,,m,w
p,2.63,s,d,w,f,d,d,w,3.28,2.42,,h,w,,,f,f,,g,u
e,18.53,p,t,n,f,p,,y,18.17,73.39,,,n,,,f,f,,d,u
e,52.61,o,y,y,f,p,,y,7.48,44.34,,k,n,,,f,f,,d,s
p,2.66,b,,g,f,a,,g,5.49,2.15,,s,g,,,f,f,,d,u
e,7.66,x,y,n,f,e,c,p,4.72,13.82,,,w,,,t,r,,w,a
e,7.57,x,,g,t,p,,g,11.81,26.01,,y,w,,,f,f,,d,u
e,2.97,x,k,n,f,p,,n,4.83,9.27,,,n,,,f,f,,d,a
e,9.86,x,s,n,t,p,,n,6.44,16.58,,,n,,w,t,p,,d,u
p,3.25,c,,w,f,a,c,n,4.02,3.53,,i,u,,,f,f,,d,u
e,1.01,c,g,n,t,a,,p,6.05,0.98,,,n,,,f,f,,h,u
e,7.42,x,,w,f,e,,w,6.21,12.86,b,,w,u,y,t,g,,d,a
e,4.61,o,,g,f,f,f,f,5.86,20.68,,,n,,,f,f,,l,s
e,8.26,f,,w,f,d,c,y,2.52,14.62,,,w,,,f,f,,d,a
p,16.4,f,g,o,f,e,,w,17.92,17.83,s,y,w,u,w,t,g,,d,u
p,4.91,f,,g,f,d,c,y,5.51,9.31,b,,n,,,f,f,,d,a
e,7.36,x,,n,t,p,,g,10.13,23.87,,y,w,,,f,f,,d,a
p,3.71,o,,w,f,f,f,f,5.45,29.52,,g,w,,,t,f,,d,u
p,1.39,x,,n,f,,,n,5.47,2.76,,s,n,,,f,f,k,g,a
e,14.35,x,d,e,f,p,,w,13.65,31.6,s,y,w,,,f,f,,d,u
p,2.28,f,i,k,f,a,,p,3.53,2.48,,,w,,,f,f,p,g,u
e,9.6,f,y,w,f,e,c,k,17.84,11.12,,s,w,,,t,e,,u,s
p,16.8,x,s,g,f,s,,p,7.5,17.63,,i,n,,,f,f,,d,a
e,5.92,x,t,g,f,a,d,n,6.24,5.16,,t,g,,,t,l,,d,w
p,3.67,x,s,y,f,,c,y,9.27,8.35,,,y,u,w,t,z,r,d,w
p,6.58,x,w,e,f,x,,w,11.93,6.57,r,g,n,,,f,f,,d,a
e,3.48,x,d,e,f,a,c,e,4.46,6.9,,,o,,,f,f,,g,a
p,16.16,x,e,n,t,p,,e,9.87,30.85,c,,y,,,f,f,,d,a
e,7.59,p,,g,f,a,,w,6.72,13.81,,,g,,,f,f,,g,u
p,4.16,f,l,e,f,x,d,e,6.1,4.98,,,y,,,f,f,,d,u
e,6.18,x,s,w,f,e,c,k,5.52,13.39,,,w,,w,t,e,,m,u
e,17.96,p,w,n,f,p,,y,14.13,65.92,,,n,,,f,f,,d,u
e,9.45,x,t,y,f,p,,y,7.61,15.66,,,y,,y,t,,,d,a
e,2.89,x,h,n,f,,c,n,5.36,5.88,,s,w,,w,f,f,k,d,u
p,7.76,x,i,y,f,a,c,k,9.2,8.08,,i,n,,k,t,z,k,d,u
p,14.71,f,k,n,f,d,c,y,5.67,32.93,,k,n,,,f,f,,d,u
p,5.02,f,d,n,f,d,c,y,5.38,6.56,,i,n,,,t,,,d,u
e,1.67,c,g,n,f,a,,g,5.63,1.86,,,g,,,f,f,,l,u
p,5.06,f,l,y,f,x,d,y,6.33,5.19,,,y,,,f,f,,d,a
p,3.55,b,y,n,f,,c,u,5.86,4.44,s,s,w,,,f,f,,d,a
e,6.2,x,h,n,f,e,,w,13.59,13.58,,s,w,u,w,f,f,,d,a
p,5.11,b,h,n,f,,,n,13.63,7.71,,,w,,,t,,k,g,w
e,7.22,f,i,n,f,e,c,p,3.94,11.86,,,w,,,t,l,,w,u
e,1.23,b,g,g,f,,,g,3.33,1.65,,,w,,,f,f,,d,a
p,6.89,f,w,p,f,s,c,p,4.24,10.09,,,p,,,f,f,,d,w
e,9.89,x,i,n,t,e,,p,9.24,16.73,,y,w,,,t,p,,d,a
e,11.4,s,t,p,t,d,c,o,6.89,18.48,,,w,,,f,f,,d,a
p,6.68,x,h,e,f,x,,w,13.92,7.32,r,g,n,,,f,f,,d,u
e,6.82,x,h,g,f,a,d,n,5.29,3.79,,t,w,,,t,l,,d,w
p,3.06,b,w,u,f,a,c,u,6.36,5.18,,s,u,,,f,f,,l,u
p,7.95,x,,n,f,p,,p,9.69,30.6,c,,n,,,f,f,p,d,u
p,13.44,x,s,g,f,s,,y,8.34,17.43,,i,n,,,f,f,,d,u
e,7.53,o,,n,f,,,w,4.31,21.14,,,n,,,f,f,,d,a
p,2.41,x,g,e,f,a,,w,7.51,2.64,,,w,,,f,f,,d,u
e,4.95,x,,y,f,a,c,y,5.12,8.78,,,w,,,f,f,,d,u
e,1.55,x,s,n,f,d,,w,6.94,2.2,,t,y,,,f,f,,d,u
e,9.17,f,s,n,f,a,d,w,7.47,14.03,,i,n,,,t,,w,d,u
p,5.24,x,,w,f,,c,r,2.77,11.97,,,y,,,f,f,,d,a
p,2.85,b,y,e,f,e,c,w,3.81,3.28,,k,w,,,t,e,,m,a
p,5.37,f,l,e,f,x,d,e,7.01,5.35,,,y,,,f,f,,l,u
p,9.27,b,t,w,f,e,c,w,12.97,13.61,,y,w,u,w,t,l,,d,a
p,3.33,b,,n,f,a,,n,8.32,2.51,,,g,,w,f,f,k,g,u
p,0.71,x,g,y,f,,,y,3.58,0.81,,,y,,,f,f,,d,u
p,1.4,o,k,n,f,,,n,3.64,1.29,,,n,,,f,f,,d,s
e,8.67,o,,n,f,,,w,3.94,20.43,,,n,,,f,f,,d,a
p,10.28,x,s,g,f,s,,y,7.28,16.44,,i,n,,,f,f,,d,a
p,3.01,o,,k,f,f,f,f,3.55,12.79,,g,n,,,f,f,,d,u
e,3.25,s,,n,f,f,f,f,6.3,7.74,,,o,,,f,f,,d,a
p,4.02,o,,w,f,f,f,f,5.35,29.29,,g,w,,,t,f,,p,a
p,7.39,p,g,n,f,e,,w,7.83,17.28,,y,w,u,w,t,p,,d,u
e,6.48,f,h,k,f,s,d,w,4.69,9.37,,s,g,,,f,f,,d,u
p,5.76,x,i,y,f,a,c,n,7.42,7.25,,i,n,,k,t,z,k,d,a
p,2.29,b,g,n,f,,c,n,6.37,3.63,,,n,,,f,f,,g,a
p,0.94,b,t,n,f,,c,k,3.8,2.59,,,n,,,t,f,,m,u
e,6.07,f,s,n,f,s,c,w,6.23,10.21,b,i,w,,,f,f,,d,a
e,3.88,x,h,n,f,,c,n,6.62,6.7,,s,w,,w,f,f,k,d,a
e,10.72,x,s,y,f,x,,n,7.57,20.23,,,n,,,f,f,,d,u
e,14.39,f,y,w,f,,,w,24.94,19.79,s,,n,,,t,m,,d,u
e,9.65,x,h,n,t,p,,y,6.65,22.09,,,n,,,f,f,,d,a
e,16.44,f,y,n,f,,,w,28.47,19.61,s,,n,,,t,m,,m,u
e,3.43,b,y,n,f,,c,k,6.73,3.35,,,w,,,f,f,,d,u
e,17.45,p,y,n,f,,,w,24.23,20.88,s,,n,,,t,m,,d,a
e,12.62,x,h,n,t,p,,y,10.8,24.05,,,n,,,f,f,,d,a
e,10.57,x,t,n,t,p,,y,9.05,22.89,,,n,,,f,f,,d,u
e,6.78,s,l,w,f,d,,p,3.35,9.1,,,w,,,f,f,,d,a
p,5.38,c,i,y,f,,c,n,6.51,7.41,,,w,,,f,f,,d,u
p,4.4,o,,w,f,f,f,f,5.74,29.91,,g,w,,,t,f,,d,a
e,11.27,x,y,e,f,,,w,6.59,24.16,b,,n,,w,t,e,,d,a
e,7.27,x,l,w,f,d,,w,3.59,9.2,,,w,,,f,f,,g,a
e,8.18,x,,g,t,p,,g,11.72,23.96,,y,w,,,f,f,,d,u
e,8.71,f,e,b,f,,c,b,4.73,21.25,,,w,,,t,f,,d,a
p,9.43,f,,w,f,x,c,w,9.61,9.88,r,i,w,,,f,f,,d,a
e,2.62,x,,b,f,,d,w,5.94,4.78,,,w,,,f,f,,d,u
e,7.23,f,s,n,f,s,c,w,5.35,9.06,b,i,w,,,f,f,,d,u
p,2.36,f,s,o,f,a,,y,3.16,5.5,,,y,,,f,f,,m,a
p,7.3,b,t,w,f,e,c,w,12.56,12.35,,y,w,u,w,t,l,,d,a
p,3.16,b,d,p,f,a,,y,4.97,6.28,,t,r,,,f,f,,d,u
p,13.51,x,,g,f,e,,w,11.29,15.67,,,w,u,w,t,g,,d,a
e,6.73,x,,n,t,,,w,8.4,16.07,b,,w,u,w,t,g,,d,u
p,8.31,x,y,w,t,,,w,7.76,13.68,s,,w,,,t,l,,d,a
e,5.93,x,h,n,f,a,d,n,7.01,5.8,,t,g,,,t,l,,d,w
e,4.86,x,y,n,f,s,,w,3.86,6.58,,,w,,,f,f,,d,u
p,8.44,f,w,p,f,s,c,p,4.99,10.11,,,p,,,f,f,,d,w
p,8.21,s,t,n,t,d,,w,4.49,12.67,,t,r,,,f,f,,d,u
p,5.29,x,s,e,f,e,,y,4.95,5.91,,,y,,,f,f,,g,a
p,0.77,x,g,o,f,,,y,3.82,0.79,,,w,,,f,f,,d,u
e,3.41,s,y,n,f,a,d,p,5.95,4.22,,i,n,,,f,f,,l,u
e,4.83,x,s,n,f,p,,n,5.26,9.94,,,n,,,f,f,,d,u
e,7.54,x,d,y,t,p,,y,7.13,14.6,,,y,,,f,f,,d,a
p,3.46,x,i,e,f,,,e,4.49,5.12,,,e,,,f,f,n,d,a
p,8.38,b,y,w,f,,,p,14.18,16.6,,,w,,,f,f,,d,a
e,6.62,s,,y,f,a,c,w,5.39,14.09,,,w,,,f,f,,d,a
p,7.29,p,y,n,f,,,k,12.84,16.98,,,w,,,f,f,,d,a
p,7.54,s,,r,t,d,,o,3.98,11.23,,,w,,,t,f,,d,u
e,8.56,o,,n,f,,,w,6.27,28.19,,,n,,,f,f,,d,a
e,4.34,x,t,n,f,d,,o,6.24,6.31,,t,w,,,f,f,,d,w
e,3.93,x,t,n,f,p,,n,4.88,10.75,,,e,,,f,f,,d,a
p,3.44,o,s,w,f,,c,w,0.0,0.0,f,f,f,,,f,f,n,d,a
p,3.5,f,,n,f,x,c,p,8.22,4.01,,,p,,,f,f,,l,a
p,5.99,x,d,n,f,a,c,n,6.07,6.45,,i,y,,,t,,,d,u
e,7.19,f,h,o,f,s,,n,7.82,12.1,,i,n,,,f,f,,d,a
p,7.65,p,g,n,f,e,,w,8.63,17.31,,y,w,u,w,t,p,,d,u
e,8.8,f,g,n,f,s,,y,9.79,13.39,,i,o,,,f,f,,d,a
p,2.72,x,t,n,f,s,c,p,4.69,7.7,,,w,,n,t,z,,d,u
p,1.54,x,g,y,f,d,d,n,1.79,2.3,,s,n,,,f,f,,d,a
e,8.9,p,y,n,t,e,,p,9.11,17.59,,y,w,,,t,l,,d,a
e,6.54,x,t,n,f,p,d,y,6.89,13.02,,s,n,,,f,f,,h,u
p,8.74,f,y,u,f,s,c,y,7.86,16.68,,y,e,,,f,f,,d,a
e,8.53,f,s,u,f,a,c,w,4.18,15.95,,,w,,,f,f,,d,u
p,4.32,x,,e,f,x,,w,4.91,6.58,,,w,,,f,f,,d,u
p,5.71,c,k,y,t,x,c,p,6.46,12.78,,,w,,,f,f,,g,u
p,1.31,x,g,n,f,d,d,n,1.53,2.3,,s,n,,,f,f,,h,a
p,2.05,f,i,l,f,a,,p,4.31,2.68,,,w,,,f,f,p,g,a
p,0.99,b,t,y,f,,c,k,4.28,2.77,,,n,,,t,f,,g,a
p,5.15,x,,e,f,,c,w,3.24,13.41,,,y,,,f,f,,d,a
e,10.07,x,s,n,t,p,,n,8.28,18.19,,,n,,w,t,p,,d,u
e,9.76,f,e,b,f,,c,b,4.73,20.85,,,w,,,t,f,,d,a
p,3.71,x,k,w,f,s,,p,4.24,3.04,,,n,,,f,f,p,g,u
e,6.97,x,,p,f,x,c,w,5.97,13.8,,s,w,,,f,f,,d,u
e,3.82,f,g,n,f,a,d,g,5.0,3.04,,s,n,,,f,f,,d,w
p,7.83,x,t,e,f,x,d,w,6.62,17.33,b,,w,,,f,f,,d,a
e,6.3,x,h,g,f,a,d,n,6.41,5.37,,t,w,,,t,l,,d,a
p,8.42,x,h,r,f,,c,w,11.0,14.94,,,w,u,w,t,p,,d,a
e,1.01,x,g,n,t,a,,w,5.44,1.06,,,n,,,f,f,,d,a
e,2.78,f,h,n,f,,c,k,4.85,5.67,,s,w,,w,f,f,k,d,a
p,2.49,s,d,w,f,d,d,w,3.48,2.49,,h,w,,,f,f,,g,a
p,2.11,b,,n,f,a,,g,5.28,2.06,,s,g,,,f,f,,d,a
e,9.55,x,h,n,f,p,d,y,7.87,12.74,,s,n,,,f,f,,h,u
e,6.45,x,h,n,f,a,d,n,5.0,4.65,,t,g,,,t,l,,d,w
p,5.37,x,e,e,f,a,,g,8.06,9.37,,,y,,w,t,z,,d,a
p,7.69,f,,r,f,x,c,y,6.05,11.49,,,w,,,f,f,,d,u
e,7.27,f,s,b,f,d,d,o,6.14,13.56,,,w,,,f,f,,m,a
p,5.57,b,k,n,f,d,c,y,4.82,5.99,,i,y,,,t,,,d,u
p,1.99,f,t,n,f,,,n,7.23,2.98,,,y,,,f,f,,g,u
e,16.7,f,s,y,f,a,d,w,10.46,16.84,,i,n,,,t,,w,d,a
p,0.94,x,g,w,f,a,d,w,2.58,1.61,,,e,,,f,f,,d,u
e,11.32,f,s,w,f,e,c,k,17.47,12.85,,s,w,,,t,e,,g,u
e,11.17,f,e,b,f,,c,b,4.9,20.4,,,w,,,t,f,,d,a
e,7.46,f,,b,f,d,c,y,2.16,12.23,,,w,,,f,f,,d,w
e,3.47,f,h,n,f,,c,n,6.24,6.34,,s,w,,w,f,f,k,d,a
p,8.23,f,,r,f,x,c,n,6.87,12.7,,,w,,,f,f,,d,a
e,11.24,x,s,n,f,e,c,p,7.97,10.51,,i,n,,,f,f,p,d,a
p,3.47,s,d,w,f,a,d,p,4.02,2.9,,h,w,,,f,f,,g,u
e,8.54,x,s,n,f,e,c,p,6.42,9.62,,i,n,,,f,f,p,d,a
e,4.16,x,t,n,f,d,,o,6.29,8.03,,t,w,,,f,f,,d,a
e,1.53,f,g,n,t,a,,w,6.05,1.09,,,n,,,f,f,,d,u
e,1.55,c,g,n,f,a,,g,4.57,1.33,,,g,,,f,f,,l,a
p,7.47,f,y,e,f,s,c,y,7.82,17.05,,y,u,,,f,f,,d,a
p,7.67,s,t,n,f,x,c,y,5.2,16.22,,,y,,,f,f,,d,a
e,3.85,f,y,g,f,s,,w,4.37,6.68,,,w,,,f,f,,d,u
p,5.72,b,k,n,f,a,c,n,5.36,6.06,,i,y,,,t,,,d,u
p,5.8,p,y,n,f,,,k,9.03,12.46,,s,w,,,t,z,,d,s
p,6.21,x,h,n,f,x,,w,15.75,8.12,r,g,n,,,f,f,,d,u
p,4.4,x,s,n,f,s,,n,4.88,6.01,,y,n,,,f,f,,d,w
p,4.29,x,,p,f,,c,g,2.7,11.57,,,y,,,f,f,,d,a
e,0.71,b,g,w,f,,,g,2.6,1.48,,,w,,,f,f,,d,s
p,2.73,f,,u,f,a,c,w,3.01,3.25,,i,u,,,f,f,,p,a
p,7.9,x,w,p,f,s,c,p,4.55,10.7,,,p,,,f,f,,d,w
e,5.71,x,h,n,f,x,c,n,4.52,6.11,,s,n,,,t,r,,d,u
e,13.13,s,,w,t,d,c,w,6.86,27.13,,,w,,,f,f,,d,a
p,3.32,x,y,y,f,a,,w,5.8,3.74,,y,y,,,t,r,,g,u
p,10.2,f,,n,f,x,c,w,9.58,12.08,r,i,w,,,f,f,,d,a
e,10.12,x,,n,t,,,w,10.93,15.76,b,,w,u,w,t,g,,d,a
p,4.05,x,y,n,f,a,,w,5.39,3.53,,y,y,,,t,r,,h,u
p,6.93,x,,w,f,x,c,w,8.51,9.88,r,i,w,,,f,f,,h,a
p,2.98,o,l,g,f,f,f,f,0.0,0.0,f,f,f,,,f,f,,d,s
p,4.1,f,k,w,f,s,,p,4.11,3.57,,,n,,,f,f,p,g,a
p,1.99,p,t,n,f,a,c,n,5.37,2.09,,t,y,,,t,e,,m,s
p,4.13,x,s,y,f,a,c,y,6.24,7.29,,g,o,,,f,f,,g,u
p,0.66,f,,o,f,d,,o,3.81,1.05,,,y,,,f,f,w,g,u
e,6.04,f,s,n,f,s,c,w,5.21,9.53,b,i,w,,,f,f,,m,u
p,11.14,x,e,y,t,p,,o,9.01,38.85,,,u,,,f,f,,d,a
e,8.35,s,t,w,t,d,c,o,5.8,16.2,,,w,,,f,f,,d,u
p,3.77,c,i,y,f,,c,n,6.14,7.36,,,w,,,f,f,,d,a
e,8.46,s,t,p,t,d,c,o,6.35,18.24,,,w,,,f,f,,d,u
e,13.38,p,s,n,t,e,,g,9.4,17.22,s,,w,,,t,r,,m,a
e,3.74,x,,y,f,a,c,y,3.8,9.99,,,w,,,f,f,,d,a
e,6.89,x,y,n,f,e,c,p,5.42,9.8,,y,n,,,f,f,,d,u
e,6.85,s,,y,f,a,c,w,6.39,11.17,,,g,,,f,f,,d,a
p,4.34,x,s,r,t,s,d,r,4.86,15.95,r,i,n,,,f,f,,d,u
e,17.22,p,d,n,f,p,,w,16.81,37.11,s,y,w,,,f,f,,d,u
e,3.51,b,g,w,f,x,d,w,4.74,2.84,,,y,,,f,f,,g,u
p,11.2,x,t,n,f,a,d,w,11.85,29.9,,,w,,,f,f,,d,a
e,1.12,f,g,n,t,a,,p,5.18,0.93,,,n,,,f,f,,d,a
p,1.32,f,s,y,f,f,f,f,3.44,5.48,,,y,,,f,f,,d,a
p,11.99,x,k,w,t,d,d,w,6.53,24.42,,,w,,,f,f,,d,u
e,5.79,x,h,n,f,x,c,w,4.92,5.9,,s,n,,,t,r,,d,a
e,11.44,f,y,n,f,,,w,26.87,20.68,s,,n,,,t,m,,m,u
e,7.21,f,h,k,f,s,d,w,5.68,10.48,,s,g,,,f,f,,d,a
e,8.28,f,,n,t,,,w,11.43,14.76,b,,w,u,w,t,g,,d,u
p,1.64,o,k,n,f,,,n,3.35,1.34,,,n,,,f,f,,d,w
p,3.36,x,,n,f,x,c,p,7.47,3.99,,,p,,,f,f,,l,u
e,3.58,s,,y,f,f,f,f,6.3,7.48,,,y,,,f,f,,d,a
p,15.4,f,g,e,f,e,,w,16.93,17.25,s,y,w,u,w,t,g,,d,w
e,7.08,f,h,k,f,s,d,g,5.16,10.0,,s,g,,,f,f,,d,a
e,22.83,x,w,n,f,p,,w,16.9,70.92,,,n,,,f,f,,d,a
p,5.88,x,e,e,f,a,,n,9.08,10.57,,,n,,w,t,z,,d,a
p,6.64,x,s,r,t,s,d,w,5.87,16.0,r,y,n,,,f,f,,d,u
e,2.59,x,,b,f,,d,w,5.26,4.03,,,w,,,f,f,,d,w
p,0.95,b,t,y,f,,c,k,3.17,2.28,,,n,,,t,f,,m,a
p,9.73,s,t,p,t,d,c,p,7.44,13.91,,,p,,,t,f,,d,u
p,7.69,b,t,w,f,e,c,w,12.43,12.96,,y,w,u,w,t,e,,d,u
p,3.38,f,w,o,t,d,c,n,3.18,5.74,,,n,,,f,f,,d,a
p,7.21,c,k,w,t,x,c,y,7.42,13.25,,,w,,,f,f,,g,s
p,6.26,x,,g,f,d,c,w,5.73,10.47,b,,n,,,f,f,,l,a
e,16.79,x,y,n,t,e,,w,10.26,19.43,,,w,,,t,,,g,a
p,5.88,b,d,n,f,d,c,n,5.33,6.1,,i,y,,,t,,,d,a
p,5.73,c,e,y,t,x,c,p,6.44,12.48,,,w,,,f,f,,g,a
e,14.19,x,e,n,f,d,c,w,7.03,25.02,s,,w,,,f,f,,d,a
e,2.3,f,y,n,f,d,d,p,5.94,3.16,,i,n,,,f,f,,h,u
p,3.41,o,,k,f,f,f,f,4.01,16.46,,g,g,,,f,f,,d,u
p,3.18,s,w,o,t,d,c,n,4.06,6.64,,,n,,,f,f,,d,u
e,6.34,x,,p,f,x,c,w,6.59,15.74,,s,w,,,f,f,,d,a
p,1.48,b,h,n,f,a,,n,5.11,1.49,,t,n,,,f,f,,g,s
e,0.92,x,g,e,t,a,,w,5.94,1.03,,,n,,,f,f,,d,u
p,10.98,x,,n,f,x,c,w,10.62,12.03,r,i,w,,,f,f,,h,u
e,4.8,x,y,g,f,s,,y,5.36,9.37,,,w,,,f,f,,d,a
e,1.13,b,g,w,f,,,g,2.63,1.42,,,w,,,f,f,,d,a
e,7.33,x,s,w,f,s,c,w,7.03,28.99,,,w,,,f,f,,d,s
p,3.98,b,s,y,f,,c,k,7.21,6.3,,,y,u,w,t,z,r,d,a
p,10.75,o,,e,f,f,f,f,2.88,25.29,,g,n,,,f,f,,d,u
p,11.3,x,k,w,t,d,d,n,6.38,29.15,,,w,,,f,f,,d,w
p,3.3,o,l,g,f,f,f,f,0.0,0.0,f,f,f,,,f,f,,d,u
e,4.34,x,t,o,f,p,,n,5.26,12.96,,,n,,,f,f,,d,u
e,6.61,f,s,n,f,x,c,w,6.56,9.04,,s,n,,,f,f,,l,w
p,0.71,x,g,y,f,,,y,3.58,0.81,,,w,,,f,f,,d,a
p,5.79,s,,n,t,d,c,w,5.45,5.99,,,e,,,f,f,,d,u
p,3.7,o,s,g,f,f,f,f,0.0,0.0,f,f,f,,,t,f,,d,s
p,7.56,x,t,n,f,s,,g,5.91,8.37,,y,n,,,f,f,,d,a
e,6.15,x,s,b,f,d,d,b,5.29,11.24,,,w,,,f,f,,g,a
e,8.06,f,,y,f,a,c,w,6.53,16.47,,,w,,,f,f,,d,w
p,8.77,x,,n,t,x,,n,8.69,17.86,s,,g,,u,f,f,,d,a
p,3.07,f,y,e,f,e,c,w,4.94,3.47,,k,w,,,t,e,,d,u
e,7.27,x,,w,f,e,,w,6.06,12.76,b,,y,u,y,t,g,,d,u
e,10.18,x,i,n,t,e,,p,8.58,16.93,,y,w,,,t,p,,l,a
e,16.34,p,y,w,f,,,w,26.5,20.46,s,,n,,,t,m,,m,u
p,7.36,b,s,g,f,,,g,11.1,12.33,,s,w,,,t,z,,d,u
e,21.7,p,d,e,f,p,,w,15.94,35.46,s,y,w,,,f,f,,d,a
e,3.99,f,g,n,f,a,d,g,6.45,3.75,,s,n,,,f,f,,d,w
p,4.76,s,d,y,f,d,c,o,3.0,6.05,,,y,,,f,f,,d,a
p,8.62,s,h,g,t,d,,g,4.72,12.85,,t,g,,,f,f,,d,a
p,6.99,f,d,n,f,d,c,y,5.7,6.17,,i,n,,,t,,,d,a
p,0.9,x,g,n,f,a,,p,4.31,1.14,,s,k,,,f,f,,d,w
p,2.48,f,,u,f,a,c,w,2.98,3.17,,i,w,,,f,f,,p,a
e,17.91,p,d,n,f,p,,w,16.64,35.94,s,y,w,,,f,f,,d,u
e,7.54,x,,g,f,a,,w,6.16,13.66,,,g,,,f,f,,g,a
e,10.66,f,e,b,f,,c,b,5.1,19.52,,,w,,,t,f,,d,a
e,16.02,f,,g,f,d,c,w,2.98,20.02,,,w,,,f,f,,d,a
e,3.11,x,k,n,f,p,,y,4.69,10.4,,,n,,,f,f,,d,a
p,11.27,x,t,n,f,a,d,w,11.92,34.01,,,w,,,f,f,,d,a
e,1.59,c,g,n,f,a,,w,5.18,1.68,,,g,,,f,f,,l,a
p,13.39,x,e,y,f,a,,o,11.68,22.04,r,,y,,,t,r,n,d,a
p,16.15,s,k,w,t,d,d,n,5.87,30.55,,,w,,,f,f,,d,w
p,11.55,x,e,n,t,p,,e,7.84,28.61,,,u,,,f,f,,d,u
e,4.12,x,d,n,f,p,,n,4.87,11.11,,,n,,,f,f,,d,a
e,7.28,f,,y,f,a,c,w,5.84,16.44,,,g,,,f,f,,d,a
p,4.57,f,h,e,f,x,d,w,4.31,14.75,b,,w,,,f,f,,d,u
e,5.31,f,,y,f,x,c,g,6.76,4.16,,,w,,,f,f,,d,a
p,5.62,f,d,e,t,d,c,y,5.38,9.28,,,e,,,f,f,,d,u
p,1.54,b,h,n,f,a,,n,4.55,1.42,,t,n,,,f,f,,h,u
e,4.49,x,,n,f,x,c,n,8.11,8.44,b,,n,,w,t,,,g,u
e,8.43,x,h,n,t,p,,y,9.55,22.99,,,n,,,f,f,,d,a
p,7.02,f,,y,f,x,c,n,5.92,10.27,,,w,,,f,f,,d,u
p,10.66,x,e,y,t,p,,o,8.03,27.42,,,u,,,f,f,,d,u
e,4.02,f,t,n,f,d,,o,6.12,7.42,,t,o,,,f,f,,d,a
e,4.72,x,h,n,f,a,d,n,5.12,4.54,,t,w,,,t,l,,d,w
p,1.48,x,,n,f,,,k,5.17,2.57,,s,n,,,f,f,k,g,u
e,6.49,f,i,n,f,e,c,p,3.63,11.26,,,w,,,t,l,,w,a
e,17.63,p,y,n,f,,,w,27.67,18.45,s,,n,,,t,m,,d,u
p,14.81,x,h,e,f,e,,w,18.52,18.29,s,y,w,u,w,t,p,,d,w
e,4.65,f,g,n,f,a,d,g,6.16,4.11,,s,n,,,f,f,,d,w
e,1.13,x,w,n,f,,d,k,4.82,2.41,,,w,,,f,f,,d,w
e,6.44,b,h,g,f,s,d,g,4.55,8.93,,s,g,,,f,f,,d,a
p,6.2,f,w,p,f,s,c,p,4.64,9.47,,,p,,,f,f,,d,w
e,3.94,f,h,n,f,,c,k,5.68,6.36,,s,w,,w,f,f,k,d,u
p,1.58,b,,g,f,a,,g,4.76,1.8,,s,g,,,f,f,,d,a
p,7.57,x,y,w,t,,,w,8.34,14.38,s,,w,,,t,l,,d,a
p,5.72,x,i,e,f,e,,g,5.77,7.13,,,o,,,f,f,,m,a
e,11.14,s,s,y,f,x,,n,8.12,23.95,,,w,,,f,f,,d,w
e,5.81,o,l,n,f,f,f,f,6.76,48.18,,,n,,,f,f,g,l,w
p,10.76,x,,n,f,e,,w,10.84,14.69,,,w,u,w,t,e,,d,a
e,5.93,x,y,n,f,e,c,w,4.29,8.75,,y,n,,,f,f,,d,u
e,10.5,x,s,u,f,x,,n,5.94,22.9,,,w,,,f,f,,d,a
e,3.76,s,l,n,f,f,f,f,6.0,42.73,,,n,,,f,f,g,l,u
p,3.6,x,k,n,f,s,,p,3.76,2.79,,,n,,,f,f,p,g,a
p,3.69,x,,y,f,x,,w,4.47,6.06,,,w,,,f,f,,d,u
p,3.13,o,l,g,f,f,f,f,0.0,0.0,f,f,f,,,f,f,,d,w
p,7.93,o,e,o,f,,c,y,1.69,15.01,,,n,,,f,f,,d,a
e,6.6,x,y,n,f,e,c,w,4.94,9.49,,y,n,,,f,f,,d,a
e,46.12,o,y,y,f,p,,y,5.82,30.93,,k,n,,,f,f,,d,u
e,7.09,x,d,e,t,p,,r,6.04,13.44,,,e,,,f,f,,d,u
e,10.41,f,e,b,f,,c,b,4.91,19.98,,,w,,,t,f,,d,a
e,5.7,c,,n,f,f,f,f,5.52,20.28,,,n,,,f,f,,d,s
e,4.61,f,y,n,f,s,,y,4.51,7.74,,,w,,,f,f,,d,u
e,5.13,x,y,w,f,e,c,p,4.21,11.61,,,w,,w,t,e,,m,u
p,1.47,b,h,n,f,a,,n,4.93,1.38,,t,n,,,f,f,,h,u
e,1.45,x,s,n,f,a,,w,6.01,2.09,,t,y,,,f,f,,h,u
e,6.24,x,h,n,f,p,d,y,6.04,12.38,,s,n,,,f,f,,g,a
p,6.22,s,d,n,t,d,c,n,6.9,9.12,,,n,,,f,f,,d,a
p,6.81,x,e,e,f,a,,n,9.22,11.43,,,n,,w,t,z,,d,a
e,4.67,b,g,w,f,x,d,w,5.42,3.48,,,y,,,f,f,,g,u
p,5.86,c,k,y,t,x,c,p,6.83,12.87,,,w,,,f,f,,g,a
p,3.59,o,,w,f,f,f,f,4.84,28.68,,g,w,,,t,f,,d,u
p,2.19,b,g,o,f,,c,n,6.5,3.42,,,n,,,f,f,,m,a
p,4.01,o,,w,f,f,f,f,6.3,32.15,,g,w,,,t,f,,d,a
e,6.27,x,h,g,f,a,d,n,6.75,5.62,,t,g,,,t,l,,d,a
p,0.69,x,g,e,f,a,,n,3.95,1.02,,h,k,,,f,f,,d,s
p,2.02,b,,g,f,a,,g,5.6,2.15,,s,n,,,f,f,,d,u
p,9.47,x,,w,f,x,c,w,10.92,12.2,r,i,w,,,f,f,,d,a
e,5.57,x,s,b,f,x,c,w,6.98,9.95,,s,n,,,f,f,,l,a
p,6.45,b,s,o,f,e,,k,7.3,8.7,,,k,,,f,f,,g,u
p,8.36,f,y,u,f,s,c,y,7.15,17.39,,y,y,,,f,f,,d,a
p,1.9,p,t,n,f,a,c,n,4.66,2.32,,t,y,,,t,e,,m,s
p,4.22,b,y,p,f,e,c,n,4.66,3.58,,k,w,,,t,e,,m,u
e,7.76,x,,n,f,a,,w,7.2,13.13,,,g,,,f,f,,g,u
p,12.74,x,h,g,f,s,,p,7.15,17.86,,i,n,,,f,f,,d,u
p,8.46,f,y,u,f,s,c,y,8.35,15.85,,y,u,,,f,f,,d,a
p,7.4,b,y,n,f,,,k,14.08,16.9,,,w,,,f,f,,d,a
p,5.12,x,t,n,f,a,c,n,4.72,6.86,,y,o,,,t,z,,d,w
e,8.57,x,s,n,f,e,c,w,7.88,10.31,,i,n,,,f,f,p,d,w
e,18.25,x,t,k,f,a,d,k,7.31,23.51,,,w,,,f,f,w,d,w
e,9.13,f,e,b,f,,c,b,5.03,18.74,,,w,,,t,f,,d,a
p,9.12,f,y,u,f,s,c,y,7.49,15.8,,y,e,,,f,f,,d,a
p,6.66,x,d,n,f,d,c,y,5.42,6.25,,i,n,,,t,,,d,u
p,7.05,s,t,r,t,d,,w,4.21,10.91,,t,n,,,f,f,,d,u
p,8.52,x,i,y,f,a,c,k,8.21,8.3,,i,n,,k,t,z,k,g,a
p,4.55,x,s,n,t,s,d,w,5.7,14.1,r,i,n,,,f,f,,d,a
p,7.22,f,t,e,f,x,,w,11.01,6.95,r,g,n,,,f,f,,d,a
e,5.42,x,h,n,f,e,,w,12.44,12.27,,s,w,u,w,f,f,,d,u
e,7.84,x,,w,f,e,,w,6.46,13.64,b,,y,u,w,t,g,,d,u
p,1.27,s,s,y,f,f,f,f,3.98,5.65,,,y,,,f,f,,d,a
p,7.1,f,,y,f,x,c,n,6.01,10.65,,,w,,,f,f,,d,u
e,1.28,c,g,n,f,a,,w,4.67,1.41,,,g,,,f,f,,l,u
p,7.83,f,,w,f,x,c,w,8.79,11.2,r,i,w,,,f,f,,d,a
p,1.43,x,g,n,f,d,d,n,1.74,2.27,,s,n,,,f,f,,h,u
p,3.39,f,w,u,f,a,c,g,6.92,7.05,,s,u,,,f,f,,d,a
e,4.03,x,h,n,f,x,c,w,3.44,4.5,,s,n,,,t,r,,d,w
e,6.11,x,t,g,f,a,d,n,6.09,5.23,,t,w,,,t,l,,d,a
e,9.41,x,h,n,t,p,,y,8.13,17.23,,,n,,w,t,p,,d,a
e,1.54,x,w,n,f,,d,k,4.9,2.52,,,w,,,f,f,,g,u
e,9.56,x,i,n,t,e,,p,9.03,17.65,,y,w,,,t,p,,d,a
p,2.8,o,,g,f,f,f,f,4.75,16.06,,g,g,,,f,f,,d,u
p,4.04,x,h,o,f,a,c,y,5.89,6.81,,g,o,,,f,f,,g,a
e,4.48,x,t,o,f,p,,n,4.42,11.12,,,e,,,f,f,,d,u
p,1.64,x,y,o,f,a,,y,2.51,4.51,,,y,,,f,f,,m,a
p,2.92,x,t,n,f,s,c,n,5.28,7.77,,,w,,n,t,z,,d,u
p,0.79,f,,o,f,d,,o,4.99,1.1,,,o,,,f,f,w,g,a
e,9.95,f,y,w,f,e,c,w,17.82,12.52,,s,w,,,t,e,,d,a
e,3.24,x,k,n,f,p,,n,4.07,9.26,,,n,,,f,f,,d,a
e,1.56,x,t,y,f,a,,w,5.51,1.92,,t,y,,,f,f,,d,a
p,7.09,f,,y,f,x,c,y,6.15,10.58,,,w,,,f,f,,d,u
e,10.31,o,,n,f,,,w,4.56,24.09,,,n,,,f,f,,d,a
e,1.37,f,w,n,f,,d,g,5.13,2.52,,,w,,,f,f,,d,a
p,3.79,b,w,u,f,a,c,u,5.37,5.97,,s,u,,,f,f,,l,u
p,4.54,x,h,o,f,a,c,n,4.88,6.19,,y,n,,,t,z,,d,w
p,10.55,f,h,r,f,,c,w,11.65,18.02,,,w,u,w,t,g,,d,a
p,13.4,f,,g,f,e,,w,11.18,16.97,,,w,u,w,t,g,,d,a
p,7.79,x,g,n,f,e,,w,6.91,14.5,,y,w,u,w,t,p,,d,a
p,9.94,f,t,n,f,x,c,y,5.88,15.9,,,y,,,f,f,,d,a
p,8.65,f,y,e,f,s,c,y,7.03,16.6,,y,u,,,f,f,,d,a
p,1.11,b,g,w,f,,c,n,5.2,2.46,,,n,,,f,f,,d,s
p,5.29,b,s,e,f,e,,g,6.99,7.39,,,y,,,f,f,,m,a
e,7.84,s,,y,f,a,c,w,6.74,17.67,,,w,,,f,f,,d,a
e,12.83,f,e,n,f,a,c,w,6.89,23.51,s,,w,,,f,f,,d,a
p,3.67,f,s,g,f,d,c,w,3.66,9.03,,,w,,,f,f,,g,u
p,2.66,x,g,e,f,a,,w,7.66,2.59,,,n,,,f,f,,d,a
e,6.75,x,y,n,f,e,c,p,4.61,9.59,,y,n,,,f,f,,d,u
e,14.9,p,s,w,t,e,,g,13.54,18.76,s,,w,,,t,r,,m,u
p,2.82,f,t,y,f,a,,y,4.55,6.09,,t,r,,,f,f,,g,u
e,1.0,b,g,g,f,,,g,2.81,1.39,,,w,,,f,f,,d,a
e,1.19,c,g,n,f,a,,w,4.47,1.22,,,g,,,f,f,,l,a
e,4.54,f,y,g,f,s,,g,5.22,8.2,,,w,,,f,f,,d,u
p,1.12,b,t,y,f,,c,k,4.56,2.53,,,n,,,t,f,,g,u
p,8.79,p,y,n,f,,,k,16.77,18.88,,,w,,,f,f,,d,a
e,3.31,x,,y,f,x,c,g,6.19,4.04,,,w,,,f,f,,d,u
p,12.13,p,,n,f,p,,w,9.31,32.46,c,,n,,,f,f,w,d,u
e,5.57,x,h,n,f,x,c,w,5.22,6.28,,s,n,,,t,r,,d,w
p,6.14,c,k,w,t,x,c,r,5.82,13.01,,,w,,,f,f,,g,s
e,6.59,s,,n,f,d,c,w,4.93,8.28,,s,w,,,f,f,,d,a
p,17.08,x,d,e,f,p,,y,5.38,39.93,,,n,,,f,f,,d,w
p,6.38,f,,n,f,d,c,w,6.17,10.15,b,,n,,,f,f,,l,w
p,3.2,x,s,y,f,,c,y,8.08,6.62,,,y,u,w,t,z,r,d,s
p,8.08,f,t,n,f,x,,w,14.75,8.14,r,g,n,,,f,f,,d,a
e,7.09,s,,n,f,d,c,w,5.48,8.75,,s,w,,,f,f,,l,a
p,14.41,f,h,o,f,e,,w,17.1,16.96,s,y,w,u,w,t,g,,d,a
e,3.32,s,,y,f,f,f,f,6.38,7.27,,,y,,,f,f,,d,a
e,8.72,x,h,y,t,x,c,y,7.74,16.44,,,w,,,f,f,,d,u
e,4.04,x,h,n,f,a,d,y,6.17,5.11,,k,o,,,f,f,,d,w
p,5.14,s,k,y,f,p,,n,3.12,4.35,,k,n,,,t,f,,d,u
e,6.71,f,y,w,f,e,c,n,4.57,10.99,,,w,,w,t,e,,g,u
e,4.6,f,t,n,f,d,,o,6.07,7.97,,t,w,,,f,f,,d,a
p,8.19,f,t,e,f,x,d,w,5.69,17.01,b,,w,,,f,f,,d,a
e,2.94,b,g,w,f,x,d,w,4.5,2.67,,,y,,,f,f,,g,u
p,4.3,x,,p,f,x,,w,5.67,6.62,,,w,,,f,f,,d,a
e,3.49,s,d,g,t,d,c,p,4.41,5.56,,,n,,,f,f,,d,a
e,6.98,x,d,o,f,d,d,o,5.78,12.74,,,w,,,f,f,,g,w
p,1.68,b,g,n,f,,c,n,5.59,2.83,,,n,,,f,f,,d,u
e,4.24,x,t,o,f,p,,n,5.21,10.1,,,n,,,f,f,,d,a
e,7.67,x,y,e,f,,,w,6.3,23.7,b,,n,,w,t,e,,d,w
p,7.37,x,g,n,f,e,,w,8.08,15.43,,y,w,u,w,t,p,,d,a
e,12.99,x,y,y,f,,,w,8.21,27.22,b,,n,,w,t,e,,d,w
p,7.54,x,y,w,t,,,p,8.5,15.13,s,,w,,,t,l,,g,a
e,3.69,x,t,n,f,d,,o,5.75,7.73,,t,w,,,f,f,,d,w
e,17.02,f,y,w,f,,,w,23.12,17.57,s,,n,,,t,m,,m,a
p,9.56,x,y,w,t,,,p,8.67,13.96,s,,w,,,t,l,,g,u
e,7.58,p,,g,f,a,,w,7.22,12.91,,,w,,,f,f,,g,u
p,1.92,f,,w,f,a,c,w,3.35,3.28,,i,u,,,f,f,,d,a
p,7.67,x,i,y,f,a,c,n,7.83,8.81,,i,n,,k,t,z,k,g,u
p,3.2,x,y,y,f,a,,w,5.86,3.68,,y,y,,,t,r,,h,u
e,19.23,x,w,n,f,p,,w,16.4,69.77,,,n,,,f,f,,d,u
p,7.1,o,t,r,f,,c,y,1.88,18.44,,,n,,,f,f,,d,w
p,3.25,f,w,p,f,a,,y,5.3,6.94,,t,r,,,f,f,,d,u
e,5.28,f,w,y,f,f,f,f,4.84,11.84,,,y,,,f,f,,d,a
e,4.44,x,y,n,f,s,,y,4.8,7.71,,,w,,,f,f,,d,a
e,7.26,f,s,n,f,s,c,w,5.58,9.8,b,i,n,,,f,f,,l,a
p,9.16,o,,n,f,f,f,f,3.22,24.5,,g,n,,,f,f,,d,u
p,3.02,c,,w,f,a,c,w,4.11,3.55,,i,u,,,f,f,,d,a
e,0.84,b,g,g,f,,,g,2.82,1.32,,,w,,,f,f,,d,a
p,3.98,b,t,n,f,x,c,p,6.23,4.83,,i,n,,,f,f,,g,u
e,5.61,x,t,n,f,e,,w,12.75,12.53,,s,n,u,w,f,f,,d,a
p,1.55,x,,n,f,,,n,5.73,2.62,,s,n,,,f,f,k,g,a
e,3.73,x,k,n,f,p,,n,4.42,9.97,,,y,,,f,f,,d,a
p,3.9,x,h,n,f,a,c,n,4.45,5.92,,y,o,,,t,z,,d,a
e,3.54,b,g,g,f,a,d,g,5.17,3.89,,s,n,,,f,f,,d,w
e,8.03,x,d,w,f,s,c,w,7.5,31.06,,,w,,,f,f,,m,s
e,8.7,f,,n,f,x,c,w,7.26,18.19,,s,w,,,f,f,,d,u
e,6.99,x,,n,f,x,c,w,7.68,14.81,,s,w,,,f,f,,d,a
p,8.06,f,h,r,f,,c,w,10.75,14.35,,,w,u,w,t,p,,d,a
p,2.35,c,h,y,f,,,y,8.51,3.13,,,y,,,f,f,,g,u
e,12.03,f,s,w,t,e,,n,8.23,17.01,s,,w,,,t,r,,m,a
p,4.91,f,k,y,f,p,,n,3.8,4.89,,k,n,,,t,f,,d,u
p,13.86,f,s,n,f,d,c,y,5.23,29.06,,k,k,,,f,f,,d,a
p,13.1,x,,g,f,e,,w,11.58,16.38,,,w,u,w,t,e,,d,a
p,4.69,s,k,n,f,p,,n,3.17,4.91,,k,n,,,t,f,,d,u
e,1.64,x,w,g,f,,d,g,5.45,2.74,,,w,,,f,f,,g,u
e,3.54,x,h,n,f,,c,n,6.58,6.3,,s,w,,w,f,f,k,d,a
e,4.53,b,g,g,f,a,d,g,6.99,4.53,,s,g,,,f,f,,d,w
e,16.72,p,w,n,f,p,,y,18.75,77.79,,,n,,,f,f,,d,u
e,19.95,p,y,n,f,,,w,27.8,20.54,s,,n,,,t,m,,m,a
p,10.75,x,t,g,t,d,c,w,5.35,26.94,,,n,,,f,f,,d,a
p,7.59,f,,y,f,x,c,n,6.51,10.52,,,w,,,f,f,,d,u
e,3.92,x,k,n,f,p,,n,4.56,10.22,,,y,,,f,f,,d,a
p,2.19,f,y,o,f,d,,y,2.96,5.02,,,y,,,f,f,,h,a
p,8.28,s,,r,t,d,,o,5.16,13.09,,,w,,,t,f,,d,a
e,6.13,f,s,n,f,s,c,w,5.91,10.67,b,i,w,,,f,f,,m,a
p,3.03,x,k,n,f,s,,p,3.73,3.01,,,n,,,f,f,p,g,a
p,8.83,x,t,n,f,a,d,w,11.54,25.11,,,w,,,f,f,,d,u
e,1.2,x,s,y,f,a,,w,5.74,2.37,,t,y,,,f,f,,g,a
p,6.62,x,t,n,f,s,,g,5.7,8.56,,y,n,,,f,f,,d,a
p,16.27,f,d,n,f,d,c,y,5.93,36.41,,k,n,,,f,f,,d,u
p,7.5,x,y,n,f,a,c,y,11.31,10.3,,y,y,,,t,,,d,a
e,9.62,f,e,b,f,,c,b,4.81,19.93,,,w,,,t,f,,d,a
e,9.1,x,t,y,t,x,c,y,8.47,16.7,,,w,,,f,f,,d,a
p,6.89,s,t,p,t,d,c,p,6.84,11.15,,,p,,,t,f,,d,u
p,5.55,b,y,n,f,,,g,9.53,12.54,,s,w,,,t,z,,g,s
p,8.0,f,,r,f,x,c,n,6.77,11.29,,,w,,,f,f,,d,u
p,3.17,b,y,n,f,,c,u,6.31,4.63,s,s,w,,,f,f,,d,u
e,4.69,x,t,n,f,a,d,y,6.06,5.58,,k,o,,,f,f,,d,w
p,13.24,x,e,y,t,p,,o,8.93,33.58,,,u,,,f,f,,d,u
p,2.21,f,t,y,f,,,y,7.58,3.18,,,y,,,f,f,,g,a
e,55.1,o,y,y,f,p,,y,7.7,42.45,,k,n,,,f,f,,d,u
p,3.36,f,y,w,f,e,c,w,4.14,3.5,,k,w,,,t,e,,m,u
e,17.76,f,,l,f,d,c,w,2.81,16.31,,,w,,,f,f,,d,a
p,5.66,f,,y,f,s,d,y,4.58,10.89,,i,y,,,f,f,,d,a
e,13.56,f,s,w,t,e,,g,10.71,19.13,s,,w,,,t,l,,m,a
p,5.92,f,t,e,f,x,,w,13.37,6.74,r,g,n,,,f,f,,d,u
p,7.96,f,t,e,f,x,d,w,5.37,17.25,b,,w,,,f,f,,d,a
p,4.4,o,e,n,f,,c,o,1.51,14.09,,,n,,,f,f,,d,w
e,6.69,x,,y,f,e,,w,6.37,13.14,b,,w,u,w,t,g,,d,u
e,7.47,x,h,y,f,p,,y,6.85,15.23,,,y,,y,t,,,d,a
p,1.54,x,g,y,f,d,d,n,1.66,2.19,,s,n,,,f,f,,h,u
p,4.51,b,h,n,f,,,n,10.72,6.99,,,w,,,t,,k,g,w
e,11.87,s,,l,f,s,c,u,8.02,20.01,,,u,,,f,f,,l,w
p,6.76,s,t,g,t,d,,g,4.24,10.9,,t,r,,,f,f,,d,u
e,3.4,b,y,n,f,,c,k,6.99,3.39,,,w,,,f,f,,d,u
p,6.05,s,d,y,f,d,c,y,3.02,6.23,,,y,,,f,f,,d,u
e,3.76,s,l,n,f,f,f,f,5.07,37.7,,,n,,,f,f,g,d,a
p,3.74,f,,u,f,a,,w,4.38,7.37,,,w,,,f,f,,d,u
p,5.4,x,,e,f,,c,r,4.42,13.34,,,y,,,f,f,,d,a
p,5.09,f,l,n,f,x,d,n,6.44,5.18,,,n,,,f,f,,d,a
e,4.91,f,g,n,f,a,d,g,7.36,4.73,,s,n,,,f,f,,d,w
p,2.44,b,,k,f,a,,k,8.17,2.29,,,g,,w,f,f,k,g,u
p,5.6,x,s,n,f,s,,g,4.68,7.08,,y,n,,,f,f,,d,w
p,9.6,f,,w,f,x,c,w,9.47,9.49,r,i,w,,,f,f,,d,a
p,3.23,x,t,n,f,a,c,n,4.18,5.69,,y,n,,,t,z,,d,a
p,8.02,f,,y,f,x,c,n,6.92,12.89,,,w,,,f,f,,d,u
e,9.83,f,,g,f,s,c,u,7.13,20.69,,,b,,,f,f,,d,w
p,8.44,x,,n,t,x,,u,7.28,18.78,s,,g,,u,f,f,,d,a
p,3.21,b,t,r,f,a,,y,5.64,7.25,,t,y,,,f,f,,m,a
e,6.67,s,w,y,f,f,f,f,6.16,14.83,,,y,,,f,f,,d,a
p,4.22,s,k,n,f,p,,n,2.1,3.47,,k,n,,,t,f,,d,u
p,8.19,x,,w,f,x,c,w,9.7,12.21,r,i,w,,,f,f,,d,a
e,8.75,p,,g,f,a,,w,8.25,14.98,,,w,,,f,f,,g,u
p,8.96,x,e,n,f,a,,n,12.63,16.0,s,,n,,e,f,f,,h,a
p,5.04,c,i,y,f,,c,n,5.87,6.23,,,w,,,f,f,,d,a
p,10.76,p,,n,f,p,,w,8.77,29.26,c,,n,,,f,f,p,d,a
p,4.49,f,,n,f,x,c,p,7.88,3.86,,,p,,,f,f,,d,a
e,13.18,s,,w,t,d,c,w,6.9,25.75,,,w,,,f,f,,d,u
e,3.82,x,t,o,f,p,,n,4.37,10.96,,,e,,,f,f,,d,a
p,0.8,x,g,y,f,,,y,3.51,0.78,,,w,,,f,f,,d,a
p,1.76,x,,n,f,,,n,5.54,2.75,,s,n,,,f,f,k,g,a
e,16.0,f,s,w,t,e,,g,12.47,18.8,s,,w,,,t,r,,m,u
e,51.08,o,y,y,f,p,,y,6.25,38.24,,k,k,,,f,f,,d,s
p,6.56,x,s,n,f,s,,g,5.02,7.03,,y,n,,,f,f,,d,a
e,56.03,o,y,y,f,p,,y,5.04,25.04,,k,n,,,f,f,,d,u
p,3.41,f,t,p,f,a,,r,5.36,6.21,,t,y,,,f,f,,m,a
p,0.77,x,g,p,f,a,,n,3.97,1.09,,s,k,,,f,f,,d,u
p,1.48,x,g,y,f,d,d,n,2.56,2.61,,s,n,,,f,f,,d,u
p,19.38,x,s,n,f,p,,y,6.07,29.43,,,n,,,f,f,,d,a
e,5.21,f,w,y,f,f,f,f,5.32,14.15,,,y,,,f,f,,d,a
e,8.66,p,,n,f,a,,w,7.4,13.33,,,g,,,f,f,,g,a
e,13.64,f,,n,t,,,w,13.2,20.48,b,,w,u,w,t,g,,d,a
p,6.25,p,g,n,f,e,,w,6.99,14.21,,y,w,u,w,t,p,,d,u
p,3.57,b,y,n,f,,c,u,5.39,4.29,s,s,w,,,f,f,,d,a
e,15.91,x,e,n,t,e,,w,10.94,17.28,,,w,,,t,,,g,u
p,6.01,b,s,k,f,e,,y,6.48,6.73,,,o,,,f,f,,g,a
p,12.4,x,i,o,f,a,,o,12.67,24.23,r,,y,,,t,r,n,d,a
p,1.79,b,,n,f,a,,g,4.83,2.1,,s,g,,,f,f,,d,u
p,5.26,b,i,k,f,e,,k,6.19,5.78,,,k,,,f,f,,g,u
p,3.88,x,,p,f,x,,w,5.33,6.71,,,w,,,f,f,,d,u
p,3.63,b,y,n,f,,c,w,6.57,4.47,s,s,w,,,f,f,,d,a
p,1.58,x,,n,f,,,n,4.73,2.65,,s,n,,,f,f,k,g,u
e,8.33,o,,n,f,,,w,3.66,23.15,,,n,,,f,f,,d,u
p,6.4,s,k,n,f,p,,n,3.91,6.73,,k,n,,,t,f,,d,u
p,3.09,x,t,n,f,s,c,p,5.73,8.25,,,w,,n,t,z,,d,u
p,0.81,x,g,e,f,a,,n,4.59,1.12,,h,k,,,f,f,,d,w
e,10.52,f,,w,f,d,c,w,2.44,15.94,,,w,,,f,f,,d,a
e,6.68,x,t,y,f,p,,y,7.48,14.13,,,y,,y,t,,,d,u
e,10.98,f,s,r,f,x,,n,6.52,24.89,,,p,,,f,f,,d,a
p,4.31,b,t,n,f,x,c,p,6.33,4.91,,i,n,,,f,f,,d,u
p,8.07,o,,e,f,f,f,f,3.42,22.89,,g,n,,,f,f,,d,s
p,4.61,x,,y,f,s,d,y,4.87,12.81,,i,y,,,f,f,,d,a
e,5.86,f,w,y,f,f,f,f,5.08,14.88,,,y,,,f,f,,d,u
p,18.07,x,g,e,f,p,,y,5.43,34.14,,,n,,,f,f,,d,w
p,6.91,f,d,e,t,d,c,w,5.0,6.68,,,e,,,f,f,,d,u
p,1.67,b,,n,f,a,,g,5.04,2.11,,s,n,,,f,f,,d,u
e,4.14,x,,l,f,a,,r,5.35,7.89,,,w,,,f,f,,d,u
e,10.29,x,s,n,t,p,,y,8.02,19.2,,,n,,w,t,p,,d,u
e,1.61,f,w,n,f,,d,k,4.62,2.43,,,w,,,f,f,,d,u
p,16.5,f,s,n,f,d,c,y,6.77,38.94,,k,n,,,f,f,,d,u
p,6.67,x,h,r,f,,c,w,10.71,13.46,,,w,u,w,t,g,,d,u
e,12.63,f,t,k,f,a,d,k,7.19,22.85,,,w,,,f,f,w,d,u
p,9.42,x,,n,f,p,,w,10.48,32.25,c,,n,,,f,f,w,d,a
p,1.93,x,i,l,f,a,,p,3.41,2.53,,,w,,,f,f,p,g,a
p,1.29,x,s,y,f,f,f,f,4.46,6.03,,,y,,,f,f,,d,u
e,16.91,f,y,n,f,,,w,24.4,22.39,s,,n,,,t,m,,d,a
p,7.5,x,h,r,f,,c,w,11.07,13.63,,,w,u,w,t,g,,d,u
p,10.88,x,d,o,f,a,,y,10.73,23.41,r,,y,,,t,r,n,d,u
p,6.54,f,t,e,f,x,,w,11.64,6.75,r,g,n,,,f,f,,d,u
p,7.94,x,t,e,f,x,d,w,5.98,17.96,b,,w,,,f,f,,d,u
e,4.47,x,,l,f,d,,r,6.09,7.36,,,r,,,f,f,,l,u
p,12.62,o,,e,f,f,f,f,3.89,25.39,,g,n,,,f,f,,d,s
e,5.99,s,,n,f,d,c,w,4.06,8.03,,s,w,,,f,f,,h,u
p,5.88,x,e,e,f,a,,w,8.48,10.21,,,y,,w,t,z,,d,a
e,4.85,x,,l,f,d,,r,7.18,8.93,,,l,,,f,f,,d,u
p,2.88,o,l,g,f,f,f,f,0.0,0.0,f,f,f,,,f,f,,d,s
e,13.6,x,s,w,t,e,,n,9.93,17.87,s,,w,,,t,r,,m,u
p,3.45,f,w,o,t,d,c,y,3.74,6.11,,,n,,,f,f,,d,u
p,8.6,o,k,y,f,,c,y,1.62,17.15,,,y,,,f,f,,d,w
e,10.77,s,t,o,t,d,c,o,6.16,17.24,,,w,,,f,f,,d,u
p,3.89,s,,u,f,a,,w,4.24,7.45,,,y,,,f,f,,d,a
p,4.78,c,i,y,f,,c,n,7.52,9.1,,,w,,,f,f,,d,a
p,13.08,s,t,r,t,d,c,w,5.26,27.36,,,g,,,f,f,,d,a
p,3.02,s,s,w,f,d,c,w,2.55,6.35,,,w,,,f,f,,g,u
e,0.89,b,g,g,f,,,g,3.23,1.53,,,w,,,f,f,,d,w
p,14.35,s,t,g,t,d,c,w,5.01,26.46,,,g,,,f,f,,d,a
e,14.38,x,e,g,f,d,c,w,8.12,23.66,s,,w,,,f,f,,d,w
e,3.37,s,d,g,t,d,c,p,4.53,6.12,,,g,,,f,f,,d,a
p,1.5,x,g,n,f,d,d,n,1.62,2.27,,s,n,,,f,f,,h,u
p,1.32,b,h,n,f,a,,n,4.17,1.54,,t,n,,,f,f,,d,a
p,2.95,b,y,n,f,,c,g,5.59,4.61,s,s,w,,,f,f,,d,a
p,1.97,f,h,n,f,,,y,6.99,2.74,,,y,,,f,f,,g,u
p,7.66,x,w,p,f,s,c,p,5.05,9.97,,,p,,,f,f,,d,w
p,8.52,b,t,w,f,e,c,w,13.56,13.79,,y,w,u,w,t,e,,d,a
e,8.25,x,d,n,t,p,,y,7.16,14.02,,,e,,,f,f,,d,u
p,1.56,f,h,n,f,,,n,5.73,2.3,,,y,,,f,f,,g,u
e,16.36,x,d,e,f,p,,w,14.92,34.12,s,y,w,,,f,f,,d,a
p,9.35,x,e,n,t,p,,o,7.25,25.49,,,u,,,f,f,,d,a
e,17.95,x,w,n,f,p,,w,20.09,81.36,,,n,,,f,f,,d,a
p,6.77,b,t,w,f,e,c,w,12.96,12.91,,y,w,u,w,t,l,,d,a
e,7.38,s,,u,f,s,c,b,6.34,18.81,,,b,,,f,f,,l,a
e,4.06,x,,y,f,a,c,y,4.59,10.05,,,w,,,f,f,,d,u
e,11.31,s,,w,t,d,c,y,5.1,21.93,,,w,,,f,f,,d,u
p,6.78,b,y,n,f,,,g,10.29,12.28,,s,w,,,t,z,,d,u
e,4.04,x,t,n,f,d,,o,6.08,5.71,,t,w,,,f,f,,d,a
e,7.29,f,y,w,f,e,c,p,6.19,13.57,,,w,,w,t,e,,g,a
p,2.78,s,s,g,f,d,c,w,2.37,6.12,,,w,,,f,f,,g,u
e,5.76,x,t,n,f,a,d,n,6.34,4.7,,t,g,,,t,l,,d,a
e,6.75,x,d,n,t,p,,y,6.72,12.9,,,y,,,f,f,,d,a
p,6.19,s,d,n,t,d,c,w,6.47,9.88,,,e,,,f,f,,d,u
e,5.87,x,,g,t,p,,g,10.98,24.61,,y,w,,,f,f,,d,a
p,7.48,x,i,n,f,a,,n,10.01,13.58,s,,n,,n,f,f,,d,a
p,5.75,s,,n,t,d,c,w,6.26,6.43,,,n,,,f,f,,d,a
p,3.34,x,y,y,f,a,,w,5.84,3.65,,y,y,,,t,r,,g,u
p,5.38,c,e,y,t,x,c,p,5.9,12.46,,,w,,,f,f,,d,u
p,1.44,o,k,n,f,,,n,3.19,1.38,,,n,,,f,f,,d,u
e,11.08,f,e,b,f,,c,b,4.65,18.38,,,w,,,t,f,,d,a
e,7.6,x,t,n,f,p,d,y,8.01,13.05,,s,n,,,f,f,,d,a
e,7.37,f,h,o,f,s,,y,9.06,12.22,,t,o,,,f,f,,d,a
e,4.11,s,,n,f,f,f,f,5.88,6.23,,,o,,,f,f,,d,a
p,8.25,b,y,n,f,,,k,16.05,18.12,,,w,,,f,f,,d,a
p,9.06,x,,u,t,x,,u,8.1,18.63,s,,u,,u,f,f,,d,a
p,7.12,x,s,r,t,s,d,r,6.36,14.93,r,y,n,,,f,f,,d,u
p,3.68,b,s,y,f,,c,y,8.34,6.6,,,y,u,w,t,z,k,d,w
e,1.63,f,w,n,f,,d,g,5.33,2.6,,,w,,,f,f,,d,a
p,4.66,o,t,w,f,,c,w,0.0,0.0,f,f,f,,,f,f,n,d,u
p,3.91,f,t,n,f,x,c,p,5.84,4.75,,i,g,,,f,f,,d,a
p,3.28,x,d,w,f,d,d,p,3.09,2.37,,h,w,,,f,f,,g,a
p,13.93,s,d,n,f,d,c,y,5.93,35.83,,k,k,,,f,f,,d,a
p,7.1,f,y,y,f,s,c,y,7.13,18.95,,y,y,,,f,f,,d,a
p,2.98,o,,g,f,f,f,f,3.44,11.49,,g,n,,,f,f,,d,u
p,3.28,f,y,n,f,e,c,w,4.92,3.53,,k,w,,,t,e,,d,a
e,8.39,x,,g,f,a,,w,7.88,13.18,,,g,,,f,f,,g,a
e,4.92,x,s,w,f,e,c,k,4.32,12.26,,,w,,w,t,e,,m,u
e,6.66,f,h,k,f,s,d,w,5.92,10.33,,s,g,,,f,f,,d,a
p,2.89,s,s,w,f,d,c,w,2.86,7.55,,,w,,,f,f,,g,a
e,8.38,x,d,w,f,s,c,w,7.22,31.27,,,w,,,f,f,,d,u
p,2.94,b,,k,f,a,,n,10.15,2.39,,,g,,w,f,f,k,g,u
e,4.82,x,h,n,f,a,d,w,5.52,4.65,,s,o,,,f,f,,d,w
p,2.97,f,,n,f,x,c,p,7.91,4.07,,,n,,,f,f,,d,u
e,8.74,x,t,n,f,p,d,y,7.4,12.43,,s,n,,,f,f,,h,a
p,4.41,x,t,o,f,a,c,n,4.34,5.25,,y,n,,,t,z,,d,a
e,5.66,x,w,y,f,f,f,f,3.67,11.03,,,y,,,f,f,,d,a
e,2.44,b,g,g,f,a,d,g,4.57,2.52,,s,n,,,f,f,,d,a
e,11.37,x,h,n,t,p,,y,8.25,21.41,,,n,,,f,f,,d,u
p,2.63,f,s,o,f,d,,y,3.19,5.91,,,o,,,f,f,,h,a
p,6.6,x,y,y,f,a,c,y,9.79,10.44,,y,n,,,t,,,d,a
p,6.07,s,d,n,t,d,c,y,5.92,9.35,,,n,,,f,f,,d,u
p,12.16,x,h,e,f,e,,w,17.46,17.51,s,y,w,u,w,t,g,,d,u
e,5.18,x,,l,f,d,,r,6.78,9.05,,,w,,,f,f,,d,a
p,7.96,x,h,r,f,,c,w,11.07,14.52,,,w,u,w,t,p,,d,u
e,6.0,x,t,n,t,p,,y,6.82,17.12,,,n,,w,t,p,,d,a
e,5.98,f,y,n,f,e,c,p,4.58,12.26,,,w,,,t,l,,w,a
p,2.42,f,s,w,f,d,c,w,2.61,6.99,,,w,,,f,f,,g,u
p,2.94,f,w,u,f,a,c,g,4.71,5.31,,s,u,,,f,f,,l,u
e,3.47,x,t,n,f,d,,o,5.71,7.2,,t,o,,,f,f,,d,w
p,15.43,f,k,w,t,d,d,n,6.04,30.61,,,w,,,f,f,,d,u
p,1.9,f,t,n,f,,,n,6.61,2.89,,,y,,,f,f,,g,u
e,8.17,x,d,y,t,p,,y,7.96,14.07,,,y,,,f,f,,d,u
p,8.84,s,,r,t,d,,o,5.49,13.2,,,w,,,t,f,,d,u
e,8.78,o,,n,f,,,w,6.2,26.24,,,n,,,f,f,,d,a
p,5.94,s,d,o,f,d,c,y,3.86,7.07,,,o,,,f,f,,d,a
e,11.35,s,t,p,t,d,c,o,6.89,18.33,,,w,,,f,f,,d,a
e,3.17,f,g,g,f,a,d,g,5.65,3.14,,s,n,,,f,f,,d,w
e,4.73,x,y,n,f,e,c,p,3.9,8.94,,y,n,,,f,f,,d,u
e,15.06,x,t,n,f,p,,w,19.41,85.9,,,n,,,f,f,,d,a
p,8.65,x,,g,t,x,,n,9.32,19.95,s,,u,,u,f,f,,d,a
p,5.16,c,e,w,t,x,c,y,7.36,12.91,,,w,,,f,f,,g,a
e,8.8,x,s,n,t,p,,y,7.83,17.96,,,n,,w,t,p,,d,u
e,6.44,s,,g,f,s,c,b,7.13,20.89,,,u,,,f,f,,l,a
p,4.95,b,t,n,f,,,k,10.45,6.28,,,w,,,t,,k,g,w
e,4.84,x,y,n,f,e,c,p,5.4,9.43,,y,n,,,f,f,,d,a
p,6.24,f,,g,f,d,c,w,5.76,10.98,b,,n,,,f,f,,d,a
p,3.28,x,t,n,f,a,c,n,4.68,6.22,,y,n,,,t,z,,d,a
p,5.91,s,d,y,f,d,c,y,3.8,6.37,,,o,,,f,f,,h,u
e,5.2,x,s,b,f,x,c,w,6.62,10.16,,s,n,,,f,f,,l,a
e,7.48,x,,g,t,p,,g,11.54,24.06,,y,w,,,f,f,,d,a
e,5.49,s,,n,f,d,c,w,4.93,7.44,,s,w,,,f,f,,h,u
e,7.95,f,,w,f,d,c,y,2.26,12.52,,,w,,,f,f,,d,a
p,0.67,f,,o,f,d,,o,4.6,1.09,,,o,,,f,f,w,g,u
p,6.95,x,s,n,t,s,d,w,6.16,16.42,r,y,n,,,f,f,,d,u
e,5.75,f,y,n,f,s,,y,5.15,8.21,,,w,,,f,f,,d,u
e,18.05,f,y,n,f,,,w,29.94,22.31,s,,n,,,t,m,,m,u
e,3.76,x,t,n,f,d,,o,6.63,9.14,,t,o,,,f,f,,d,w
p,1.58,p,t,n,f,a,c,n,6.28,2.35,,t,y,,,t,e,,m,s
p,8.93,x,i,n,f,a,,n,10.9,14.66,s,,n,,n,f,f,,d,a
p,5.22,f,k,y,f,p,,n,2.94,4.77,,k,n,,,t,f,,d,u
e,8.87,x,s,n,t,e,,n,9.63,17.72,s,,w,,,t,l,,m,a
e,8.43,x,y,w,f,e,c,n,5.12,12.97,,,w,,w,t,e,,m,u
p,3.2,f,w,r,f,a,,y,5.35,6.5,,t,r,,,f,f,,d,a
e,6.02,x,t,g,f,a,d,n,6.35,4.3,,t,w,,,t,l,,d,u
p,3.77,o,,w,f,f,f,f,5.46,27.05,,g,w,,,t,f,,d,u
e,5.38,x,,l,f,a,,r,6.19,8.61,,,r,,,f,f,,l,a
p,6.73,f,,n,f,d,c,y,6.05,11.79,b,,n,,,f,f,,d,a
p,3.1,x,h,o,f,a,c,n,4.27,4.85,,y,o,,,t,z,,d,w
e,10.43,x,e,y,f,x,c,w,7.39,19.08,,,w,,,f,f,,d,u
e,8.0,f,s,o,f,d,d,b,6.69,13.31,,,w,,,f,f,,g,a
e,10.93,s,t,o,t,d,c,o,5.62,17.62,,,w,,,f,f,,d,u
p,13.68,x,k,n,t,p,,y,9.18,28.42,c,,y,,,f,f,,d,a
e,8.94,x,s,n,f,e,c,w,5.16,8.96,,i,n,,,f,f,p,d,a
p,4.47,f,t,n,f,x,c,p,5.85,4.49,,i,n,,,f,f,,d,u
e,3.3,s,d,g,t,d,c,p,3.9,5.68,,,n,,,f,f,,d,u
p,5.68,x,s,n,f,s,,n,5.46,7.21,,y,n,,,f,f,,d,w
e,7.81,p,s,w,f,e,c,p,24.06,12.35,,s,w,,,t,e,,u,a
p,4.52,b,t,n,f,,,k,10.79,6.41,,,w,,,t,,k,g,u
p,3.15,s,w,u,f,a,c,u,4.57,5.1,,s,u,,,f,f,,d,u
p,3.86,o,s,o,f,f,f,f,0.0,0.0,f,f,f,,,t,f,,d,u
e,3.38,x,d,e,f,a,c,o,3.91,6.38,,,e,,,f,f,,m,a
e,2.62,x,h,o,f,a,c,e,4.58,6.49,,,o,,,f,f,,g,w
e,8.88,x,t,n,t,p,,n,7.36,18.2,,,n,,w,t,p,,d,u
e,4.89,x,,y,f,e,,w,5.66,11.61,b,,y,u,w,t,g,,d,a
e,16.17,f,s,n,t,e,,g,9.97,17.62,s,,w,,,t,l,,m,a
p,5.1,p,s,n,f,,,g,8.21,10.98,,s,w,,,t,z,,d,u
e,15.18,x,e,n,t,e,,w,9.91,16.91,,,w,,,t,,,g,a
p,2.67,b,d,p,f,a,,r,4.6,5.67,,t,y,,,f,f,,d,a
e,10.43,x,s,e,f,a,d,w,8.8,15.33,,i,n,,,t,,w,d,w
p,8.85,s,,o,t,d,,o,4.84,12.55,,,w,,,t,f,,d,u
p,3.64,x,i,e,f,,,e,5.05,5.68,,,e,,,f,f,n,d,a
e,13.79,x,e,n,t,e,,w,9.68,16.96,,,w,,,t,,,d,a
e,6.81,x,t,y,f,p,,y,8.55,15.4,,,y,,y,t,,,d,u
p,10.47,x,e,y,t,p,,e,8.57,22.6,,,u,,,f,f,,d,a
e,9.95,x,s,n,f,e,c,p,9.54,11.36,,i,n,,,f,f,p,d,w
p,2.97,b,d,y,f,a,,y,5.19,6.1,,t,r,,,f,f,,m,a
p,2.1,c,h,y,f,,,n,7.95,2.91,,,y,,,f,f,,g,a
e,6.54,x,,n,t,,,w,9.53,13.56,b,,w,u,w,t,g,,d,u
p,3.41,o,,w,f,f,f,f,5.35,29.95,,g,w,,,t,f,,p,a
e,15.37,x,e,n,t,e,,w,9.73,17.67,,,w,,,t,,,g,a
p,3.86,o,t,n,f,,c,w,0.0,0.0,f,f,f,,,f,f,n,d,a
p,4.37,s,d,o,f,d,c,o,3.06,6.31,,,o,,,f,f,,h,a
e,5.49,x,y,n,f,e,c,p,5.52,9.71,,y,n,,,f,f,,d,a
p,11.04,f,t,r,t,d,c,n,5.75,14.68,,,n,,,f,f,,h,a
e,7.05,x,d,o,f,d,d,o,6.15,13.21,,,w,,,f,f,,d,w
p,5.7,s,d,e,t,d,c,w,5.26,7.84,,,e,,,f,f,,d,a
e,6.35,x,h,g,f,a,d,n,6.84,5.48,,t,g,,,t,l,,d,u
p,3.06,o,,w,f,f,f,f,5.22,32.5,,g,w,,,t,f,,p,u
e,18.18,p,w,n,f,p,,w,20.7,84.05,,,n,,,f,f,,d,u
e,6.3,x,t,n,f,e,,w,12.09,12.31,,s,n,u,w,f,f,,d,a
e,10.91,f,s,y,f,x,,n,6.98,20.27,,,w,,,f,f,,d,u
p,4.96,o,,w,f,f,f,f,5.88,33.36,,g,w,,,t,f,,p,u
p,9.05,x,,n,t,x,,u,8.99,18.68,s,,u,,u,f,f,,d,a
e,6.44,x,s,n,f,x,c,w,7.26,9.93,,s,n,,,f,f,,l,a
p,4.26,b,t,n,f,x,c,p,6.25,5.06,,i,n,,,f,f,,d,u
e,26.44,x,t,n,f,p,,y,18.13,86.85,,,n,,,f,f,,d,a
e,3.03,x,,u,f,,d,u,5.99,5.09,,,w,,,f,f,,d,u
p,7.99,p,y,w,f,,,k,13.76,16.63,,,w,,,f,f,,d,a
e,8.33,x,s,u,f,a,c,w,4.09,13.82,,,w,,,f,f,,d,a
e,5.21,x,d,y,t,p,,y,5.55,12.16,,,y,,,f,f,,d,a
p,10.66,s,t,r,t,d,c,n,5.39,14.65,,,n,,,f,f,,h,a
p,3.73,x,i,e,f,,,e,4.89,5.54,,,e,,,f,f,n,d,a
e,12.11,x,y,y,f,,,w,5.79,23.57,b,,n,,w,t,e,,d,a
e,4.1,f,y,g,f,s,,w,4.07,6.46,,,w,,,f,f,,d,u
p,2.11,b,,g,f,a,,g,4.97,2.05,,s,n,,,f,f,,d,u
e,5.16,x,h,n,f,x,c,n,5.78,6.42,,s,n,,,t,r,,d,s
e,5.85,x,d,y,t,p,,y,7.0,13.9,,,y,,,f,f,,d,u
p,2.57,f,,u,f,a,,w,4.46,6.87,,,y,,,f,f,,d,a
p,0.7,x,,o,f,d,,o,4.96,1.11,,,y,,,f,f,w,g,a
e,10.07,f,,u,f,s,c,u,8.43,19.86,,,b,,,f,f,,l,a
p,5.2,s,,n,t,d,c,b,6.97,6.46,,,n,,,f,f,,d,u
p,7.1,b,t,w,f,e,c,w,13.16,13.1,,y,w,u,w,t,e,,d,a
p,4.26,x,i,e,f,,,e,5.32,6.59,,,e,,,f,f,n,d,a
e,6.66,x,h,y,f,p,,y,7.13,13.92,,,y,,y,t,,,d,u
p,5.51,b,y,n,f,,,g,11.36,13.46,,s,w,,,t,z,,d,a
e,4.65,x,,w,f,a,,r,5.87,7.55,,,l,,,f,f,,d,u
e,3.37,x,s,e,f,a,c,e,5.04,6.87,,,o,,,f,f,,g,w
p,3.99,c,i,y,f,,c,n,6.19,5.66,,,w,,,f,f,,d,u
p,6.06,s,d,e,t,d,c,y,5.62,8.9,,,e,,,f,f,,d,a
p,4.54,x,t,n,f,s,c,n,5.77,9.27,,,w,,n,t,z,,d,a
p,4.56,x,s,y,f,,c,r,8.63,8.11,,,y,u,w,t,z,k,d,a
e,1.04,b,g,w,f,,,g,3.03,1.5,,,w,,,f,f,,d,a
p,3.1,o,,g,f,f,f,f,3.16,13.4,,g,g,,,f,f,,d,a
p,12.11,x,y,o,f,a,,o,11.9,26.58,r,,o,,,t,r,n,d,a
p,1.25,x,g,n,f,d,d,n,1.75,2.28,,s,n,,,f,f,,h,u
p,2.89,f,s,g,f,d,c,w,2.78,6.89,,,w,,,f,f,,g,a
e,7.34,f,s,n,f,s,c,w,5.73,9.09,b,i,n,,,f,f,,d,a
p,0.85,x,g,o,f,,,y,3.63,0.85,,,y,,,f,f,,d,a
p,6.56,b,s,g,f,,,w,11.76,12.45,,s,w,,,t,z,,d,u
p,7.39,s,t,y,f,x,c,y,5.33,16.53,,,y,,,f,f,,d,a
e,10.88,x,t,n,t,p,,y,9.92,23.14,,,n,,,f,f,,d,u
p,3.79,f,t,n,f,x,c,p,6.08,3.82,,i,g,,,f,f,,g,a
p,4.68,f,l,n,f,x,d,e,6.22,4.9,,,n,,,f,f,,l,a
p,4.28,x,h,o,f,a,c,y,6.19,7.52,,g,o,,,f,f,,g,u
e,5.64,x,,n,f,x,c,w,4.79,11.45,,s,w,,,f,f,,d,a
p,4.51,x,t,n,f,s,c,p,6.25,9.97,,,w,,n,t,z,,d,u
e,6.43,x,y,w,f,e,c,p,3.76,11.9,,,w,,w,t,e,,g,u
p,8.04,f,w,p,f,s,c,p,5.2,11.26,,,p,,,f,f,,d,w
e,6.31,c,t,n,f,e,,w,13.25,13.6,,s,n,u,w,f,f,,d,a
e,10.24,x,y,n,t,e,,p,9.79,18.03,,y,w,,,t,l,,l,a
e,3.44,f,,y,f,x,c,n,5.85,3.55,,,w,,,f,f,,d,u
p,4.93,x,h,o,f,a,c,y,6.45,7.99,,g,o,,,f,f,,g,u
e,6.85,x,h,n,f,p,d,y,5.81,11.23,,s,n,,,f,f,,h,a
p,8.72,x,y,n,f,a,c,n,11.16,11.34,,y,y,,,t,,,d,a
e,8.19,f,,n,f,x,c,w,7.66,21.34,,s,w,,,f,f,,d,a
p,11.26,f,,g,f,e,,w,10.49,11.62,,,w,u,w,t,g,,d,a
p,5.14,f,,y,f,s,d,y,6.2,14.64,,i,y,,,f,f,,d,a
p,1.99,b,,g,f,a,,g,5.03,2.02,,s,g,,,f,f,,d,u
p,8.28,x,,w,f,x,c,w,9.91,10.31,r,i,w,,,f,f,,d,u
e,3.69,f,t,n,f,d,,o,5.99,6.63,,t,o,,,f,f,,d,w
e,2.06,f,y,n,f,d,d,p,4.61,3.13,,i,n,,,f,f,,l,u
e,4.28,x,,w,f,a,,r,6.04,7.84,,,w,,,f,f,,d,u
p,8.09,f,,n,f,x,c,w,9.27,10.95,r,i,w,,,f,f,,h,u
e,6.43,x,,w,f,e,,w,6.15,13.4,b,,y,u,w,t,g,,d,u
p,7.59,o,k,n,f,,c,o,1.32,13.26,,,y,,,f,f,,d,a
e,1.64,c,g,n,f,a,,w,5.38,1.58,,,g,,,f,f,,d,u
e,7.47,s,t,w,t,d,c,o,4.85,16.72,,,w,,,f,f,,d,u
p,0.72,f,,o,f,d,,o,3.71,0.84,,,y,,,f,f,w,g,a
e,14.48,x,y,n,t,e,,w,11.39,18.39,,,w,,,t,,,d,a
p,3.12,b,,k,f,a,,n,9.61,2.66,,,g,,w,f,f,k,g,u
e,6.31,x,l,w,f,d,,w,3.4,8.84,,,w,,,f,f,,g,a
p,7.04,f,w,p,f,s,c,p,4.03,9.3,,,p,,,f,f,,d,a
e,6.22,x,h,n,f,e,,w,10.86,11.86,,s,w,u,w,f,f,,d,u
p,7.36,b,y,w,f,,,k,12.87,16.31,,,w,,,f,f,,d,a
p,2.0,c,t,n,f,,,y,6.82,3.24,,,y,,,f,f,,g,u
p,2.67,f,w,n,t,d,c,n,3.57,6.57,,,n,,,f,f,,d,u
e,10.6,p,s,w,f,e,c,w,19.11,13.54,,s,w,,,t,e,,d,w
e,4.75,x,y,n,f,s,,g,4.74,6.94,,,w,,,f,f,,d,u
p,6.41,f,t,e,f,x,,w,10.72,7.42,r,g,n,,,f,f,,d,u
p,4.53,o,,w,f,f,f,f,5.71,30.65,,g,w,,,t,f,,p,a
p,2.79,f,w,o,t,d,c,n,2.98,6.26,,,n,,,f,f,,d,u
e,13.78,f,s,n,f,d,d,w,9.89,17.3,,i,n,,,t,,w,d,w
e,8.85,f,s,w,f,e,c,n,5.24,12.85,,,w,,w,t,e,,g,u
p,1.48,f,,w,f,a,c,w,3.23,3.3,,i,w,,,f,f,,d,a
p,8.15,p,y,w,f,,,k,12.7,17.14,,,w,,,f,f,,d,a
e,12.8,s,,w,t,d,c,w,6.26,25.44,,,w,,,f,f,,d,a
p,4.69,x,t,l,f,s,c,n,6.23,8.02,,y,w,,,t,e,u,m,u
e,3.14,x,,b,f,,d,w,6.49,4.96,,,w,,,f,f,,d,a
p,8.74,f,h,n,f,x,,w,18.19,8.56,r,g,n,,,f,f,,d,a
p,14.65,f,k,n,f,d,c,y,6.48,32.36,,k,n,,,f,f,,d,a
e,3.76,b,g,n,f,x,d,w,4.71,3.55,,,y,,,f,f,,g,u
e,5.99,f,h,o,f,a,d,w,7.21,6.94,,k,o,,,f,f,,d,a
p,7.88,x,y,w,t,,,p,8.24,14.08,s,,w,,,t,l,,g,u
p,7.51,s,,y,t,d,,o,5.0,12.19,,,w,,,t,f,,d,a
e,6.21,x,s,b,f,d,d,b,6.11,12.65,,,w,,,f,f,,d,a
e,5.53,s,w,y,f,f,f,f,5.47,14.84,,,y,,,f,f,,d,u
p,8.64,x,i,n,f,a,c,n,8.12,8.23,,i,n,,k,t,z,k,g,u
p,9.06,x,h,r,f,,c,w,11.29,15.24,,,w,u,w,t,p,,d,u
p,4.12,f,,y,f,s,d,y,5.0,13.17,,i,y,,,f,f,,d,a
p,5.77,x,y,n,f,a,c,n,8.8,9.74,,y,y,,,t,,,d,a
e,1.04,b,g,w,f,,,g,3.21,1.48,,,w,,,f,f,,d,w
e,6.07,x,,y,f,e,,w,5.48,12.05,b,,y,u,y,t,g,,d,a
p,7.82,x,t,n,f,s,,n,6.0,7.89,,y,n,,,f,f,,d,w
p,6.32,c,k,y,t,x,c,y,8.13,12.41,,,w,,,f,f,,d,u
p,3.42,x,i,e,f,,,e,4.47,4.76,,,e,,,f,f,n,d,a
e,46.89,o,y,y,f,p,,y,6.34,34.24,,k,k,,,f,f,,d,s
p,9.25,x,y,w,t,,,w,7.6,15.24,s,,w,,,t,l,,d,a
p,3.39,o,,w,f,f,f,f,5.17,27.6,,g,w,,,t,f,,d,a
p,9.15,x,t,n,t,d,c,n,5.96,15.5,,,n,,,f,f,,h,u
p,1.1,x,g,w,f,a,d,w,3.13,1.59,,,e,,,f,f,,d,a
e,4.76,x,t,n,f,p,,n,5.77,11.88,,,n,,,f,f,,d,u
p,3.16,o,,k,f,f,f,f,3.76,15.38,,g,g,,,f,f,,d,a
p,3.82,f,d,b,f,x,c,y,4.56,3.31,b,i,n,,,f,f,,l,a
e,4.7,x,,r,f,a,,r,5.72,7.62,,,l,,,f,f,,d,u
p,2.83,o,l,g,f,f,f,f,0.0,0.0,f,f,f,,,f,f,,d,u
p,4.55,s,k,y,f,p,,n,3.32,4.87,,k,n,,,t,f,,d,u
e,23.24,x,d,e,f,p,,n,18.12,40.15,s,y,w,,,f,f,,d,a
p,6.99,s,h,n,t,d,,g,4.43,11.75,,t,n,,,f,f,,d,a
e,5.15,x,y,n,f,s,,y,4.31,6.94,,,w,,,f,f,,d,u
p,5.72,f,,b,f,x,,w,4.74,6.37,,,w,,,f,f,,d,u
e,6.39,f,s,u,f,a,c,w,4.09,13.92,,,w,,,f,f,,d,u
p,9.78,x,e,o,f,a,,y,13.56,21.72,r,,y,,,t,r,n,d,a
p,2.97,f,w,u,f,a,c,u,5.38,4.88,,s,u,,,f,f,,d,u
e,0.95,c,g,e,t,a,,p,5.74,0.87,,,n,,,f,f,,d,u
e,4.75,f,y,n,f,s,,g,4.47,7.32,,,w,,,f,f,,d,u
e,6.75,f,,u,f,s,c,b,6.82,19.4,,,b,,,f,f,,d,a
p,3.58,f,l,e,f,x,d,e,4.96,4.95,,,n,,,f,f,,l,a
p,4.82,c,i,y,f,,c,r,5.89,6.55,,,w,,,f,f,,d,u
p,3.71,x,s,y,f,,c,y,6.25,5.79,,,y,u,w,t,z,k,d,w
p,2.61,b,d,r,f,a,,y,4.76,5.6,,t,r,,,f,f,,d,a
e,7.61,f,s,w,f,s,c,w,7.58,25.35,,,w,,,f,f,,d,u
p,5.02,p,y,n,f,,,k,9.14,12.84,,s,w,,,t,z,,g,w
p,3.03,x,y,o,f,a,,y,2.8,5.44,,,o,,,f,f,,m,a
e,12.4,x,y,e,f,,,w,6.67,25.39,b,,n,,w,t,e,,d,a
p,3.25,o,s,n,f,,c,w,0.0,0.0,f,f,f,,,f,f,n,d,u
e,8.98,x,d,w,f,s,c,w,7.6,31.31,,,w,,,f,f,,m,s
p,0.83,x,g,w,f,a,d,w,2.32,1.3,,,n,,,f,f,,l,u
p,10.34,x,e,y,t,p,,e,9.94,29.22,,,u,,,f,f,,d,u
p,3.73,b,s,y,f,,c,k,8.38,6.42,,,y,u,w,t,z,k,d,u
p,6.41,b,k,n,f,a,c,y,5.77,6.85,,i,y,,,t,,,d,a
p,7.91,x,,n,f,p,,w,11.34,31.9,c,,n,,,f,f,p,d,u
p,1.24,f,i,k,f,a,,w,2.87,2.09,,,w,,,f,f,p,g,a
p,5.56,c,i,y,f,,c,r,6.15,7.78,,,w,,,f,f,,d,u
e,3.63,f,d,p,t,d,c,p,5.02,6.19,,,g,,,f,f,,d,u
e,3.61,f,s,w,f,d,d,w,3.79,6.46,,,w,,,f,f,,m,a
e,3.92,f,s,w,f,d,d,w,3.54,6.6,,,w,,,f,f,,g,w
e,16.0,x,e,n,f,d,c,w,9.66,26.08,s,,w,,,f,f,,d,a
e,3.71,s,y,n,f,a,d,p,6.8,4.18,,i,n,,,f,f,,l,u
e,5.4,x,s,n,f,x,c,w,7.28,9.37,,s,n,,,f,f,,l,w
p,2.43,f,s,g,f,d,c,w,2.76,7.0,,,w,,,f,f,,g,u
p,6.45,x,d,e,t,d,c,w,7.46,9.18,,,n,,,f,f,,d,a
p,6.94,s,t,r,t,d,,w,4.41,11.96,,t,n,,,f,f,,d,u
p,3.08,b,t,n,f,,,n,11.45,5.84,,,w,,,t,,k,g,a
p,3.58,x,y,n,f,a,,w,4.75,3.56,,y,y,,,t,r,,d,u
p,5.97,p,y,g,f,,,k,7.41,11.55,,s,w,,,t,z,,d,w
p,5.77,f,k,n,f,p,,n,3.65,6.7,,k,n,,,t,f,,d,u
e,2.91,b,g,w,f,x,d,w,3.79,2.32,,,y,,,f,f,,g,u
p,4.73,o,s,n,f,,c,w,0.0,0.0,f,f,f,,,f,f,n,d,a
p,7.13,x,i,y,f,a,c,k,7.97,7.31,,i,n,,k,t,z,k,g,a
p,8.49,x,,g,t,x,,n,9.3,18.54,s,,n,,u,f,f,,d,a
e,3.85,x,d,n,f,p,,e,4.13,10.46,,,y,,,f,f,,d,a
p,7.93,x,h,r,f,,c,w,11.19,16.55,,,w,u,w,t,p,,d,a
p,7.89,b,y,w,f,,,k,15.7,17.74,,,w,,,f,f,,d,a
p,2.79,f,s,g,f,d,c,w,3.12,7.31,,,w,,,f,f,,g,a
e,8.49,s,l,w,f,d,,p,3.46,8.73,,,w,,,f,f,,d,u
e,3.62,x,t,n,f,a,d,y,6.42,5.54,,s,n,,,f,f,,d,s
p,8.59,x,d,o,f,a,,o,11.73,21.02,r,,o,,,t,r,n,d,u
p,1.54,b,,n,f,a,,g,4.98,1.88,,s,g,,,f,f,,d,u
p,5.76,x,e,e,f,a,,g,7.96,9.61,,,n,,w,t,z,,d,a
p,1.43,b,,n,f,a,,g,4.33,1.66,,s,g,,,f,f,,d,u
e,1.01,x,g,e,t,a,,p,4.76,0.96,,,n,,,f,f,,h,a
p,2.61,x,y,n,f,a,,w,5.46,3.47,,y,n,,,t,r,,h,a
p,7.13,x,t,n,f,x,c,y,4.76,13.29,,,y,,,f,f,,d,a
e,5.49,f,s,n,f,s,c,w,5.51,9.39,b,i,n,,,f,f,,g,a
e,8.75,x,y,e,f,,,w,7.48,23.82,b,,n,,w,t,e,,d,a
p,8.32,s,h,n,t,d,,g,4.53,12.2,,t,g,,,f,f,,d,u
p,5.46,s,d,n,t,d,c,n,7.65,10.72,,,n,,,f,f,,d,a
e,5.17,x,t,n,f,p,,n,6.17,12.66,,,n,,,f,f,,d,a
p,1.37,o,k,n,f,,,n,3.27,1.09,,,n,,,f,f,,d,a
e,9.35,f,e,b,f,,c,b,5.42,20.74,,,w,,,t,f,,d,a
e,5.31,x,y,g,f,s,,g,5.48,8.14,,,w,,,f,f,,d,a
p,7.19,x,,y,f,s,d,y,6.51,15.73,,i,y,,,f,f,,d,a
e,9.47,x,,n,t,,,w,11.75,18.81,b,,w,u,w,t,g,,d,u
e,2.97,s,d,u,t,d,c,p,4.09,5.87,,,n,,,f,f,,d,a
p,6.57,b,t,w,f,e,c,w,12.38,11.07,,y,w,u,w,t,e,,d,u
p,3.37,b,,g,f,a,,k,8.95,2.62,,,g,,w,f,f,k,g,a
e,2.33,f,s,w,f,d,d,w,3.12,5.41,,,w,,,f,f,,g,w
p,3.57,c,i,y,f,,c,r,6.01,6.74,,,w,,,f,f,,d,a
e,11.99,x,e,l,f,x,c,w,7.91,24.97,,,w,,,f,f,,d,a
p,11.81,x,e,y,t,p,,o,8.25,25.9,,,e,,,f,f,,d,a
e,2.45,x,,u,f,,d,w,5.94,4.68,,,w,,,f,f,,d,w
p,1.34,b,h,n,f,a,,n,4.28,1.57,,t,n,,,f,f,,g,a
e,6.55,x,d,y,t,p,,y,7.46,15.88,,,y,,,f,f,,d,u
p,7.25,c,i,y,f,,c,r,6.82,7.71,,,w,,,f,f,,d,a
p,4.37,f,k,n,f,s,,p,4.54,3.57,,,n,,,f,f,p,g,a
p,5.8,b,k,n,f,a,c,n,4.61,5.92,,i,y,,,t,,,d,a
p,9.17,x,y,w,t,,,w,9.61,16.83,s,,w,,,t,l,,g,a
p,7.49,x,i,y,f,a,c,n,8.0,8.23,,i,n,,k,t,z,k,d,u
p,5.29,c,i,y,f,,c,n,6.68,7.6,,,w,,,f,f,,d,u
p,3.18,b,h,n,f,,,n,6.04,4.5,,,w,,,t,,k,g,a
e,11.61,f,,l,f,d,c,w,2.45,14.42,,,w,,,f,f,,d,w
p,7.63,s,h,g,t,d,,g,4.52,13.92,,t,g,,,f,f,,d,a
p,7.61,o,k,y,f,,c,y,1.45,13.6,,,n,,,f,f,,d,w
p,10.43,x,s,n,f,s,,y,7.14,17.08,,i,n,,,f,f,,d,u
e,20.52,p,y,n,f,,,w,29.22,19.95,s,,n,,,t,m,,m,u
e,6.97,x,d,b,f,d,d,o,6.99,13.05,,,w,,,f,f,,m,a
p,1.84,f,h,n,f,,,y,7.14,2.95,,,y,,,f,f,,g,a
e,15.93,x,e,n,t,e,,w,10.42,16.91,,,w,,,t,,,d,u
e,5.54,f,y,n,f,s,,g,4.52,7.59,,,w,,,f,f,,d,a
e,7.32,x,y,n,f,e,c,p,6.24,11.11,,y,n,,,f,f,,d,u
e,3.4,x,s,w,f,d,d,w,3.8,5.68,,,w,,,f,f,,m,a
p,6.95,s,t,p,t,d,c,p,6.45,10.25,,,p,,,t,f,,d,a
e,4.81,x,t,g,f,a,d,n,6.11,5.18,,t,w,,,t,l,,d,u
p,21.26,x,k,w,t,d,d,w,7.2,27.43,,,w,,,f,f,,d,w
e,6.18,x,t,n,f,e,,w,13.0,12.77,,s,w,u,w,f,f,,d,u
p,8.83,x,,n,f,x,c,w,9.36,10.2,r,i,w,,,f,f,,h,u
p,4.04,x,,y,f,x,,w,5.03,6.14,,,w,,,f,f,,d,a
e,8.45,f,s,w,f,s,c,w,6.84,25.57,,,w,,,f,f,,m,u
e,1.32,x,t,y,f,d,,w,6.41,2.25,,t,y,,,f,f,,g,a
p,8.26,f,t,e,f,x,d,w,6.73,18.63,b,,w,,,f,f,,d,a
p,13.22,x,s,w,f,s,,y,7.97,18.67,,i,n,,,f,f,,d,u
p,8.08,x,h,r,f,,c,w,11.19,14.41,,,w,u,w,t,p,,d,u
p,3.14,f,,w,f,x,c,p,8.35,3.88,,,n,,,f,f,,d,a
e,5.94,x,y,n,f,e,c,w,4.47,8.66,,y,n,,,f,f,,d,u
p,4.98,x,t,y,f,a,c,y,6.16,7.43,,g,o,,,f,f,,g,a
p,7.3,x,d,n,f,a,c,n,5.55,7.02,,i,y,,,t,,,d,a
e,6.02,f,,y,f,a,c,w,4.78,13.55,,,w,,,f,f,,d,u
e,3.38,b,g,n,f,x,d,w,4.28,2.18,,,y,,,f,f,,g,a
e,20.16,f,s,n,f,a,d,k,7.96,27.95,,,w,,,f,f,w,d,u
p,2.14,p,t,n,f,a,c,n,8.41,2.89,,t,y,,,t,e,,m,u
p,11.1,x,e,y,t,p,,e,7.6,26.91,,,e,,,f,f,,d,a
p,4.87,x,,e,f,,c,g,3.76,13.05,,,y,,,f,f,,d,a
p,4.54,f,k,n,f,p,,n,2.99,4.88,,k,n,,,t,f,,d,u
e,10.27,x,e,l,f,x,c,w,8.04,23.74,,,w,,,f,f,,d,a
e,3.5,x,,y,f,a,c,y,3.25,7.77,,,w,,,f,f,,d,u
e,0.83,b,g,g,f,,,g,2.48,1.21,,,w,,,f,f,,d,s
e,7.29,x,d,y,t,p,,r,5.75,12.75,,,e,,,f,f,,d,a
p,6.77,f,y,e,f,s,c,y,4.68,17.1,,y,y,,,f,f,,d,a
p,3.82,b,t,n,f,x,c,p,5.69,4.22,,i,n,,,f,f,,d,a
p,3.5,x,,n,f,x,c,p,7.73,4.08,,,p,,,f,f,,l,u
e,4.55,x,,l,f,d,,r,6.23,7.89,,,l,,,f,f,,d,a
p,8.48,x,i,n,f,a,,n,10.41,14.23,s,,n,,n,f,f,,h,a
e,14.23,x,e,n,t,e,,w,9.83,17.8,,,w,,,t,,,g,u
p,5.88,c,i,y,f,,c,n,6.63,8.92,,,w,,,f,f,,d,a
p,8.42,f,h,e,f,x,d,w,6.22,17.11,b,,w,,,f,f,,d,a
e,16.64,x,e,g,f,a,c,w,10.26,25.54,s,,w,,,f,f,,d,a
e,18.59,f,y,n,f,,,w,26.09,19.55,s,,n,,,t,m,,d,a
p,1.65,x,g,y,f,d,d,n,1.98,2.53,,s,n,,,f,f,,h,a
e,4.24,x,,y,f,a,c,y,4.84,11.04,,,w,,,f,f,,d,u
p,0.79,f,,o,f,d,,o,4.65,0.92,,,y,,,f,f,w,g,u
p,7.21,s,d,e,t,d,c,y,7.27,10.35,,,n,,,f,f,,d,u
p,7.24,f,,y,f,x,c,y,6.26,10.76,,,w,,,f,f,,d,u
e,10.16,s,t,w,t,d,c,o,6.47,18.24,,,w,,,f,f,,d,u
e,7.43,x,y,y,f,,,w,6.52,21.63,b,,n,,w,t,e,,d,w
p,4.39,x,t,n,f,s,c,p,6.11,8.92,,,w,,n,t,z,,d,a
e,7.28,x,l,w,f,d,,p,3.6,7.94,,,w,,,f,f,,d,a
e,19.85,x,d,o,f,p,,n,17.86,37.83,s,y,w,,,f,f,,d,u
p,3.49,o,s,w,f,,c,w,0.0,0.0,f,f,f,,,f,f,n,d,u
p,7.45,x,,n,t,x,,n,8.86,20.22,s,,n,,u,f,f,,d,a
p,1.32,x,,n,f,,,n,5.11,2.59,,s,n,,,f,f,k,g,u
e,15.52,s,t,k,f,a,d,y,7.46,22.31,,,w,,,f,f,w,d,a
e,11.66,f,,g,f,d,c,y,2.58,14.04,,,w,,,f,f,,d,a
p,7.26,s,,o,t,d,,o,5.23,13.41,,,w,,,t,f,,d,a
p,4.68,o,,w,f,f,f,f,6.47,33.79,,g,w,,,t,f,,d,u
p,2.52,o,,k,f,f,f,f,3.76,15.44,,g,n,,,f,f,,d,u
p,1.46,x,g,y,f,d,d,n,2.07,2.37,,s,n,,,f,f,,h,a
p,7.36,f,h,r,f,,c,w,10.88,13.3,,,w,u,w,t,g,,d,u
e,13.78,f,y,w,f,,,w,25.67,19.58,s,,n,,,t,m,,m,u
p,8.65,f,,n,f,x,c,w,9.69,9.94,r,i,w,,,f,f,,d,a
e,4.48,x,,r,f,a,,r,6.42,8.55,,,w,,,f,f,,l,u
e,7.64,x,h,n,t,p,,n,7.12,18.06,,,n,,w,t,p,,d,a
e,7.0,f,,e,f,x,c,w,6.64,16.73,,s,w,,,f,f,,d,a
p,1.42,x,,n,f,,,n,4.98,2.46,,s,n,,,f,f,k,g,u
e,12.51,f,,n,f,s,c,b,8.81,22.06,,,u,,,f,f,,l,w
e,12.45,s,,w,t,d,c,p,6.4,25.73,,,w,,,f,f,,d,u
e,7.91,x,,n,f,a,,w,7.18,13.46,,,w,,,f,f,,d,a
p,3.12,x,t,n,f,s,c,p,5.21,7.48,,,w,,n,t,z,,d,a
e,4.66,x,,w,f,x,c,n,7.89,7.4,b,,w,,w,t,,,d,a
p,3.37,s,w,u,f,a,c,g,4.41,4.42,,s,u,,,f,f,,d,a
p,8.68,f,,n,f,x,c,w,9.99,10.8,r,i,w,,,f,f,,d,u
p,2.31,b,,n,f,a,,g,5.22,1.95,,s,n,,,f,f,,d,a
p,1.48,o,k,n,f,,,n,2.93,1.21,,,n,,,f,f,,d,u
p,5.47,o,t,w,f,,c,w,0.0,0.0,f,f,f,,,f,f,n,d,a
p,15.42,x,s,n,t,p,,o,10.5,30.82,c,,y,,,f,f,,d,u
p,2.42,s,d,w,f,a,d,w,3.11,2.26,,h,w,,,f,f,,g,u
e,6.32,p,,n,f,f,f,f,5.7,18.8,,,n,,,f,f,,d,s
p,7.54,s,d,e,t,d,c,w,7.16,8.32,,,n,,,f,f,,d,a
p,3.73,x,,e,f,x,,w,4.55,6.24,,,w,,,f,f,,d,a
e,9.61,p,i,n,t,e,,p,8.56,17.65,,y,w,,,t,p,,l,a
p,2.46,b,g,y,f,,c,n,5.73,3.14,,,n,,,f,f,,m,s
p,2.94,o,,k,f,f,f,f,4.55,17.24,,g,g,,,f,f,,d,u
p,6.88,p,s,g,f,,,k,10.76,13.01,,s,w,,,t,z,,g,u
e,4.64,x,,r,f,a,,r,6.42,7.95,,,r,,,f,f,,l,u
e,1.42,x,s,y,f,d,,w,5.8,2.01,,t,y,,,f,f,,d,a
p,2.06,b,g,w,f,,c,n,6.12,2.64,,,n,,,f,f,,m,s
p,3.77,f,,n,f,x,c,p,7.46,3.77,,,p,,,f,f,,l,u
e,8.91,x,h,y,f,p,,y,7.38,14.18,,,y,,y,t,,,d,a
e,3.95,x,h,n,f,,c,k,6.34,6.74,,s,w,,w,f,f,k,d,u
p,9.93,s,t,p,t,d,c,p,8.34,17.23,,,p,,,t,f,,d,a
e,8.6,s,t,p,t,d,c,o,6.22,17.93,,,w,,,f,f,,d,u
p,6.37,x,i,n,f,a,c,k,7.8,7.07,,i,n,,k,t,z,k,d,a
p,8.69,x,e,n,f,a,,n,10.64,14.41,s,,n,,n,f,f,,h,a
p,0.98,x,g,w,f,a,d,w,2.8,1.47,,,e,,,f,f,,l,u
p,2.14,f,t,n,f,,,n,8.19,3.21,,,y,,,f,f,,g,a
e,6.3,c,t,n,f,e,,w,12.39,13.26,,s,n,u,w,f,f,,d,a
p,8.71,s,t,p,t,d,c,p,7.56,15.23,,,p,,,t,f,,d,u
p,4.62,x,t,n,f,a,c,n,5.29,6.88,,y,n,,,t,z,,d,w
e,6.74,x,t,n,f,p,d,y,6.87,11.58,,s,n,,,f,f,,h,a
p,8.78,x,e,n,f,a,,n,8.88,12.37,s,,n,,e,f,f,,d,a
p,7.05,x,g,n,f,e,,w,8.63,16.79,,y,w,u,w,t,p,,d,a
e,1.57,c,g,n,f,a,,g,5.05,1.69,,,g,,,f,f,,d,u
e,4.96,x,,w,f,x,c,w,8.5,10.65,b,,w,,w,t,,,g,s
e,3.36,x,s,w,f,d,d,w,4.0,6.12,,,w,,,f,f,,g,a
p,16.03,x,s,n,t,p,,o,8.91,28.87,c,,y,,,f,f,,d,a
p,1.28,x,s,y,f,f,f,f,3.44,5.09,,,y,,,f,f,,d,a
p,0.79,x,g,e,f,a,,n,3.54,0.95,,h,k,,,f,f,,d,u
e,4.26,x,d,y,t,p,,y,6.91,12.58,,,y,,,f,f,,d,u
e,4.07,x,,r,f,a,,r,5.27,6.69,,,w,,,f,f,,l,u
p,2.78,b,,k,f,a,,n,9.88,2.69,,,g,,w,f,f,k,g,u
p,2.56,f,y,w,f,e,c,w,4.33,3.51,,k,w,,,t,e,,m,a
p,2.19,b,g,y,f,,c,n,6.06,2.82,,,n,,,f,f,,m,a
e,4.14,f,t,n,f,d,,o,5.88,7.62,,t,o,,,f,f,,d,a
e,4.24,x,t,n,f,a,d,w,5.29,5.21,,k,n,,,f,f,,d,a
p,3.29,o,,k,f,f,f,f,4.34,18.71,,g,g,,,f,f,,d,a
p,11.39,x,e,y,f,a,,y,15.05,27.82,r,,o,,,t,r,n,d,w
p,3.2,x,t,n,f,s,c,n,5.88,8.84,,,w,,n,t,z,,d,a
p,1.17,f,s,y,f,f,f,f,3.12,5.49,,,y,,,f,f,,d,u
e,7.31,o,,n,f,,,w,4.67,22.79,,,n,,,f,f,,d,u
e,4.9,f,w,y,f,f,f,f,4.58,12.32,,,y,,,f,f,,d,u
p,6.49,x,i,y,f,a,c,n,7.33,7.59,,i,n,,k,t,z,k,g,a
e,4.57,f,t,n,f,d,,o,6.29,8.74,,t,w,,,f,f,,d,a
e,14.39,f,s,n,t,e,,n,10.41,17.42,s,,w,,,t,l,,m,u
e,3.28,s,l,n,f,f,f,f,6.89,36.19,,,n,,,f,f,g,d,a
p,9.38,x,e,n,f,a,,n,8.91,13.44,s,,n,,n,f,f,,d,a
e,12.82,f,,l,f,d,c,w,2.54,15.7,,,w,,,f,f,,d,w
e,6.9,x,d,e,t,p,,r,5.49,12.01,,,e,,,f,f,,d,a
p,2.88,x,d,w,f,d,d,w,3.26,2.5,,h,w,,,f,f,,g,u
e,16.5,x,d,o,f,p,,w,13.62,31.68,s,y,w,,,f,f,,d,a
p,3.83,s,,u,f,a,,w,4.24,6.74,,,w,,,f,f,,d,a
e,3.38,x,s,p,f,a,c,o,4.9,6.59,,,e,,,f,f,,g,w
e,6.57,x,,n,t,p,,g,11.99,25.33,,y,w,,,f,f,,d,u
p,10.32,x,e,y,t,p,,o,7.5,23.52,,,u,,,f,f,,d,u
e,8.46,x,,n,f,s,c,p,6.83,18.9,b,,u,,,f,f,,g,a
e,14.85,x,e,n,f,a,c,w,8.63,22.01,s,,w,,,f,f,,l,a
p,2.74,b,,k,f,a,,k,8.45,2.55,,,g,,w,f,f,k,g,a
e,7.72,x,i,n,f,e,c,n,4.9,13.53,,,w,,,t,l,,w,u
e,5.38,x,,r,f,d,,r,5.66,7.35,,,r,,,f,f,,l,u
e,12.48,s,e,n,f,a,c,w,6.34,22.85,s,,w,,,f,f,,l,a
e,7.61,x,d,n,t,p,,y,4.96,10.83,,,y,,,f,f,,d,a
p,4.55,b,s,y,f,,c,k,8.16,7.83,,,y,u,w,t,z,k,d,w
p,4.8,x,,y,f,s,d,y,5.7,13.73,,i,y,,,f,f,,d,a
e,4.92,f,w,y,f,f,f,f,3.48,10.0,,,y,,,f,f,,d,a
p,3.65,f,t,n,f,x,c,p,5.24,4.47,,i,g,,,f,f,,g,a
e,2.96,x,k,n,f,p,,e,4.23,9.89,,,y,,,f,f,,d,a
e,10.64,x,h,n,f,p,d,y,7.6,12.01,,s,n,,,f,f,,h,a
p,3.03,o,,g,f,f,f,f,3.34,12.79,,g,g,,,f,f,,d,a
e,18.6,x,d,n,f,p,,n,15.05,33.86,s,y,w,,,f,f,,d,u
p,7.43,p,g,n,f,e,,w,7.39,12.12,,y,w,u,w,t,p,,d,u
p,16.92,s,d,n,f,d,c,y,5.17,33.18,,k,n,,,f,f,,d,a
e,1.09,b,g,g,f,,,g,3.18,1.38,,,w,,,f,f,,d,a
p,10.92,s,t,n,t,d,c,n,6.1,15.62,,,n,,,f,f,,h,u
e,11.28,f,s,w,t,e,,n,7.62,16.37,s,,w,,,t,l,,m,u
p,19.98,x,s,o,f,p,,y,5.19,27.8,,,n,,,f,f,,d,a
p,4.69,c,i,y,f,,c,r,6.14,6.5,,,w,,,f,f,,d,u
p,8.95,x,i,n,f,a,,n,11.52,17.83,s,,n,,n,f,f,,d,a
p,4.08,f,k,n,f,s,,p,3.81,3.16,,,n,,,f,f,p,g,a
e,3.33,x,,y,f,a,c,y,3.21,8.64,,,w,,,f,f,,d,u
p,5.42,x,,p,f,,c,g,3.15,11.64,,,y,,,f,f,,d,a
p,6.62,x,t,e,f,x,,w,9.13,6.8,r,g,n,,,f,f,,d,u
p,1.58,o,k,n,f,,,n,4.34,1.6,,,n,,,f,f,,d,a
e,9.64,p,i,n,t,e,,p,8.49,15.33,,y,w,,,t,l,,d,a
e,6.61,x,,g,f,a,,w,6.7,11.16,,,g,,,f,f,,d,a
e,6.13,x,y,n,f,e,c,w,5.84,9.92,,y,n,,,f,f,,d,u
e,18.51,p,s,w,t,e,,n,13.59,18.56,s,,w,,,t,r,,m,a
e,7.95,x,s,n,t,p,,y,6.87,17.92,,,n,,w,t,p,,d,u
p,12.5,f,,n,f,e,,w,11.01,14.63,,,w,u,w,t,g,,d,a
p,5.24,x,,y,f,s,d,y,5.54,12.42,,i,y,,,f,f,,d,a
p,3.62,x,k,w,f,s,,p,4.03,3.32,,,n,,,f,f,p,g,u
p,7.71,b,y,n,f,,,k,15.47,17.35,,,w,,,f,f,,d,a
p,3.34,x,t,n,f,s,c,p,4.94,8.48,,,w,,n,t,z,,d,u
e,4.89,x,h,n,f,a,d,n,5.06,3.62,,t,g,,,t,l,,d,w
e,7.31,x,d,y,t,p,,y,7.76,15.36,,,y,,,f,f,,d,a
p,4.1,x,s,o,f,a,c,y,5.79,6.52,,g,o,,,f,f,,g,a
p,0.73,x,g,y,f,,,y,3.5,0.7,,,w,,,f,f,,d,u
p,1.59,x,g,y,f,d,d,n,2.02,2.61,,s,n,,,f,f,,d,u
p,1.24,b,h,n,f,a,,n,4.31,1.31,,t,n,,,f,f,,h,u
p,5.24,f,k,n,f,p,,n,3.92,6.02,,k,n,,,t,f,,d,u
p,4.53,o,s,g,f,f,f,f,0.0,0.0,f,f,f,,,t,f,,d,a
p,4.71,x,,w,f,,c,w,3.42,11.5,,,y,,,f,f,,d,a
p,5.84,f,y,e,f,s,c,y,6.52,18.0,,y,y,,,f,f,,d,a
e,13.4,f,,b,f,d,c,y,2.45,12.74,,,w,,,f,f,,d,w
p,12.47,f,d,n,f,d,c,y,4.58,31.7,,k,k,,,f,f,,d,u
e,1.51,x,s,n,f,a,,w,7.21,2.27,,t,y,,,f,f,,g,u
p,0.65,x,g,p,f,a,,p,3.99,0.96,,h,k,,,f,f,,d,s
e,3.85,x,s,w,f,d,d,w,3.92,6.13,,,w,,,f,f,,m,w
e,4.11,s,d,g,t,d,c,p,5.14,6.39,,,g,,,f,f,,d,u
e,6.75,x,i,n,f,e,c,n,4.62,13.14,,,w,,,t,l,,w,a
p,7.29,s,h,g,t,d,,w,4.56,11.19,,t,g,,,f,f,,d,a
e,2.61,x,,u,f,,d,w,6.38,4.2,,,w,,,f,f,,d,u
p,4.76,f,k,n,f,p,,n,2.62,4.67,,k,n,,,t,f,,d,u
e,18.96,f,s,n,f,a,d,k,5.98,22.52,,,w,,,f,f,w,d,a
p,3.13,o,,g,f,f,f,f,3.08,14.45,,g,g,,,f,f,,d,u
p,15.12,s,t,k,t,d,c,n,5.05,24.98,,,n,,,f,f,,d,a
e,9.26,s,,g,f,s,c,b,8.19,18.96,,,u,,,f,f,,d,w
p,5.67,o,k,y,f,,c,o,1.3,14.12,,,n,,,f,f,,d,w
e,6.64,c,t,n,f,e,,w,12.39,13.01,,s,w,u,w,f,f,,d,a
p,3.56,o,,g,f,f,f,f,3.05,17.64,,g,n,,,f,f,,d,u
p,10.56,s,t,n,t,d,c,n,5.43,11.98,,,n,,,f,f,,h,a
e,6.5,f,y,g,f,s,,g,5.38,10.78,,,w,,,f,f,,d,a
e,5.36,x,h,n,f,x,c,w,5.76,5.89,,s,n,,,t,r,,d,u
e,8.37,x,t,n,f,p,d,y,7.85,13.14,,s,n,,,f,f,,g,a
p,1.74,b,h,n,f,a,,n,5.44,1.75,,t,n,,,f,f,,h,u
p,3.08,b,y,n,f,e,c,w,4.02,3.68,,k,w,,,t,e,,d,u
e,51.78,o,y,y,f,p,,y,10.17,53.75,,k,n,,,f,f,,d,u
e,8.78,f,s,k,f,a,c,w,5.2,17.25,,,w,,,f,f,,d,a
p,15.06,x,s,n,t,p,,e,9.6,30.21,c,,y,,,f,f,,d,a
e,4.88,o,,n,f,f,f,f,4.6,18.31,,,n,,,f,f,,l,s
p,8.31,x,y,y,f,a,c,n,11.62,10.56,,y,y,,,t,,,d,a
p,3.11,f,,u,f,a,,w,4.14,7.27,,,y,,,f,f,,d,a
p,7.14,x,h,r,f,,c,w,10.51,14.35,,,w,u,w,t,p,,d,a
e,23.51,p,w,n,f,p,,w,18.61,74.7,,,n,,,f,f,,d,u
e,9.59,s,,g,f,s,c,g,7.41,22.27,b,,u,,,f,f,,g,w
p,5.5,x,e,e,f,a,,n,6.43,8.76,,,e,,w,t,z,,d,a
p,6.2,f,k,n,f,d,c,n,5.09,5.79,,i,y,,,t,,,d,a
e,6.78,x,s,k,f,a,c,w,4.54,15.43,,,w,,,f,f,,d,a
e,4.16,f,d,p,t,d,c,p,4.22,6.94,,,g,,,f,f,,d,u
e,3.98,x,,y,f,a,c,o,3.91,10.24,,,w,,,f,f,,d,u
p,18.11,s,d,n,f,d,c,y,6.15,36.58,,k,k,,,f,f,,d,u
p,8.06,x,h,n,f,x,,w,15.74,8.64,r,g,n,,,f,f,,d,u
e,7.27,x,y,n,f,e,c,w,5.3,10.0,,y,n,,,f,f,,d,a
e,3.97,x,,l,f,d,,r,5.35,6.68,,,w,,,f,f,,d,a
e,9.68,x,t,n,t,p,,y,9.47,24.93,,,n,,,f,f,,d,a
e,4.31,x,,y,f,x,c,u,6.85,4.16,,,w,,,f,f,,d,a
p,4.51,x,e,e,f,a,,w,7.87,9.3,,,n,,w,t,z,,d,a
p,4.53,x,s,o,f,a,c,y,5.74,7.54,,g,o,,,f,f,,g,a
p,6.78,x,s,n,f,s,,g,6.26,8.34,,y,n,,,f,f,,d,w
e,3.65,x,s,w,f,d,d,w,3.7,5.89,,,w,,,f,f,,m,w
e,3.33,x,,y,f,a,c,o,3.04,8.33,,,w,,,f,f,,d,u
p,4.98,s,d,y,f,d,c,o,3.51,6.06,,,o,,,f,f,,h,u
p,2.6,b,w,y,f,a,,r,4.5,5.51,,t,y,,,f,f,,d,a
e,4.02,x,s,o,f,a,c,o,5.28,6.67,,,o,,,f,f,,m,w
p,7.8,x,h,r,f,,c,w,10.85,15.22,,,w,u,w,t,g,,d,u
p,3.9,b,t,n,f,x,c,p,4.97,4.01,,i,g,,,f,f,,d,u
e,9.44,x,e,y,f,x,c,w,7.45,19.24,,,w,,,f,f,,d,a
p,2.88,b,,g,f,a,,k,6.72,2.0,,,g,,w,f,f,k,g,a
e,3.55,s,l,n,f,f,f,f,7.14,63.9,,,n,,,f,f,g,d,w
p,9.65,f,,w,f,x,c,w,9.46,13.15,r,i,w,,,f,f,,h,u
p,3.54,f,t,n,f,x,c,p,4.75,3.75,,i,g,,,f,f,,d,a
e,8.04,o,,n,f,,,w,4.54,20.4,,,n,,,f,f,,d,u
p,9.35,f,y,u,f,s,c,y,8.35,20.22,,y,e,,,f,f,,d,a
e,2.7,f,y,n,f,d,d,p,5.75,3.7,,i,n,,,f,f,,l,a
p,3.11,s,d,w,f,a,d,w,3.36,2.56,,h,w,,,f,f,,g,a
p,3.39,f,w,u,f,a,c,u,5.53,5.46,,s,u,,,f,f,,l,a
p,5.86,x,,y,f,s,d,y,5.81,11.66,,i,y,,,f,f,,d,a
p,3.08,o,,k,f,f,f,f,3.8,17.76,,g,n,,,f,f,,d,a
p,7.49,b,y,w,f,,,p,15.92,17.16,,,w,,,f,f,,d,a
p,7.24,f,h,r,f,,c,w,10.73,14.53,,,w,u,w,t,g,,d,u
e,2.7,x,,b,f,,d,u,5.09,3.75,,,w,,,f,f,,d,w
e,5.22,c,,g,f,f,f,f,4.96,17.79,,,n,,,f,f,,l,s
e,7.5,x,t,y,t,x,c,y,7.24,14.7,,,w,,,f,f,,d,u
e,12.11,s,t,o,t,d,c,o,5.59,18.58,,,w,,,f,f,,d,a
e,4.57,x,t,o,f,a,d,w,6.89,5.83,,k,n,,,f,f,,d,a
p,14.21,s,k,w,t,d,d,w,5.32,25.29,,,w,,,f,f,,d,w
p,5.38,x,,p,f,,c,r,4.54,13.63,,,y,,,f,f,,d,a
p,3.92,c,i,y,f,,c,n,5.63,7.35,,,w,,,f,f,,d,a
p,7.06,f,,y,f,x,c,y,6.04,11.7,,,w,,,f,f,,d,a
p,15.6,x,h,o,f,e,,w,17.83,16.89,s,y,w,u,w,t,p,,d,w
e,11.0,f,,n,t,,,w,8.63,14.06,b,,w,u,w,t,g,,d,u
e,10.55,x,s,n,f,x,,n,7.61,28.2,,,n,,,f,f,,d,a
p,7.06,b,y,g,f,,,k,9.71,12.11,,s,w,,,t,z,,d,w
p,17.27,x,k,w,t,d,d,n,7.85,31.42,,,w,,,f,f,,d,a
p,16.89,f,s,n,f,d,c,y,5.25,36.17,,k,n,,,f,f,,d,u
e,11.9,s,s,u,f,x,,n,8.79,26.53,,,n,,,f,f,,d,a
p,9.09,x,,w,f,x,c,w,9.87,11.6,r,i,w,,,f,f,,h,u
e,4.23,x,,y,f,a,c,o,3.81,8.2,,,w,,,f,f,,d,a
p,3.33,x,y,o,f,d,,y,3.46,5.88,,,o,,,f,f,,m,a
p,4.67,s,,n,t,d,c,p,5.1,4.95,,,e,,,f,f,,d,a
e,15.15,f,s,w,f,a,d,y,5.76,18.76,,,w,,,f,f,w,d,a
e,10.97,f,,g,f,s,c,g,9.65,23.6,b,,u,,,f,f,,d,w
e,3.23,f,h,n,f,a,d,y,3.85,4.61,,k,o,,,f,f,,d,s
p,3.68,b,t,n,f,x,c,p,4.94,3.74,,i,n,,,f,f,,g,u
p,11.1,p,,n,f,p,,w,10.06,33.25,c,,n,,,f,f,w,d,a
p,5.08,s,k,y,f,p,,n,3.84,5.72,,k,n,,,t,f,,d,u
e,9.75,x,s,u,f,x,,n,5.04,17.76,,,n,,,f,f,,d,w
p,3.52,c,,w,f,a,c,w,3.5,3.55,,i,w,,,f,f,,p,u
e,7.51,x,t,y,f,p,,y,6.79,14.26,,,y,,y,t,,,d,u
p,7.94,f,w,p,f,s,c,p,5.29,10.62,,,p,,,f,f,,d,w
p,1.62,x,i,k,f,a,,w,3.83,2.55,,,w,,,f,f,p,g,a
p,7.33,f,t,e,f,x,d,w,6.42,19.18,b,,w,,,f,f,,d,a
e,9.08,x,d,e,t,p,,r,5.81,13.04,,,e,,,f,f,,d,u
p,14.1,f,g,o,f,e,,w,16.49,17.92,s,y,w,u,w,t,g,,d,u
e,3.22,x,d,n,f,p,,y,4.34,10.01,,,y,,,f,f,,d,a
p,8.36,p,y,n,f,,,k,17.68,18.55,,,w,,,f,f,,d,a
e,2.92,b,g,n,f,x,d,w,4.3,2.9,,,y,,,f,f,,g,a
e,9.37,x,e,y,f,x,c,w,7.64,19.15,,,w,,,f,f,,d,u
p,0.55,x,g,o,f,,,y,3.27,0.75,,,y,,,f,f,,d,a
e,4.28,x,s,o,f,p,,n,6.96,12.14,,,e,,,f,f,,d,u
p,2.8,f,k,n,f,s,,p,3.6,3.05,,,n,,,f,f,p,g,a
p,5.46,b,k,n,f,d,c,y,4.89,5.9,,i,n,,,t,,,d,a
e,8.77,x,i,n,t,e,,p,8.36,16.41,,y,w,,,t,l,,l,a
e,6.44,x,s,n,f,x,c,w,7.29,9.99,,s,n,,,f,f,,l,a
p,1.41,b,h,n,f,a,,n,4.49,1.62,,t,n,,,f,f,,d,s
p,3.09,s,,u,f,a,,w,4.25,6.88,,,w,,,f,f,,d,u
e,7.19,c,,g,f,f,f,f,5.68,20.9,,,n,,,f,f,,l,s
p,3.13,b,y,n,f,,c,u,5.79,4.53,s,s,w,,,f,f,,d,a
p,6.13,s,,e,t,d,c,b,7.02,6.82,,,e,,,f,f,,d,a
e,8.73,f,d,w,f,s,c,w,5.52,26.43,,,w,,,f,f,,d,s
p,0.73,f,,o,f,d,,o,4.45,1.01,,,o,,,f,f,w,g,u
p,10.82,x,i,y,f,a,,o,12.79,23.42,r,,o,,,t,r,n,d,w
p,3.09,b,,g,f,a,,n,7.94,2.4,,,g,,w,f,f,k,g,u
p,2.38,x,s,o,f,a,,y,2.77,4.85,,,o,,,f,f,,h,a
p,8.65,x,,n,t,x,,u,7.68,17.32,s,,n,,u,f,f,,d,a
p,2.0,f,h,y,f,,,n,7.65,3.19,,,y,,,f,f,,g,a
e,11.46,f,,l,f,s,c,u,8.45,21.54,,,u,,,f,f,,l,w
e,8.53,s,w,y,f,f,f,f,4.96,13.99,,,y,,,f,f,,d,a
p,9.68,x,e,y,f,a,,o,6.91,18.96,r,,y,,,t,r,n,d,w
e,4.16,s,d,n,t,d,c,p,5.1,6.67,,,g,,,f,f,,d,u
e,15.1,f,e,n,f,a,c,w,9.93,28.35,s,,w,,,f,f,,l,a
p,14.69,f,t,g,t,d,c,w,4.83,26.64,,,r,,,f,f,,l,u
p,6.63,s,t,r,t,d,,w,4.33,11.82,,t,n,,,f,f,,d,u
p,2.69,x,g,n,f,a,,p,9.17,2.84,,,n,,,f,f,,d,a
e,7.7,f,s,u,f,a,c,w,4.12,15.69,,,w,,,f,f,,d,a
e,7.85,s,,l,f,s,c,u,7.44,19.34,,,u,,,f,f,,d,a
e,52.77,o,y,y,f,p,,y,5.75,27.66,,k,k,,,f,f,,d,u
p,7.51,s,h,n,t,d,,g,4.41,12.44,,t,g,,,f,f,,d,a
p,5.15,f,l,y,f,x,d,n,6.13,5.7,,,y,,,f,f,,d,u
e,8.47,f,s,n,f,s,c,w,6.68,10.98,b,i,w,,,f,f,,l,u
p,1.21,b,t,y,f,,c,g,3.79,2.41,,,n,,,t,f,,g,a
p,5.94,x,s,g,t,s,d,r,4.24,14.13,r,i,w,,,f,f,,d,u
e,6.92,f,,u,f,s,c,b,6.51,18.55,,,u,,,f,f,,d,w
p,3.4,f,w,o,t,d,c,y,3.49,6.55,,,n,,,f,f,,d,a
p,4.29,c,i,y,f,,c,n,6.39,7.15,,,w,,,f,f,,d,u
e,11.74,x,h,n,t,p,,y,9.62,22.07,,,n,,,f,f,,d,u
e,2.61,x,h,p,f,a,c,e,3.83,6.11,,,o,,,f,f,,g,w
p,4.18,s,k,n,f,p,,n,3.25,6.05,,k,n,,,t,f,,d,u
e,19.85,f,y,n,f,,,w,25.81,20.26,s,,n,,,t,m,,d,a
p,3.33,f,,w,f,x,c,p,8.33,3.95,,,p,,,f,f,,d,a
e,1.16,x,s,y,f,d,,w,5.76,1.47,,t,y,,,f,f,,h,a
p,1.54,o,k,n,f,,,n,4.09,1.52,,,n,,,f,f,,d,s
e,1.58,c,g,n,f,a,,w,5.59,1.64,,,g,,,f,f,,d,u
e,2.74,b,y,n,f,,c,k,5.66,2.63,,,w,,,f,f,,d,a
p,8.06,x,,n,f,p,,p,9.64,26.21,c,,n,,,f,f,w,d,a
p,7.35,o,,e,f,f,f,f,4.01,25.32,,g,n,,,f,f,,d,s
e,10.1,f,,n,t,,,w,10.24,15.1,b,,w,u,w,t,g,,d,u
p,1.04,x,g,w,f,a,d,w,3.24,1.55,,,e,,,f,f,,d,u
e,7.82,f,g,n,f,s,,y,9.63,13.17,,t,n,,,f,f,,d,a
p,4.28,b,y,w,f,e,c,w,4.79,3.71,,k,w,,,t,e,,m,u
p,1.33,b,t,y,f,,c,g,4.26,2.81,,,n,,,t,f,,m,a
e,7.98,x,h,n,f,p,d,y,7.25,12.27,,s,n,,,f,f,,g,u
e,14.0,s,e,g,f,d,c,w,9.52,24.51,s,,w,,,f,f,,l,a
p,3.07,x,y,n,f,a,,w,4.96,3.33,,y,y,,,t,r,,h,a
e,3.21,x,d,p,f,a,c,o,4.09,6.3,,,e,,,f,f,,g,u
p,6.42,s,t,g,t,d,,g,4.5,11.71,,t,g,,,f,f,,d,a
e,9.91,x,e,l,f,x,c,w,8.03,26.3,,,w,,,f,f,,d,a
p,4.11,f,k,y,f,p,,n,3.63,5.06,,k,n,,,t,f,,d,u
e,5.84,x,,y,f,a,c,w,5.63,15.73,,,w,,,f,f,,d,u
p,18.14,x,k,w,t,d,d,w,7.11,29.7,,,w,,,f,f,,d,u
e,10.29,x,e,g,f,d,c,w,6.47,22.68,s,,w,,,f,f,,l,a
p,3.85,o,,w,f,f,f,f,4.7,26.4,,g,w,,,t,f,,d,a
p,22.61,f,d,o,f,p,,y,5.96,40.42,,,n,,,f,f,,d,w
e,9.19,s,t,o,t,d,c,o,7.05,18.62,,,w,,,f,f,,d,u
p,3.28,b,t,n,f,,,n,8.67,5.46,,,w,,,t,,k,g,w
e,0.57,b,g,g,f,,,g,2.34,1.24,,,w,,,f,f,,d,u
p,9.33,s,t,p,t,d,c,p,7.74,12.6,,,p,,,t,f,,d,a
e,6.5,f,,p,f,x,c,w,6.34,16.66,,s,w,,,f,f,,d,a
p,3.95,x,,p,f,,c,r,2.74,10.68,,,y,,,f,f,,d,a
p,2.12,x,i,l,f,a,,w,4.56,2.56,,,w,,,f,f,p,g,u
e,3.9,b,g,n,f,a,d,g,5.56,3.13,,s,n,,,f,f,,d,u
p,7.78,x,,n,f,p,,p,11.55,31.05,c,,n,,,f,f,p,d,u
p,1.11,o,k,n,f,,,n,3.39,1.23,,,n,,,f,f,,d,w
e,9.15,o,,n,f,,,w,3.85,21.47,,,n,,,f,f,,d,a
p,7.77,x,e,n,f,a,,n,8.43,12.94,s,,n,,e,f,f,,d,a
e,2.39,x,,b,f,,d,w,5.36,4.11,,,w,,,f,f,,d,a
p,6.34,x,t,n,f,s,,n,5.63,5.99,,y,n,,,f,f,,d,w
e,9.05,f,s,y,f,a,d,w,9.02,14.73,,i,n,,,t,,w,d,a
p,9.99,f,t,n,t,d,c,n,5.66,14.14,,,n,,,f,f,,h,u
p,1.93,p,t,n,f,a,c,g,6.76,2.46,,t,y,,,t,e,,m,a
p,7.84,x,e,n,f,a,,n,8.6,13.17,s,,n,,n,f,f,,h,a
p,4.56,x,s,o,f,a,c,y,6.28,7.66,,g,o,,,f,f,,g,a
p,5.67,p,y,n,f,,,w,10.3,11.75,,s,w,,,t,z,,g,s
p,1.48,o,k,n,f,,,n,4.1,1.57,,,n,,,f,f,,d,w
p,10.08,o,,e,f,f,f,f,2.82,24.14,,g,n,,,f,f,,d,u
p,0.79,f,,o,f,d,,o,4.84,1.04,,,y,,,f,f,w,g,u
p,4.03,o,s,o,f,f,f,f,0.0,0.0,f,f,f,,,t,f,,d,s
p,8.78,x,,n,f,p,,w,7.83,28.54,c,,n,,,f,f,p,d,a
e,10.38,s,,n,f,,,w,4.41,21.12,,,n,,,f,f,,d,a
e,4.21,x,,w,f,a,,r,6.53,7.66,,,r,,,f,f,,d,a
p,2.5,s,w,n,t,d,c,y,3.01,5.52,,,n,,,f,f,,d,u
e,3.92,x,,y,f,a,c,y,3.95,8.03,,,w,,,f,f,,d,u
e,4.94,x,s,n,f,p,,n,5.95,12.28,,,e,,,f,f,,d,a
p,13.86,f,t,n,t,d,c,b,5.12,25.06,,,n,,,f,f,,g,a
p,10.95,p,,n,f,p,,w,9.23,27.95,c,,n,,,f,f,w,d,u
p,3.84,x,i,e,f,,,e,4.41,6.67,,,e,,,f,f,n,d,a
p,1.61,x,g,n,f,d,d,n,1.89,2.51,,s,n,,,f,f,,d,u
p,1.63,f,i,k,f,a,,p,3.72,2.35,,,w,,,f,f,p,g,a
p,5.28,s,d,y,f,d,c,o,4.1,5.83,,,y,,,f,f,,h,u
p,5.53,b,s,g,f,,,k,8.97,12.22,,s,w,,,t,z,,d,a
p,9.58,p,,n,f,p,,w,10.41,31.8,c,,n,,,f,f,p,d,u
e,1.62,x,,u,f,,d,u,5.28,3.79,,,w,,,f,f,,d,u
e,5.15,x,h,n,f,x,c,w,5.15,5.77,,s,n,,,t,r,,d,s
p,8.59,p,,n,f,p,,p,9.95,29.28,c,,n,,,f,f,w,d,u
e,4.29,x,t,n,f,a,d,y,4.6,5.07,,s,o,,,f,f,,d,a
p,7.52,x,i,n,f,a,c,n,8.08,8.58,,i,n,,k,t,z,k,g,u
e,8.21,f,s,u,f,a,c,w,4.13,14.46,,,w,,,f,f,,d,u
p,8.13,x,y,n,f,a,c,y,11.86,10.98,,y,n,,,t,,,d,u
p,3.39,f,,w,f,x,c,p,8.55,4.18,,,n,,,f,f,,d,u
e,8.56,f,d,w,f,s,c,w,6.58,30.66,,,w,,,f,f,,d,u
p,6.1,f,,n,f,d,c,y,5.52,9.96,b,,n,,,f,f,,l,w
p,4.93,f,k,n,f,p,,n,3.93,5.71,,k,n,,,t,f,,d,u
e,18.4,x,d,n,f,p,,n,17.63,36.57,s,y,w,,,f,f,,d,u
p,4.23,f,t,n,f,x,c,p,5.72,4.42,,i,g,,,f,f,,d,u
p,7.19,x,d,n,t,d,c,w,7.43,10.0,,,e,,,f,f,,d,a
p,1.33,o,k,n,f,,,n,2.72,1.28,,,n,,,f,f,,d,w
p,10.12,x,h,g,f,s,,y,6.37,16.47,,i,n,,,f,f,,d,a
e,7.35,s,,n,f,d,c,w,5.56,8.69,,s,w,,,f,f,,d,a
p,4.74,o,t,n,f,,c,w,0.0,0.0,f,f,f,,,f,f,n,d,u
p,9.67,f,y,e,f,s,c,y,8.21,21.3,,y,y,,,f,f,,d,a
p,0.63,f,,o,f,d,,o,5.59,1.16,,,y,,,f,f,w,g,u
p,0.76,f,,o,f,d,,o,5.14,1.16,,,o,,,f,f,w,g,u
e,5.04,p,s,w,f,e,c,k,4.74,11.41,,,w,,w,t,e,,m,a
p,4.08,b,t,n,f,x,c,p,5.64,3.48,,i,n,,,f,f,,g,a
p,8.46,o,t,r,f,,c,o,1.78,15.33,,,n,,,f,f,,d,w
p,6.08,f,k,y,f,p,,n,4.58,6.19,,k,n,,,t,f,,d,u
p,3.2,s,w,u,f,a,c,g,5.88,4.94,,s,u,,,f,f,,d,u
p,7.07,x,y,w,t,,,p,8.04,12.98,s,,w,,,t,l,,g,u
e,8.48,f,e,b,f,,c,b,4.99,19.31,,,w,,,t,f,,d,a
e,3.95,f,t,n,f,d,,o,6.22,7.32,,t,w,,,f,f,,d,a
e,8.12,f,s,n,f,s,c,w,7.11,10.97,b,i,n,,,f,f,,m,a
e,11.35,f,,g,f,s,c,u,8.17,20.02,,,u,,,f,f,,d,a
p,2.86,s,w,o,t,d,c,n,3.48,5.96,,,n,,,f,f,,d,a
p,7.75,x,y,w,t,,,p,7.08,12.87,s,,w,,,t,l,,g,u
p,3.39,b,t,n,f,x,c,p,4.6,3.48,,i,n,,,f,f,,m,u
e,6.39,x,s,b,f,x,c,w,6.75,10.31,,s,n,,,f,f,,l,a
e,6.87,x,i,n,f,e,c,p,4.15,11.71,,,w,,,t,r,,w,u
p,1.6,b,g,n,f,,c,n,5.72,3.13,,,n,,,f,f,,g,u
e,7.45,o,,n,f,,,w,4.29,25.87,,,n,,,f,f,,d,a
e,3.18,f,d,n,t,d,c,p,3.98,5.19,,,n,,,f,f,,d,u
p,4.2,b,y,n,f,e,c,n,5.52,3.99,,k,w,,,t,e,,d,u
e,4.06,s,l,n,f,f,f,f,6.87,39.84,,,n,,,f,f,g,l,w
p,13.0,x,s,n,f,s,,y,8.21,17.08,,i,n,,,f,f,,d,u
e,3.28,x,s,w,f,d,d,w,2.92,5.96,,,w,,,f,f,,g,w
e,10.75,p,s,w,t,e,,g,8.6,18.05,s,,w,,,t,r,,m,a
e,10.45,x,t,n,t,p,,y,9.96,23.56,,,n,,,f,f,,d,a
p,14.95,f,t,r,t,d,c,b,5.26,25.67,,,g,,,f,f,,d,u
p,1.49,b,h,n,f,a,,n,4.08,1.4,,t,n,,,f,f,,h,a
e,20.88,f,y,w,f,,,w,24.79,20.44,s,,n,,,t,m,,d,a
e,8.62,x,s,n,f,e,c,p,8.27,10.99,,i,w,,,f,f,p,d,a
e,3.77,f,t,n,f,d,,o,5.72,6.24,,t,w,,,f,f,,d,a
p,5.34,s,,e,t,d,c,p,5.54,5.74,,,e,,,f,f,,d,u
p,12.21,x,,n,f,e,,w,11.22,16.79,,,w,u,w,t,e,,d,u
p,3.27,x,y,y,f,a,,w,5.41,3.53,,y,y,,,t,r,,d,u
e,4.72,x,t,n,f,p,,n,5.78,11.58,,,e,,,f,f,,d,a
p,7.91,f,h,r,f,,c,w,10.85,13.87,,,w,u,w,t,g,,d,a
e,8.87,s,,n,f,,,w,5.01,22.56,,,n,,,f,f,,d,a
p,8.1,o,,n,f,f,f,f,3.12,24.46,,g,n,,,f,f,,d,s
p,5.0,c,e,y,t,x,c,y,5.46,12.86,,,w,,,f,f,,d,u
p,2.83,s,d,w,f,d,d,w,3.23,2.46,,h,w,,,f,f,,g,a
e,8.89,f,,g,f,s,c,p,6.77,21.33,b,,u,,,f,f,,d,w
e,3.34,x,h,o,f,a,d,w,5.53,4.8,,k,n,,,f,f,,d,a
p,6.69,f,y,y,f,s,c,y,7.25,18.21,,y,e,,,f,f,,d,a
p,2.32,x,g,n,f,a,,w,7.68,2.54,,,w,,,f,f,,d,a
p,7.18,x,y,n,f,a,c,y,8.39,8.28,,y,n,,,t,,,d,a
e,9.88,x,i,n,t,e,,p,9.47,18.36,,y,w,,,t,l,,l,a
p,2.66,f,s,g,f,d,c,w,2.83,7.62,,,w,,,f,f,,g,u
p,2.95,o,,g,f,f,f,f,3.04,15.43,,g,n,,,f,f,,d,u
p,4.12,o,t,w,f,,c,w,0.0,0.0,f,f,f,,,f,f,n,d,u
p,6.51,s,t,r,t,d,,w,4.57,12.57,,t,g,,,f,f,,d,a
e,6.74,x,,e,f,x,c,w,6.67,18.43,,s,w,,,f,f,,d,u
p,3.86,f,,w,f,x,c,p,8.13,3.74,,,n,,,f,f,,d,u
p,11.78,x,h,y,f,s,,p,6.9,17.16,,i,n,,,f,f,,d,u
e,5.56,x,y,n,f,e,c,w,6.37,10.06,,y,n,,,f,f,,d,u
p,9.35,x,,n,f,p,,p,10.55,30.43,c,,n,,,f,f,w,d,u
p,9.5,s,t,p,t,d,c,p,7.41,13.82,,,p,,,t,f,,d,u
p,8.94,x,e,n,t,p,,y,7.91,24.55,c,,y,,,f,f,,d,u
p,2.62,b,w,u,f,a,c,u,4.72,5.81,,s,u,,,f,f,,l,a
p,1.44,o,k,n,f,,,n,4.42,1.66,,,n,,,f,f,,d,s
p,8.86,o,,n,f,f,f,f,3.81,23.99,,g,n,,,f,f,,d,s
p,3.53,f,,u,f,a,,w,3.88,7.46,,,y,,,f,f,,d,a
p,4.62,b,h,n,f,,,k,9.71,6.14,,,w,,,t,,k,g,a
e,9.45,x,d,w,f,s,c,w,6.61,30.55,,,w,,,f,f,,m,u
p,8.7,f,y,e,f,s,c,y,6.97,17.25,,y,y,,,f,f,,d,a
p,1.24,f,s,y,f,f,f,f,3.38,4.97,,,y,,,f,f,,d,a
e,15.47,f,,w,f,d,c,w,2.57,15.36,,,w,,,f,f,,d,w
e,9.24,x,,n,f,s,c,g,6.68,20.04,b,,u,,,f,f,,g,a
p,16.33,f,s,n,f,d,c,y,6.02,40.2,,k,n,,,f,f,,d,a
p,7.78,b,t,w,f,e,c,w,11.34,11.74,,y,w,u,w,t,l,,d,u
e,9.04,x,,g,t,p,,g,13.03,26.7,,y,w,,,f,f,,d,a
p,3.53,f,y,p,f,e,c,w,4.78,3.47,,k,w,,,t,e,,d,a
e,8.59,x,s,y,f,a,d,w,8.8,15.63,,i,n,,,t,,w,d,a
e,6.94,f,w,y,f,f,f,f,6.73,15.29,,,y,,,f,f,,d,a
e,4.28,x,,y,f,x,c,u,6.18,3.81,,,w,,,f,f,,d,u
p,14.78,f,g,e,f,e,,w,17.44,17.13,s,y,w,u,w,t,p,,d,u
e,4.2,x,s,w,f,d,d,w,3.85,6.75,,,w,,,f,f,,m,w
e,9.47,x,t,n,t,p,,y,7.05,17.25,,,n,,w,t,p,,d,a
p,2.89,b,h,n,f,,,n,11.32,5.85,,,w,,,t,,k,g,a
e,7.14,x,d,y,t,p,,y,5.41,11.09,,,y,,,f,f,,d,a
e,4.01,x,,y,f,a,c,o,3.73,9.31,,,w,,,f,f,,d,u
e,11.04,f,y,n,f,,,w,7.97,25.66,b,,n,,w,t,e,,d,w
e,3.95,f,,n,f,x,c,w,5.94,3.7,,,w,,,f,f,,d,u
e,6.67,s,w,y,f,f,f,f,6.24,15.09,,,y,,,f,f,,d,u
p,2.45,o,l,g,f,f,f,f,0.0,0.0,f,f,f,,,f,f,,d,u
p,5.31,f,k,n,f,a,c,y,4.88,6.16,,i,y,,,t,,,d,u
p,5.61,x,s,e,f,e,,y,6.43,6.42,,,y,,,f,f,,m,u
p,3.7,b,s,y,f,,c,r,7.51,8.03,,,y,u,w,t,z,r,d,a
p,7.45,f,h,r,f,,c,w,10.69,12.41,,,w,u,w,t,g,,d,a
e,9.03,f,s,w,f,e,c,k,14.5,12.24,,s,w,,,t,e,,d,u
e,2.73,b,y,n,f,,c,k,5.62,2.56,,,w,,,f,f,,d,s
e,11.45,s,s,y,f,x,,n,5.74,19.81,,,w,,,f,f,,d,a
e,5.53,p,,g,f,f,f,f,4.97,23.67,,,n,,,f,f,,l,s
p,7.96,x,,n,f,x,c,w,8.65,9.94,r,i,w,,,f,f,,h,u
p,6.88,b,d,n,f,d,c,y,6.08,7.16,,i,y,,,t,,,d,a
p,11.78,f,t,k,t,d,c,w,4.76,23.95,,,n,,,f,f,,d,a
p,14.95,x,k,w,t,d,d,w,8.29,30.52,,,w,,,f,f,,d,a
p,2.22,b,g,o,f,,c,n,6.89,3.87,,,n,,,f,f,,d,u
p,6.4,f,,n,f,d,c,y,5.3,9.98,b,,n,,,f,f,,l,w
e,3.12,b,y,n,f,,c,k,6.75,3.1,,,w,,,f,f,,d,w
p,9.52,x,,n,f,x,c,w,9.91,10.53,r,i,w,,,f,f,,h,a
e,17.39,x,e,g,f,a,c,w,9.49,25.73,s,,w,,,f,f,,d,w
e,10.15,s,t,o,t,d,c,o,6.13,18.87,,,w,,,f,f,,d,a
e,5.81,f,s,b,f,x,c,w,7.93,11.3,,s,n,,,f,f,,l,w
e,5.5,x,,y,f,a,c,w,4.39,10.95,,,g,,,f,f,,d,w
e,7.73,f,s,w,f,e,c,p,5.61,13.39,,,w,,w,t,e,,m,u
e,10.74,x,s,n,f,e,c,w,7.81,10.34,,i,n,,,f,f,p,d,s
p,11.01,o,,e,f,f,f,f,3.33,22.18,,g,n,,,f,f,,d,s
p,7.49,x,i,n,f,a,c,n,8.12,8.97,,i,n,,k,t,z,k,d,u
e,9.51,f,,n,t,,,w,9.72,16.05,b,,w,u,w,t,g,,d,u
p,8.96,x,h,g,f,s,,p,6.62,16.69,,i,n,,,f,f,,d,a
p,10.69,x,s,n,f,s,,y,7.23,17.26,,i,n,,,f,f,,d,a
e,17.8,p,d,o,f,p,,w,15.12,34.12,s,y,w,,,f,f,,d,u
p,1.29,x,,n,f,,,n,4.95,2.45,,s,n,,,f,f,k,g,u
p,1.51,x,k,n,f,,,n,4.37,1.51,,,n,,,f,f,,d,s
e,10.3,s,,n,f,,,w,4.54,22.66,,,n,,,f,f,,d,u
p,3.3,f,w,n,t,d,c,n,2.96,6.61,,,n,,,f,f,,d,u
e,3.84,b,g,w,f,x,d,w,4.75,3.1,,,y,,,f,f,,g,a
e,9.62,x,s,e,f,a,d,w,10.07,16.61,,i,n,,,t,,w,d,u
p,7.56,s,,r,t,d,,o,4.53,12.08,,,w,,,t,f,,d,a
e,5.1,s,,n,f,s,c,g,5.0,17.97,b,,u,,,f,f,,g,a
e,7.56,f,,b,f,d,c,w,2.42,13.57,,,w,,,f,f,,d,w
p,9.35,x,t,n,f,a,d,w,10.43,29.95,,,w,,,f,f,,d,a
e,3.23,f,d,g,t,d,c,p,4.0,5.16,,,n,,,f,f,,d,a
p,5.15,f,l,n,f,x,d,n,6.48,5.36,,,y,,,f,f,,d,u
p,6.87,x,g,n,f,e,,w,7.31,14.17,,y,w,u,w,t,p,,d,a
p,1.64,f,h,n,f,,,n,5.95,2.64,,,y,,,f,f,,g,u
e,16.05,x,y,n,t,e,,w,10.18,18.1,,,w,,,t,,,d,u
p,5.21,o,s,n,f,,c,w,0.0,0.0,f,f,f,,,f,f,n,d,a
e,2.65,x,k,n,f,p,,e,4.46,10.01,,,y,,,f,f,,d,a
e,7.01,x,,y,f,e,,w,6.11,12.46,b,,y,u,w,t,g,,d,a
e,4.24,x,s,o,f,p,,n,5.51,11.26,,,n,,,f,f,,d,a
e,7.64,f,e,b,f,,c,b,4.84,17.32,,,w,,,t,f,,d,a
e,3.69,f,w,y,f,f,f,f,4.24,11.96,,,y,,,f,f,,d,u
e,1.1,c,g,n,t,a,,w,5.69,1.07,,,n,,,f,f,,h,u
e,5.76,s,l,n,f,f,f,f,6.63,67.22,,,n,,,f,f,g,l,a
p,7.83,x,t,e,f,x,d,w,5.12,16.28,b,,w,,,f,f,,d,a
e,14.62,s,s,w,f,a,d,y,7.67,21.98,,,w,,,f,f,w,d,a
p,5.58,c,e,y,t,x,c,p,6.28,11.89,,,w,,,f,f,,g,a
p,2.79,x,g,n,f,a,,p,8.6,2.55,,,n,,,f,f,,d,u
p,2.28,x,i,e,f,,,e,3.71,4.71,,,e,,,f,f,n,d,a
e,7.03,x,,n,t,p,,g,9.03,21.68,,y,w,,,f,f,,d,u
p,5.98,b,s,e,f,e,,g,6.85,8.11,,,y,,,f,f,,m,a
p,11.75,f,,n,f,e,,w,10.27,14.04,,,w,u,w,t,e,,d,u
p,8.51,x,,n,f,p,,w,9.81,30.16,c,,n,,,f,f,p,d,u
p,6.39,x,t,n,f,x,c,y,4.9,15.55,,,y,,,f,f,,d,a
e,8.96,x,s,n,f,d,d,w,8.34,14.91,,i,n,,,t,,w,d,w
e,7.55,x,h,y,f,p,,y,7.99,15.42,,,y,,y,t,,,d,a
p,4.04,c,i,y,f,,c,r,6.66,6.54,,,w,,,f,f,,d,u
e,7.49,x,d,e,t,p,,r,6.79,13.14,,,e,,,f,f,,d,a
e,10.93,f,e,b,f,,c,b,5.47,22.44,,,w,,,t,f,,d,a
e,3.54,f,g,n,f,a,d,g,4.53,3.45,,s,g,,,f,f,,d,w
e,5.75,s,,n,f,d,c,w,4.65,7.98,,s,w,,,f,f,,d,a
p,3.17,x,y,y,f,a,,w,5.29,3.6,,y,y,,,t,r,,h,a
p,9.71,x,y,n,f,a,c,y,11.49,11.06,,y,y,,,t,,,d,a
e,18.14,p,y,w,f,,,w,23.53,19.33,s,,n,,,t,m,,d,a
p,8.73,f,w,n,f,x,,w,13.71,8.39,r,g,n,,,f,f,,d,a
p,2.87,f,t,r,f,a,,r,5.01,5.86,,t,y,,,f,f,,d,a
e,4.23,f,h,n,f,,c,k,5.51,6.59,,s,w,,w,f,f,k,d,a
e,4.06,f,,n,f,x,c,w,5.93,3.97,,,w,,,f,f,,d,a
p,9.52,x,t,n,f,a,d,w,11.62,28.98,,,w,,,f,f,,d,u
e,11.09,f,e,b,f,,c,b,5.04,22.08,,,w,,,t,f,,d,a
e,1.64,f,w,g,f,,d,k,5.17,2.52,,,w,,,f,f,,d,a
p,1.41,b,h,n,f,a,,n,3.76,0.92,,t,n,,,f,f,,h,u
p,9.12,x,,n,t,x,,n,8.58,18.93,s,,u,,u,f,f,,d,a
e,2.63,b,y,n,f,,c,k,7.24,3.07,,,w,,,f,f,,d,a
p,3.43,b,y,n,f,,c,g,5.3,4.41,s,s,w,,,f,f,,d,a
p,4.53,c,i,y,f,,c,r,6.41,6.71,,,w,,,f,f,,d,a
e,6.48,s,,y,f,a,c,w,5.93,14.99,,,g,,,f,f,,d,a
e,27.07,p,t,n,f,p,,w,19.42,85.23,,,n,,,f,f,,d,u
e,7.98,f,,p,f,x,c,w,7.19,15.46,,s,w,,,f,f,,d,u
p,18.04,s,s,n,f,d,c,y,5.57,31.25,,k,n,,,f,f,,d,u
p,4.84,x,w,e,f,x,,w,9.21,5.52,r,g,n,,,f,f,,d,a
e,2.7,b,y,n,f,,c,k,5.43,2.57,,,w,,,f,f,,d,s
p,3.33,x,t,o,f,a,c,n,4.93,6.15,,y,n,,,t,z,,d,w
e,5.26,x,h,n,f,x,c,n,5.1,5.7,,y,n,,,t,r,,d,s
p,5.14,o,t,w,f,,c,w,0.0,0.0,f,f,f,,,f,f,n,d,u
e,5.72,x,h,n,f,p,d,y,7.71,13.28,,s,n,,,f,f,,g,u
p,4.29,f,d,n,f,x,c,w,4.45,3.32,b,s,n,,,f,f,,d,u
e,12.12,x,e,g,f,d,c,w,6.88,22.17,s,,w,,,f,f,,d,w
e,6.9,f,s,u,f,a,c,w,4.29,15.4,,,w,,,f,f,,d,u
p,2.81,x,,w,f,x,c,p,8.12,3.38,,,n,,,f,f,,d,a
p,1.3,x,g,n,f,d,d,n,2.06,2.4,,s,n,,,f,f,,h,u
p,6.73,x,,n,f,x,c,w,9.35,9.59,r,i,w,,,f,f,,h,a
e,19.0,f,y,n,f,,,w,26.04,19.94,s,,n,,,t,m,,d,a
e,3.59,f,d,g,t,d,c,p,4.51,5.47,,,g,,,f,f,,d,a
e,8.83,f,d,w,f,s,c,w,8.27,36.72,,,w,,,f,f,,d,u
p,3.76,f,k,w,f,s,,p,4.28,2.87,,,n,,,f,f,p,g,u
p,6.3,x,,y,f,s,d,y,5.96,11.91,,i,y,,,f,f,,d,a
p,0.82,x,,o,f,d,,o,3.88,0.98,,,y,,,f,f,w,g,u
e,10.98,x,,n,t,,,w,9.82,15.81,b,,w,u,w,t,g,,d,u
e,11.94,f,,g,f,d,c,w,2.61,15.28,,,w,,,f,f,,d,w
p,3.81,b,h,l,f,s,c,g,6.75,7.71,,y,n,,,t,e,u,g,u
p,11.66,x,h,n,t,p,,e,8.8,28.2,c,,y,,,f,f,,d,u
p,6.69,s,d,e,t,d,c,n,7.15,9.25,,,n,,,f,f,,d,a
e,1.29,x,w,g,f,,d,g,4.68,2.41,,,w,,,f,f,,d,u
p,7.99,b,t,w,f,e,c,w,13.13,12.87,,y,w,u,w,t,l,,d,u
e,7.5,x,l,w,f,d,,p,3.41,8.0,,,w,,,f,f,,d,a
p,8.49,s,d,n,t,d,c,w,7.21,10.79,,,n,,,f,f,,d,a
p,8.78,x,,n,f,p,,w,10.45,34.35,c,,n,,,f,f,p,d,a
e,4.54,x,t,n,f,p,,n,4.97,10.42,,,n,,,f,f,,d,u
e,2.78,b,y,n,f,,c,k,6.74,3.36,,,w,,,f,f,,d,u
e,1.44,c,g,n,f,a,,g,4.76,1.44,,,g,,,f,f,,l,a
e,5.84,x,t,y,t,x,c,y,7.47,14.53,,,w,,,f,f,,d,u
p,2.95,s,d,w,f,d,d,p,3.13,2.48,,h,w,,,f,f,,g,u
e,6.62,x,h,n,f,x,c,n,5.29,5.9,,s,n,,,t,r,,d,u
e,8.41,p,y,w,f,e,c,p,15.39,11.19,,s,w,,,t,e,,u,a
p,8.51,p,y,w,f,,,p,18.03,18.58,,,w,,,f,f,,d,a
p,7.59,x,e,n,f,a,,n,8.42,12.72,s,,n,,e,f,f,,d,a
e,7.14,x,d,y,t,p,,r,5.99,12.78,,,y,,,f,f,,d,u
e,7.36,x,,n,f,s,c,g,6.2,18.23,b,,u,,,f,f,,g,a
p,7.64,f,,y,f,x,c,y,5.95,12.01,,,w,,,f,f,,d,u
e,7.94,x,,g,f,a,,w,7.44,13.55,,,w,,,f,f,,d,u
p,7.3,x,d,n,t,d,c,w,6.64,8.47,,,n,,,f,f,,d,a
p,3.78,x,,n,f,x,c,p,7.62,3.88,,,p,,,f,f,,d,a
p,3.17,o,s,n,f,f,f,f,0.0,0.0,f,f,f,,,t,f,,d,u
p,6.51,x,y,w,t,,,w,7.44,13.88,s,,w,,,t,l,,d,a
p,2.8,o,,k,f,f,f,f,2.79,13.82,,g,n,,,f,f,,d,a
p,4.67,b,d,n,f,a,c,n,5.42,6.28,,i,n,,,t,,,d,u
p,7.79,s,h,n,t,d,,w,4.38,12.37,,t,g,,,f,f,,d,a
p,4.14,o,s,o,f,f,f,f,0.0,0.0,f,f,f,,,t,f,,d,u
e,4.82,x,,r,f,a,,r,6.57,6.89,,,r,,,f,f,,l,a
p,11.4,s,t,r,t,d,c,n,5.3,14.22,,,n,,,f,f,,d,a
p,2.34,b,t,n,f,,,k,7.47,4.2,,,w,,,t,,k,g,u
e,6.13,x,w,y,f,f,f,f,6.0,14.29,,,y,,,f,f,,d,a
p,2.39,x,g,n,f,a,,w,6.64,2.39,,,n,,,f,f,,d,u
p,16.77,f,h,e,f,e,,w,18.81,19.23,s,y,w,u,w,t,g,,d,u
e,4.76,x,h,n,f,x,c,n,4.51,4.61,,y,n,,,t,r,,d,s
p,17.99,x,d,k,f,p,,y,6.41,51.27,,,n,,,f,f,,d,w
e,3.81,s,d,n,t,d,c,p,4.17,5.74,,,n,,,f,f,,d,u
p,2.68,s,,u,f,a,,w,3.75,6.1,,,y,,,f,f,,d,a
p,3.61,x,s,o,f,a,c,y,6.02,7.31,,g,o,,,f,f,,g,a
e,8.01,x,s,n,f,e,c,w,6.43,10.52,,i,n,,,f,f,p,d,u
e,8.16,f,h,n,f,s,,y,9.77,12.96,,t,o,,,f,f,,d,a
p,6.79,s,d,y,f,d,c,o,4.15,7.22,,,y,,,f,f,,d,u
p,8.87,x,d,y,f,a,,o,9.25,20.0,r,,y,,,t,r,n,d,a
p,1.47,b,h,n,f,a,,n,4.41,1.43,,t,n,,,f,f,,d,s
p,3.82,x,t,o,f,a,c,y,5.4,6.82,,g,o,,,f,f,,g,u
e,3.73,s,,n,f,f,f,f,6.34,7.62,,,o,,,f,f,,d,a
e,8.32,x,t,n,t,p,,n,6.97,17.95,,,n,,w,t,p,,d,u
p,7.37,f,h,e,f,x,d,w,5.61,16.5,b,,w,,,f,f,,d,u
e,7.51,x,,g,t,p,,g,10.32,25.42,,y,w,,,f,f,,d,a
p,1.98,b,,g,f,a,,g,5.19,2.2,,s,n,,,f,f,,d,u
p,1.69,b,h,n,f,a,,n,4.12,1.32,,t,n,,,f,f,,g,a
p,3.71,x,h,n,f,a,c,n,4.56,5.67,,y,n,,,t,z,,d,w
e,7.06,f,s,n,f,s,c,w,5.55,10.87,b,i,w,,,f,f,,d,a
e,10.94,x,,n,f,s,c,p,7.93,20.98,b,,u,,,f,f,,d,w
p,5.06,o,t,n,f,,c,w,0.0,0.0,f,f,f,,,f,f,n,d,a
p,2.2,x,i,k,f,a,,p,3.76,2.47,,,w,,,f,f,p,g,u
p,5.35,x,s,n,f,s,,n,4.67,7.17,,y,n,,,f,f,,d,a
e,11.41,f,e,b,f,,c,b,4.74,20.51,,,w,,,t,f,,d,a
p,5.34,o,s,w,f,,c,w,0.0,0.0,f,f,f,,,f,f,n,d,a
e,10.9,f,y,n,f,,,w,6.71,24.02,b,,n,,w,t,e,,d,w
p,6.26,x,s,g,t,s,d,w,5.2,13.67,r,i,n,,,f,f,,d,a
e,8.24,f,s,u,f,a,c,w,4.4,15.78,,,w,,,f,f,,d,u
p,6.87,x,t,e,f,x,,w,13.11,7.83,r,g,n,,,f,f,,d,a
p,6.61,f,d,n,t,d,c,w,6.27,10.15,,,n,,,f,f,,d,a
e,7.4,f,e,b,f,,c,b,4.73,18.52,,,w,,,t,f,,d,a
p,7.22,f,,r,f,x,c,n,6.67,12.2,,,w,,,f,f,,d,a
e,3.26,b,y,n,f,,c,k,6.24,3.0,,,w,,,f,f,,d,a
p,4.05,x,t,y,f,a,c,y,6.35,7.97,,g,o,,,f,f,,g,a
p,2.48,o,l,g,f,f,f,f,0.0,0.0,f,f,f,,,f,f,,d,u
p,10.62,x,e,n,f,a,,n,12.72,18.17,s,,n,,n,f,f,,h,a
e,7.06,x,,y,f,e,,w,6.27,13.42,b,,y,u,y,t,g,,d,a
p,3.64,x,t,n,f,s,c,p,4.63,6.88,,,w,,n,t,z,,d,a
p,1.31,x,g,n,f,d,d,n,2.29,2.52,,s,n,,,f,f,,d,a
e,7.46,x,d,n,t,p,,y,8.64,16.26,,,y,,,f,f,,d,a
p,4.88,s,k,y,f,p,,n,3.24,5.49,,k,n,,,t,f,,d,u
e,6.64,f,s,n,f,s,c,w,4.92,9.01,b,i,w,,,f,f,,g,u
p,8.18,x,s,n,f,s,,g,5.15,7.03,,y,n,,,f,f,,d,w
p,13.52,f,t,r,t,d,c,b,4.53,22.5,,,n,,,f,f,,l,u
p,3.74,f,t,n,f,x,c,p,6.28,4.24,,i,n,,,f,f,,m,u
p,1.6,b,,g,f,a,,g,4.91,1.97,,s,n,,,f,f,,d,u
e,5.48,x,t,n,f,p,,n,7.33,12.65,,,e,,,f,f,,d,a
p,10.19,x,t,r,t,d,c,n,6.19,14.4,,,n,,,f,f,,d,u
e,8.21,x,h,n,t,p,,n,7.64,17.22,,,n,,w,t,p,,d,u
p,3.92,x,y,r,f,s,c,n,5.39,6.97,,y,l,,,t,e,u,g,a
p,7.68,x,,n,t,x,,u,7.99,18.55,s,,g,,u,f,f,,d,a
p,2.94,x,y,o,f,a,,y,2.9,5.8,,,o,,,f,f,,m,a
e,7.28,f,d,b,f,d,d,o,5.73,12.11,,,w,,,f,f,,d,a
p,2.05,b,,n,f,a,,g,5.15,1.96,,s,n,,,f,f,,d,a
e,8.57,x,h,n,t,p,,y,7.16,17.87,,,n,,w,t,p,,d,u
e,4.46,x,,r,f,a,,r,5.31,6.54,,,r,,,f,f,,d,u
e,7.88,x,e,l,f,x,c,w,7.21,19.28,,,w,,,f,f,,d,u
e,3.74,x,s,w,f,d,d,w,4.58,6.87,,,w,,,f,f,,m,a
e,4.27,x,,l,f,a,,r,5.42,7.7,,,w,,,f,f,,d,u
e,3.59,f,d,n,t,d,c,p,4.52,6.72,,,g,,,f,f,,d,u
e,11.96,x,s,n,t,e,,g,9.64,16.83,s,,w,,,t,l,,m,u
p,0.72,x,g,y,f,,,y,3.36,0.68,,,w,,,f,f,,d,u
p,3.28,x,t,n,f,s,c,p,5.16,8.78,,,w,,n,t,z,,d,a
p,3.0,f,w,o,t,d,c,n,3.61,6.31,,,n,,,f,f,,d,u
p,7.84,s,t,n,f,x,c,y,6.59,15.94,,,y,,,f,f,,d,a
e,7.36,x,y,e,f,,,w,7.19,21.95,b,,n,,w,t,e,,d,w
e,3.16,f,d,u,t,d,c,p,3.48,5.14,,,n,,,f,f,,d,a
e,7.63,f,,n,f,s,c,p,6.35,20.53,b,,u,,,f,f,,g,a
e,7.66,x,h,n,t,p,,y,6.93,16.38,,,n,,w,t,p,,d,a
e,7.8,f,g,o,f,s,,y,9.71,13.51,,i,o,,,f,f,,d,a
e,4.55,p,y,w,f,e,c,k,4.45,12.06,,,w,,w,t,e,,m,u
p,17.43,x,s,n,t,p,,e,10.12,29.61,c,,y,,,f,f,,d,a
p,2.88,x,d,w,f,a,d,p,3.38,2.4,,h,w,,,f,f,,g,a
p,4.61,x,h,o,f,a,c,n,4.5,5.62,,y,o,,,t,z,,d,a
e,3.29,b,g,w,f,x,d,w,4.66,2.91,,,y,,,f,f,,g,u
e,8.04,f,,n,t,,,w,9.39,15.89,b,,w,u,w,t,g,,d,a
p,6.65,s,d,o,f,d,c,y,3.94,7.23,,,y,,,f,f,,h,a
e,2.78,b,g,w,f,x,d,w,4.37,2.9,,,y,,,f,f,,g,u
p,3.83,f,l,n,f,x,d,n,5.41,5.12,,,n,,,f,f,,d,a
p,4.04,b,w,u,f,a,c,u,6.13,6.42,,s,u,,,f,f,,d,u
p,4.42,b,h,n,f,,,n,13.07,6.45,,,w,,,t,,k,g,u
p,4.89,o,s,w,f,,c,w,0.0,0.0,f,f,f,,,f,f,n,d,u
p,3.24,x,s,y,f,,c,r,8.61,8.23,,,y,u,w,t,z,r,d,a
e,17.29,f,y,n,f,,,w,25.59,21.9,s,,n,,,t,m,,m,u
e,9.15,f,,n,t,,,w,12.27,19.87,b,,w,u,w,t,g,,d,u
p,5.91,o,s,w,f,,c,w,0.0,0.0,f,f,f,,,f,f,n,d,u
p,3.61,b,t,n,f,,,k,10.08,6.32,,,w,,,t,,k,g,a
p,3.08,f,t,r,f,a,,r,5.05,6.67,,t,r,,,f,f,,d,a
e,2.19,s,y,n,f,d,d,p,6.97,3.11,,i,n,,,f,f,,l,u
e,9.43,p,i,n,t,e,,p,8.86,16.49,,y,w,,,t,l,,l,a
p,2.07,x,s,o,f,d,,o,2.86,5.42,,,o,,,f,f,,h,a
p,4.52,b,t,n,f,,,n,10.14,6.41,,,w,,,t,,k,g,u
p,5.47,x,y,n,f,a,c,n,11.69,11.16,,y,n,,,t,,,d,a
e,8.06,x,s,k,f,a,c,w,4.27,13.04,,,w,,,f,f,,d,u
e,7.5,f,t,o,f,s,,n,9.1,11.72,,i,o,,,f,f,,d,a
e,8.09,f,s,n,f,s,c,w,6.68,10.16,b,i,n,,,f,f,,m,a
e,10.84,x,y,n,f,,,w,7.51,25.03,b,,n,,w,t,e,,d,w
e,10.98,s,t,o,t,d,c,o,7.47,18.49,,,w,,,f,f,,d,u
p,10.16,x,t,r,t,d,c,n,6.62,14.12,,,n,,,f,f,,d,a
p,1.33,b,h,n,f,a,,n,3.99,1.44,,t,n,,,f,f,,h,s
p,5.26,b,s,e,f,e,,y,6.76,7.77,,,o,,,f,f,,m,a
p,11.36,x,e,y,t,p,,o,6.11,24.48,,,e,,,f,f,,d,a
e,4.18,x,s,e,f,a,c,e,4.63,6.78,,,o,,,f,f,,m,u
e,3.0,x,,y,f,a,c,y,4.01,8.65,,,w,,,f,f,,d,u
p,4.09,x,,e,f,,c,g,3.22,11.88,,,y,,,f,f,,d,a
p,3.94,c,e,y,t,x,c,p,4.66,11.38,,,w,,,f,f,,g,a
p,3.09,c,,u,f,a,c,n,3.27,3.44,,i,u,,,f,f,,d,u
e,3.23,s,,y,f,f,f,f,6.24,7.12,,,y,,,f,f,,d,a
e,7.3,f,s,b,f,d,d,b,6.5,12.88,,,w,,,f,f,,m,a
e,8.27,f,d,b,f,d,d,o,5.16,12.11,,,w,,,f,f,,d,w
e,4.05,f,d,p,t,d,c,p,4.84,6.02,,,g,,,f,f,,d,u
p,9.39,x,t,r,t,d,c,n,5.11,13.36,,,n,,,f,f,,d,u
p,7.54,x,g,n,f,e,,w,7.37,14.53,,y,w,u,w,t,p,,d,u
p,10.98,x,i,y,f,a,,o,15.98,27.4,r,,y,,,t,r,n,d,a
e,6.03,p,,n,f,f,f,f,5.99,22.13,,,n,,,f,f,,d,s
p,0.54,f,,o,f,d,,o,4.04,0.84,,,y,,,f,f,w,g,u
p,1.44,b,g,n,f,,c,n,4.53,2.39,,,n,,,f,f,,m,s
e,7.88,o,,n,f,,,w,4.55,23.58,,,n,,,f,f,,d,a
p,4.08,f,,e,f,x,,w,5.36,6.85,,,w,,,f,f,,d,a
p,4.81,s,,e,t,d,c,w,4.19,4.7,,,n,,,f,f,,d,a
e,4.29,x,,y,f,a,c,y,3.69,7.86,,,w,,,f,f,,d,a
p,6.32,b,y,n,f,,,k,12.83,13.05,,s,w,,,t,z,,d,a
e,5.68,s,t,w,t,d,c,o,5.76,16.69,,,w,,,f,f,,d,u
p,6.03,c,k,w,t,x,c,r,5.17,13.2,,,w,,,f,f,,g,a
e,10.78,x,y,e,f,,,w,8.96,28.25,b,,n,,w,t,e,,d,w
p,1.34,x,g,y,f,d,d,n,1.91,2.31,,s,n,,,f,f,,h,u
p,15.56,x,d,k,f,p,,y,5.41,34.37,,,n,,,f,f,,d,a
e,10.95,x,,n,t,,,w,12.19,21.06,b,,w,u,w,t,g,,d,u
p,2.4,x,g,n,f,a,,p,7.74,2.64,,,w,,,f,f,,d,a
p,8.18,f,y,y,f,s,c,y,6.5,18.18,,y,e,,,f,f,,d,a
e,18.88,p,y,w,f,,,w,23.9,20.0,s,,n,,,t,m,,d,u
p,11.95,x,e,n,t,p,,y,8.6,30.84,c,,y,,,f,f,,d,u
e,3.32,f,s,w,f,d,d,w,3.92,6.26,,,w,,,f,f,,m,w
p,1.25,s,s,y,f,f,f,f,3.83,5.55,,,y,,,f,f,,d,u
p,3.79,x,s,o,f,a,c,y,5.66,6.67,,g,o,,,f,f,,g,a
p,6.69,s,h,n,t,d,,w,4.59,11.54,,t,r,,,f,f,,d,u
e,9.68,f,,g,f,s,c,p,8.17,22.65,b,,u,,,f,f,,g,a
p,3.29,b,s,y,f,,c,y,7.87,6.52,,,y,u,w,t,z,k,d,s
p,10.52,f,,w,f,x,c,w,11.4,12.29,r,i,w,,,f,f,,d,a
e,11.87,x,s,y,f,d,d,w,8.37,13.99,,i,n,,,t,,w,d,w
p,3.52,o,s,y,f,f,f,f,0.0,0.0,f,f,f,,,t,f,,d,s
e,6.26,x,h,n,f,x,c,n,4.7,5.5,,s,n,,,t,r,,d,s
e,7.94,x,t,n,f,p,d,y,6.98,11.96,,s,n,,,f,f,,g,a
e,4.67,s,,n,f,d,c,w,5.57,8.44,,s,w,,,f,f,,h,a
e,6.19,x,l,w,f,d,,w,3.55,8.85,,,w,,,f,f,,d,u
e,17.34,p,d,n,f,p,,w,15.9,34.92,s,y,w,,,f,f,,d,u
e,3.45,f,s,w,f,d,d,w,3.37,6.47,,,w,,,f,f,,m,w
p,2.32,x,g,n,f,a,,w,7.27,2.51,,,w,,,f,f,,d,a
p,4.92,x,e,e,f,a,,w,7.42,9.23,,,n,,w,t,z,,d,a
e,11.15,f,,l,f,s,c,b,6.98,17.86,,,u,,,f,f,,d,w
p,6.12,x,s,r,t,s,d,w,5.56,15.39,r,i,n,,,f,f,,d,a
e,3.27,x,,y,f,a,c,o,3.36,10.44,,,w,,,f,f,,d,u
e,8.35,f,s,w,f,s,c,w,7.19,30.1,,,w,,,f,f,,m,u
e,8.0,x,t,y,t,x,c,y,7.9,17.33,,,w,,,f,f,,d,u
p,12.94,x,k,n,t,p,,o,9.48,30.9,c,,y,,,f,f,,d,u
p,3.01,b,,k,f,a,,n,10.23,2.81,,,g,,w,f,f,k,g,u
p,7.6,x,w,p,f,s,c,p,4.22,10.16,,,p,,,f,f,,d,a
p,1.71,b,h,n,f,a,,n,4.46,1.59,,t,n,,,f,f,,d,u
e,10.19,p,y,w,f,e,c,k,24.65,14.29,,s,w,,,t,e,,d,s
p,8.4,p,,n,f,p,,p,12.66,32.97,c,,n,,,f,f,w,d,a
p,4.09,o,,w,f,f,f,f,5.07,30.65,,g,w,,,t,f,,d,a
p,5.45,f,,y,f,s,d,y,4.88,12.13,,i,y,,,f,f,,d,a
p,3.61,s,,n,t,d,c,w,6.19,5.85,,,n,,,f,f,,d,a
p,3.44,s,w,u,f,a,c,u,5.64,6.15,,s,u,,,f,f,,l,a
e,11.82,s,t,p,t,d,c,o,5.94,17.4,,,w,,,f,f,,d,a
p,3.46,o,,w,f,f,f,f,5.29,30.99,,g,w,,,t,f,,p,a
e,12.23,x,,n,t,,,w,11.74,17.89,b,,w,u,w,t,g,,d,u
e,7.27,x,h,n,f,e,,w,13.86,14.07,,s,w,u,w,f,f,,d,a
p,6.88,f,d,n,f,a,c,y,6.28,7.77,,i,y,,,t,,,d,a
p,4.49,x,h,n,f,a,c,n,4.59,6.21,,y,o,,,t,z,,d,w
e,5.8,x,y,n,f,e,c,p,4.89,9.1,,y,n,,,f,f,,d,u
p,6.68,x,y,y,f,a,c,n,11.55,10.34,,y,n,,,t,,,d,u
e,13.68,p,y,w,f,,,w,27.46,17.92,s,,n,,,t,m,,m,u
p,6.01,x,e,e,f,a,,n,7.81,9.32,,,n,,w,t,z,,d,a
e,5.93,o,,n,f,,,w,4.26,23.37,,,n,,,f,f,,d,u
e,10.51,s,t,w,t,d,c,o,6.03,17.29,,,w,,,f,f,,d,a
p,1.73,b,,n,f,a,,g,4.56,1.96,,s,g,,,f,f,,d,u
e,3.59,s,d,n,t,d,c,p,4.36,5.95,,,n,,,f,f,,d,a
e,7.86,p,,n,f,a,,w,7.72,13.65,,,g,,,f,f,,d,a
p,1.97,c,h,n,f,,,n,7.21,3.2,,,y,,,f,f,,g,a
e,9.93,x,h,n,t,p,,y,8.35,17.92,,,n,,w,t,p,,d,a
e,10.66,x,h,n,t,p,,y,9.46,22.53,,,n,,,f,f,,d,u
e,11.07,p,s,n,t,e,,n,8.94,17.22,s,,w,,,t,r,,m,a
p,8.06,p,y,w,f,,,p,16.61,18.32,,,w,,,f,f,,d,a
e,4.44,x,t,o,f,p,,n,5.84,11.12,,,n,,,f,f,,d,u
p,4.93,x,,p,f,,c,g,3.81,12.19,,,y,,,f,f,,d,a
p,0.76,x,g,p,f,a,,p,4.27,1.0,,s,k,,,f,f,,d,s
p,6.88,f,,r,f,x,c,n,6.95,11.43,,,w,,,f,f,,d,a
e,0.87,b,g,w,f,,,g,2.83,1.48,,,w,,,f,f,,d,s
p,8.33,f,,y,f,x,c,y,7.08,13.84,,,w,,,f,f,,d,u
e,8.45,o,,n,f,,,w,3.67,18.62,,,n,,,f,f,,d,u
p,4.4,x,,y,f,s,d,y,4.6,9.25,,i,y,,,f,f,,d,a
e,3.64,x,s,p,f,a,c,o,4.21,6.32,,,e,,,f,f,,g,u
e,2.97,b,y,n,f,,c,n,6.38,2.68,,,w,,,f,f,,d,s
e,6.22,x,d,y,t,p,,y,8.46,16.31,,,y,,,f,f,,d,u
e,1.45,c,g,n,f,a,,g,4.97,1.58,,,g,,,f,f,,l,a
p,9.73,o,t,y,f,,c,o,1.5,17.08,,,y,,,f,f,,d,w
e,9.09,f,d,w,f,s,c,w,7.96,35.32,,,w,,,f,f,,d,s
p,2.35,f,i,k,f,a,,p,4.44,2.56,,,w,,,f,f,p,g,u
e,7.64,x,,g,f,a,,w,6.94,13.34,,,w,,,f,f,,g,a
p,8.33,x,y,n,f,a,c,n,13.9,14.6,,y,n,,,t,,,d,u
e,6.24,x,h,y,t,x,c,y,7.06,15.11,,,w,,,f,f,,d,u
p,5.59,s,h,r,t,d,,w,4.09,10.69,,t,r,,,f,f,,d,u
p,1.84,p,t,n,f,a,c,g,7.6,2.64,,t,y,,,t,e,,m,u
e,6.29,x,d,y,t,p,,y,6.25,12.92,,,y,,,f,f,,d,u
p,2.5,x,g,e,f,a,,p,5.36,2.21,,,w,,,f,f,,d,u
p,3.01,x,h,o,f,a,c,n,5.24,6.48,,y,n,,,t,z,,d,w
p,5.12,x,i,o,f,e,,k,6.98,7.56,,,k,,,f,f,,g,u
e,8.39,x,,n,t,,,w,12.33,19.25,b,,w,u,w,t,g,,d,u
e,3.92,x,,y,f,a,c,o,4.59,10.83,,,w,,,f,f,,d,a
p,14.94,x,s,n,t,p,,o,8.89,29.5,c,,y,,,f,f,,d,u
p,14.19,f,g,o,f,e,,w,17.83,18.3,s,y,w,u,w,t,p,,d,w
e,55.2,o,y,y,f,p,,y,6.02,27.73,,k,k,,,f,f,,d,s
p,16.16,f,k,n,f,d,c,y,6.03,35.35,,k,n,,,f,f,,d,u
p,4.38,f,,n,f,x,c,p,7.84,4.47,,,p,,,f,f,,d,u
p,4.69,c,e,w,t,x,c,y,4.64,11.84,,,w,,,f,f,,d,s
e,3.58,b,g,n,f,x,d,w,4.09,2.95,,,y,,,f,f,,g,a
p,7.8,f,y,u,f,s,c,y,7.25,18.21,,y,y,,,f,f,,d,a
p,10.54,x,i,o,f,a,,y,9.76,18.39,r,,y,,,t,r,n,d,u
p,18.82,f,d,e,f,p,,y,5.77,42.83,,,n,,,f,f,,d,w
p,8.7,s,,o,t,d,,o,5.02,12.99,,,w,,,t,f,,d,a
p,0.66,x,g,y,f,,,y,3.44,0.75,,,y,,,f,f,,d,a
e,3.03,b,y,n,f,,c,k,6.21,2.67,,,w,,,f,f,,d,a
p,2.79,f,s,w,f,d,c,w,3.15,7.68,,,w,,,f,f,,g,u
e,3.78,x,d,n,f,p,,y,4.1,9.71,,,y,,,f,f,,d,a
e,3.28,x,d,n,f,p,,n,3.94,9.45,,,y,,,f,f,,d,a
e,3.04,b,y,n,f,,c,n,6.43,3.38,,,w,,,f,f,,d,s
p,0.76,x,g,n,f,a,,p,3.82,0.91,,s,k,,,f,f,,d,w
e,11.59,s,,w,t,d,c,w,6.02,25.43,,,w,,,f,f,,d,u
e,5.27,x,i,n,f,e,c,p,4.54,12.31,,,w,,,t,l,,w,u
p,12.67,f,,g,f,e,,w,11.4,15.51,,,w,u,w,t,g,,d,u
e,4.26,x,s,o,f,p,,n,5.07,12.3,,,n,,,f,f,,d,u
p,8.52,x,y,n,f,a,c,n,11.13,11.83,,y,y,,,t,,,d,a
e,13.24,f,,n,t,,,w,10.73,16.39,b,,w,u,w,t,g,,d,a
p,10.44,f,t,r,t,d,c,n,6.25,14.7,,,n,,,f,f,,d,u
e,7.77,s,l,w,f,d,,p,3.51,10.28,,,w,,,f,f,,d,u
p,1.04,x,g,w,f,a,d,w,2.78,1.56,,,n,,,f,f,,d,a
p,3.48,b,s,y,f,,c,k,8.85,7.29,,,y,u,w,t,z,k,d,a
p,2.86,b,y,e,f,e,c,n,4.42,3.53,,k,w,,,t,e,,d,u
p,8.01,f,y,e,f,s,c,y,8.55,21.41,,y,e,,,f,f,,d,a
e,1.23,s,y,n,f,d,d,p,4.56,2.6,,i,n,,,f,f,,l,u
p,7.17,o,,e,f,f,f,f,2.69,24.99,,g,n,,,f,f,,d,u
p,2.6,b,,n,f,a,,k,10.06,2.41,,,g,,w,f,f,k,g,a
p,12.94,o,,n,f,f,f,f,4.24,25.86,,g,n,,,f,f,,d,u
p,6.55,x,,g,f,d,c,w,6.24,10.82,b,,n,,,f,f,,l,a
e,4.85,x,s,n,f,p,,n,5.27,11.85,,,n,,,f,f,,d,a
e,9.18,x,s,n,t,p,,y,8.05,18.17,,,n,,w,t,p,,d,u
p,7.25,s,d,e,t,d,c,w,5.84,8.65,,,e,,,f,f,,d,a
p,8.55,f,h,e,f,x,d,w,6.26,17.58,b,,w,,,f,f,,d,a
e,5.03,s,l,n,f,f,f,f,7.43,44.99,,,n,,,f,f,g,l,w
e,11.05,x,w,n,f,p,,y,18.83,73.44,,,n,,,f,f,,d,u
e,5.3,x,y,n,f,s,,g,5.05,7.04,,,w,,,f,f,,d,a
p,4.0,x,y,y,f,a,,w,5.39,3.48,,y,y,,,t,r,,h,u
p,3.69,x,s,y,f,,c,k,8.82,6.8,,,y,u,w,t,z,k,d,s
e,18.5,x,d,e,f,p,,n,18.06,36.24,s,y,w,,,f,f,,d,u
p,4.85,x,h,y,f,a,c,y,6.26,8.74,,g,o,,,f,f,,g,a
p,8.38,s,,y,t,d,,o,4.5,11.98,,,w,,,t,f,,d,a
e,45.53,o,y,y,f,p,,y,6.26,24.57,,k,k,,,f,f,,d,s
p,10.38,x,,n,t,x,,n,10.24,19.04,s,,u,,u,f,f,,d,a
p,4.48,o,s,n,f,,c,w,0.0,0.0,f,f,f,,,f,f,n,d,a
p,3.82,o,,w,f,f,f,f,4.88,28.6,,g,w,,,t,f,,d,a
p,3.84,x,h,n,f,a,c,n,4.42,5.15,,y,n,,,t,z,,d,w
p,1.57,x,g,n,f,d,d,n,2.41,2.65,,s,n,,,f,f,,d,u
p,4.15,f,d,n,f,a,c,y,4.47,5.18,,i,n,,,t,,,d,u
e,4.27,b,g,n,f,a,d,g,6.26,3.69,,s,n,,,f,f,,d,a
p,6.13,x,i,e,f,e,,k,6.45,7.38,,,k,,,f,f,,g,a
p,20.68,x,k,w,t,d,d,w,7.72,33.75,,,w,,,f,f,,d,a
p,6.14,s,t,g,t,d,,g,4.54,12.12,,t,r,,,f,f,,d,a
e,7.63,f,,y,f,a,c,w,5.02,12.89,,,g,,,f,f,,d,a
p,5.32,b,y,n,f,,,w,8.86,12.29,,s,w,,,t,z,,d,s
p,1.58,x,k,n,f,,,n,3.72,1.33,,,n,,,f,f,,d,a
p,0.69,x,g,y,f,,,y,3.48,0.8,,,y,,,f,f,,d,u
p,1.49,b,h,n,f,a,,n,4.07,1.48,,t,n,,,f,f,,h,s
e,1.01,p,g,w,f,,,g,2.95,1.51,,,w,,,f,f,,d,a
p,10.08,x,t,n,f,a,d,w,10.09,23.98,,,w,,,f,f,,d,u
e,46.89,o,y,y,f,p,,y,7.17,38.72,,k,k,,,f,f,,d,u
p,4.35,b,y,e,f,e,c,w,5.54,3.87,,k,w,,,t,e,,d,u
p,4.37,f,,n,f,x,c,p,9.7,4.62,,,n,,,f,f,,l,u
e,6.28,s,,n,f,d,c,w,5.09,8.43,,s,w,,,f,f,,l,a
e,7.62,x,d,y,t,p,,r,6.21,12.33,,,e,,,f,f,,d,u
e,1.65,x,w,n,f,,d,g,4.98,2.59,,,w,,,f,f,,d,a
p,4.74,b,s,o,f,e,,y,6.65,7.76,,,o,,,f,f,,g,u
p,2.19,x,i,k,f,a,,p,3.64,2.63,,,w,,,f,f,p,g,a
p,2.86,s,w,n,t,d,c,n,3.48,5.74,,,n,,,f,f,,d,u
e,7.54,x,s,n,f,e,c,w,6.32,9.02,,i,w,,,f,f,p,d,a
p,3.94,o,s,y,f,f,f,f,0.0,0.0,f,f,f,,,t,f,,d,u
p,2.43,p,t,n,f,a,c,n,6.48,2.46,,t,y,,,t,e,,m,a
p,8.95,f,,n,f,x,c,w,9.46,11.47,r,i,w,,,f,f,,h,u
e,2.28,f,t,o,f,a,d,y,7.06,5.44,,s,o,,,f,f,,d,a
e,7.68,f,s,n,f,s,c,w,6.45,10.72,b,i,w,,,f,f,,l,a
p,3.01,f,w,n,t,d,c,y,3.46,6.2,,,n,,,f,f,,d,u
p,4.15,o,t,n,f,,c,w,0.0,0.0,f,f,f,,,f,f,n,d,u
e,5.44,c,h,n,f,e,,w,11.59,12.12,,s,w,u,w,f,f,,d,u
e,8.44,s,,u,f,s,c,b,6.71,19.0,,,b,,,f,f,,l,a
p,2.76,b,,g,f,a,,k,8.41,2.38,,,n,,w,f,f,k,g,a
e,2.98,x,d,o,f,a,c,o,4.01,6.33,,,o,,,f,f,,m,u
p,8.1,f,y,u,f,s,c,y,7.29,17.46,,y,u,,,f,f,,d,a
p,3.92,x,,w,f,x,c,p,8.18,4.75,,,p,,,f,f,,d,u
p,4.82,c,i,y,f,,c,n,6.07,6.69,,,w,,,f,f,,d,u
e,4.71,b,g,g,f,a,d,g,5.36,3.52,,s,n,,,f,f,,d,u
p,4.84,x,s,o,f,a,c,y,6.36,7.8,,g,o,,,f,f,,g,u
p,4.35,o,s,y,f,f,f,f,0.0,0.0,f,f,f,,,t,f,,d,a
e,51.39,o,y,y,f,p,,y,6.33,25.86,,k,n,,,f,f,,d,u
e,8.02,f,,p,f,x,c,w,6.75,18.65,,s,w,,,f,f,,d,u
p,3.42,o,,k,f,f,f,f,3.8,16.43,,g,g,,,f,f,,d,a
p,6.48,f,h,n,f,x,,w,11.97,7.03,r,g,n,,,f,f,,d,a
p,24.19,x,d,n,f,p,,y,5.63,45.37,,,n,,,f,f,,d,a
p,3.99,o,s,o,f,f,f,f,0.0,0.0,f,f,f,,,t,f,,d,a
p,3.56,x,y,n,f,a,,w,5.93,3.66,,y,y,,,t,r,,g,a
e,19.16,p,w,n,f,p,,y,20.41,82.65,,,n,,,f,f,,d,u
e,7.08,x,w,y,f,f,f,f,6.65,15.77,,,y,,,f,f,,d,a
p,3.59,f,k,w,f,s,,p,3.64,2.75,,,n,,,f,f,p,g,a
e,19.5,p,y,w,f,,,w,26.85,20.03,s,,n,,,t,m,,m,a
e,11.86,p,s,w,t,e,,g,10.38,17.06,s,,w,,,t,l,,m,a
p,6.34,f,h,n,f,x,,w,14.43,7.63,r,g,n,,,f,f,,d,a
p,1.42,b,h,n,f,a,,n,3.91,1.3,,t,n,,,f,f,,g,a
p,5.3,x,s,y,f,a,c,y,6.2,8.23,,g,o,,,f,f,,g,a
e,19.04,f,y,w,f,,,w,30.86,22.87,s,,n,,,t,m,,d,u
p,7.1,x,y,y,f,a,c,y,8.18,9.87,,y,y,,,t,,,d,a
e,1.4,x,t,n,f,a,,w,6.15,2.27,,t,y,,,f,f,,g,u
e,7.18,x,,n,f,x,c,w,6.84,18.42,,s,w,,,f,f,,d,u
e,2.84,b,y,n,f,,c,k,6.53,2.8,,,w,,,f,f,,d,w
e,9.68,x,s,n,t,p,,y,8.31,17.77,,,n,,w,t,p,,d,u
e,4.06,f,h,n,f,,c,n,6.79,6.93,,s,w,,w,f,f,k,d,a
p,10.2,x,e,y,t,p,,e,7.78,21.87,,,e,,,f,f,,d,u
e,4.45,x,,w,f,x,c,n,8.21,9.27,b,,w,,w,t,,,d,s
e,3.63,x,d,n,f,p,,n,4.1,9.13,,,n,,,f,f,,d,a
e,7.61,o,,n,f,,,w,4.29,19.64,,,n,,,f,f,,d,u
p,5.52,c,k,y,t,x,c,p,7.6,13.25,,,w,,,f,f,,g,a
e,13.69,s,e,g,f,d,c,w,8.38,21.99,s,,w,,,f,f,,d,w
p,2.61,b,y,n,f,,c,w,5.8,4.37,s,s,w,,,f,f,,d,a
e,4.32,s,d,u,t,d,c,p,5.08,6.52,,,n,,,f,f,,d,a
e,7.55,f,s,w,f,s,c,w,5.3,29.66,,,w,,,f,f,,d,u
p,7.83,f,t,y,f,x,c,y,5.98,15.68,,,y,,,f,f,,d,a
e,9.44,x,h,n,t,p,,y,7.46,21.98,,,n,,,f,f,,d,a
p,0.95,x,g,p,f,a,,n,4.23,1.08,,h,k,,,f,f,,d,s
e,9.04,f,y,w,f,e,c,k,11.79,11.99,,s,w,,,t,e,,g,s
e,0.85,c,g,e,t,a,,w,4.5,0.95,,,n,,,f,f,,d,u
p,4.27,x,t,l,f,s,c,u,6.87,7.67,,y,l,,,t,e,k,d,a
e,8.73,f,t,o,f,s,,n,9.63,14.06,,i,n,,,f,f,,d,a
e,4.26,x,,l,f,d,,r,6.54,6.77,,,w,,,f,f,,d,a
e,1.58,x,w,g,f,,d,g,5.43,2.42,,,w,,,f,f,,g,u
p,8.73,x,h,r,f,,c,w,11.43,17.28,,,w,u,w,t,p,,d,a
e,6.61,x,s,u,f,a,c,w,4.13,14.41,,,w,,,f,f,,d,a
p,10.79,x,d,y,f,a,,y,16.28,27.68,r,,y,,,t,r,n,d,u
e,7.68,f,g,n,f,s,,y,9.37,12.63,,t,o,,,f,f,,d,a
e,8.56,x,e,g,f,d,c,w,8.16,23.85,s,,w,,,f,f,,d,w
p,3.08,f,l,e,f,x,d,n,3.16,4.29,,,y,,,f,f,,l,u
e,4.03,f,d,n,t,d,c,p,4.07,6.19,,,g,,,f,f,,d,a
e,5.57,x,s,b,f,x,c,w,6.91,9.63,,s,n,,,f,f,,l,w
p,8.86,x,e,n,f,a,,n,10.17,14.49,s,,n,,e,f,f,,d,a
e,10.73,x,h,n,t,p,,y,8.28,22.28,,,n,,,f,f,,d,u
e,9.18,x,e,l,f,x,c,w,7.39,20.48,,,w,,,f,f,,d,a
e,9.59,s,,n,f,,,w,4.81,22.59,,,n,,,f,f,,d,a
p,5.48,c,k,y,t,x,c,p,6.7,12.25,,,w,,,f,f,,g,s
e,2.5,f,y,n,f,d,d,p,5.39,2.59,,i,n,,,f,f,,l,a
p,4.55,x,i,o,f,e,,k,5.91,7.38,,,k,,,f,f,,g,u
p,1.43,x,,n,f,,,n,4.65,2.38,,s,n,,,f,f,k,g,a
p,7.96,x,g,n,f,e,,w,8.64,15.03,,y,w,u,w,t,p,,d,a
p,3.09,o,,k,f,f,f,f,4.12,18.47,,g,n,,,f,f,,d,a
e,1.45,c,g,n,f,a,,w,4.88,1.55,,,g,,,f,f,,l,u
e,7.24,f,s,w,f,e,c,k,5.86,12.9,,,w,,w,t,e,,m,a
e,8.94,x,y,e,f,,,w,5.84,24.69,b,,n,,w,t,e,,d,w
e,8.83,x,,g,t,p,,g,12.71,27.01,,y,w,,,f,f,,d,a
e,6.11,x,y,n,f,e,c,w,5.25,10.12,,y,n,,,f,f,,d,a
e,4.31,x,,w,f,x,c,n,7.98,8.8,b,,w,,w,t,,,g,a
p,1.96,c,h,n,f,,,n,7.22,2.97,,,y,,,f,f,,g,a
p,6.0,x,w,p,f,s,c,p,4.22,9.71,,,p,,,f,f,,d,a
p,5.6,f,y,y,f,s,c,y,6.1,16.33,,y,e,,,f,f,,d,a
p,2.73,b,,n,f,a,,g,5.31,2.21,,s,g,,,f,f,,d,u
e,9.4,f,s,u,f,a,c,w,5.38,18.77,,,w,,,f,f,,d,a
e,1.26,x,g,e,t,a,,p,5.94,1.08,,,n,,,f,f,,h,u
e,7.04,x,,w,f,e,,w,6.01,11.88,b,,w,u,y,t,g,,d,u
e,7.01,x,,y,f,e,,w,6.18,13.15,b,,w,u,w,t,g,,d,u
p,3.45,b,,n,f,a,,k,8.28,2.47,,,n,,w,f,f,k,g,a
p,4.34,f,l,e,f,x,d,e,6.23,5.24,,,n,,,f,f,,l,u
p,7.16,x,y,w,t,,,p,6.88,11.09,s,,w,,,t,l,,g,a
p,4.7,f,l,y,f,x,d,y,6.9,5.3,,,y,,,f,f,,l,a
e,10.49,s,,w,t,d,c,p,4.62,22.15,,,w,,,f,f,,d,u
p,9.46,s,t,p,t,d,c,p,9.22,17.32,,,p,,,t,f,,d,u
p,17.9,f,k,n,f,d,c,y,6.12,35.93,,k,n,,,f,f,,d,u
p,6.75,f,w,p,f,s,c,p,4.47,9.37,,,p,,,f,f,,d,a
e,10.52,f,y,y,f,,,w,7.35,26.45,b,,n,,w,t,e,,d,w
p,10.66,f,t,n,t,d,c,n,6.33,16.61,,,n,,,f,f,,d,u
p,3.44,f,y,n,f,e,c,w,4.49,3.67,,k,w,,,t,e,,d,u
e,1.62,c,g,n,f,a,,w,5.05,1.65,,,g,,,f,f,,d,u
p,4.92,x,y,n,f,a,c,y,10.8,11.38,,y,y,,,t,,,d,u
e,7.09,x,s,n,f,e,c,p,5.25,8.72,,i,n,,,f,f,p,d,w
p,2.82,f,s,w,f,d,c,w,2.89,6.55,,,w,,,f,f,,g,u
p,3.58,f,d,n,f,x,c,y,4.26,3.03,b,i,n,,,f,f,,l,a
e,5.57,x,h,n,f,a,d,n,5.73,4.37,,t,g,,,t,l,,d,w
p,16.46,f,g,o,f,e,,w,17.29,16.9,s,y,w,u,w,t,p,,d,a
p,3.6,f,k,w,f,s,,p,3.9,3.14,,,n,,,f,f,p,g,a
e,6.39,x,,y,f,a,c,y,5.0,11.18,,,w,,,f,f,,d,a
e,3.97,f,y,g,f,s,,w,4.78,7.14,,,w,,,f,f,,d,u
p,7.22,s,h,r,t,d,,w,4.52,12.66,,t,n,,,f,f,,d,u
p,4.27,x,,w,f,x,c,p,8.55,4.29,,,n,,,f,f,,d,u
p,3.54,x,h,l,f,s,c,u,6.64,8.57,,y,l,,,t,e,u,d,u
p,3.62,x,,b,f,x,,w,3.87,6.02,,,w,,,f,f,,d,a
e,12.81,x,,n,t,,,w,12.68,19.76,b,,w,u,w,t,g,,d,a
p,6.45,f,t,n,f,x,,w,12.06,7.1,r,g,n,,,f,f,,d,u
p,9.65,x,e,n,t,p,,e,7.87,22.66,,,e,,,f,f,,d,a
p,6.84,x,e,e,f,a,,g,8.18,10.08,,,y,,w,t,z,,d,a
p,3.21,o,l,g,f,f,f,f,0.0,0.0,f,f,f,,,f,f,,d,u
p,9.41,f,h,r,f,,c,w,11.45,16.03,,,w,u,w,t,p,,d,a
p,15.13,f,h,e,f,e,,w,17.81,17.24,s,y,w,u,w,t,p,,d,u
e,14.5,x,d,o,f,p,,w,16.0,34.96,s,y,w,,,f,f,,d,u
e,4.96,x,y,g,f,s,,w,4.46,7.64,,,w,,,f,f,,d,u
e,8.14,x,h,y,f,p,,y,7.2,14.23,,,y,,y,t,,,d,a
e,0.89,p,g,w,f,,,g,3.12,1.38,,,w,,,f,f,,d,w
e,7.63,x,d,n,t,p,,y,8.42,16.18,,,y,,,f,f,,d,u
p,4.98,c,i,y,f,,c,n,6.66,7.04,,,w,,,f,f,,d,a
e,6.96,x,h,n,f,x,c,n,8.34,7.66,,s,n,,,t,r,,d,u
p,2.57,x,g,n,f,a,,p,5.98,2.44,,,n,,,f,f,,d,a
p,3.28,x,k,n,f,s,,p,3.81,2.27,,,n,,,f,f,p,g,a
e,7.75,x,,g,t,p,,g,11.62,25.04,,y,w,,,f,f,,d,a
p,7.36,f,t,n,f,x,c,y,6.21,18.11,,,y,,,f,f,,d,a
e,0.94,p,g,g,f,,,g,2.9,1.53,,,w,,,f,f,,d,w
p,6.64,x,e,e,f,a,,n,8.43,10.59,,,n,,w,t,z,,d,a
e,10.48,f,s,n,t,e,,g,6.32,16.84,s,,w,,,t,r,,m,u
e,8.77,o,,n,f,,,w,4.79,25.43,,,n,,,f,f,,d,u
e,9.59,f,,n,t,,,w,11.93,20.46,b,,w,u,w,t,g,,d,a
p,8.72,s,t,n,f,x,c,y,7.91,15.29,,,y,,,f,f,,d,a
p,11.61,x,y,y,f,a,,y,12.3,22.7,r,,y,,,t,r,n,d,a
p,6.96,x,y,w,t,,,w,8.6,13.42,s,,w,,,t,l,,g,a
p,3.43,o,l,g,f,f,f,f,0.0,0.0,f,f,f,,,f,f,,d,a
e,52.68,o,y,y,f,p,,y,7.0,46.15,,k,n,,,f,f,,d,s
e,14.04,x,s,n,t,e,,n,9.87,17.83,s,,w,,,t,r,,m,a
p,1.55,o,k,n,f,,,n,4.82,1.66,,,n,,,f,f,,d,w
e,3.58,s,d,u,t,d,c,p,4.62,7.43,,,n,,,f,f,,d,u
p,3.47,b,d,y,f,a,,y,5.31,6.3,,t,y,,,f,f,,d,u
e,10.46,x,s,y,f,d,d,w,10.25,16.24,,i,n,,,t,,w,d,a
p,6.96,o,,n,f,f,f,f,2.78,22.26,,g,n,,,f,f,,d,u
p,9.93,x,e,y,t,p,,o,7.41,21.62,,,e,,,f,f,,d,u
p,6.86,x,y,w,t,,,n,7.15,12.52,s,,w,,,t,l,,g,u
e,4.45,o,l,n,f,f,f,f,6.64,41.16,,,n,,,f,f,g,l,u
e,3.62,f,g,g,f,a,d,g,5.89,3.54,,s,g,,,f,f,,d,a
p,3.97,s,d,e,t,d,c,y,4.84,7.93,,,n,,,f,f,,d,a
p,2.97,f,s,o,f,a,,o,3.87,6.35,,,o,,,f,f,,h,a
e,3.75,f,d,g,t,d,c,p,4.63,6.63,,,g,,,f,f,,d,u
p,5.81,x,,u,t,x,,u,7.32,16.37,s,,u,,u,f,f,,d,a
p,4.24,b,w,u,f,a,c,u,5.87,7.08,,s,u,,,f,f,,d,a
e,15.88,p,s,n,t,e,,n,11.72,18.93,s,,w,,,t,r,,m,a
p,7.27,x,s,g,t,s,d,w,6.44,15.59,r,y,n,,,f,f,,d,u
e,4.4,b,g,n,f,a,d,g,5.67,2.96,,s,g,,,f,f,,d,s
p,5.12,x,h,o,f,a,c,y,6.41,8.7,,g,o,,,f,f,,g,u
p,3.33,f,d,n,f,x,c,y,4.24,3.03,b,i,n,,,f,f,,l,u
e,4.1,f,t,o,f,a,d,w,6.7,4.97,,s,n,,,f,f,,d,s
e,8.74,x,d,y,t,p,,y,6.7,12.9,,,e,,,f,f,,d,a
p,1.74,p,t,n,f,a,c,g,7.71,2.62,,t,y,,,t,e,,m,u
p,2.85,s,w,o,t,d,c,n,2.97,6.59,,,n,,,f,f,,d,u
p,5.03,f,k,y,f,p,,n,3.46,6.03,,k,n,,,t,f,,d,u
p,1.69,b,h,n,f,a,,n,4.42,1.39,,t,n,,,f,f,,d,u
e,8.08,x,s,n,f,e,c,p,6.65,9.79,,i,n,,,f,f,p,d,s
p,3.88,s,d,w,f,d,d,p,4.57,2.66,,h,w,,,f,f,,g,u
p,13.05,f,,n,f,e,,w,11.18,15.9,,,w,u,w,t,e,,d,u
p,3.11,o,,k,f,f,f,f,3.48,14.94,,g,n,,,f,f,,d,u
e,7.89,x,,g,f,a,,w,7.07,14.25,,,g,,,f,f,,g,u
p,19.23,x,k,w,t,d,d,n,8.25,29.82,,,w,,,f,f,,d,u
e,10.25,f,y,w,f,e,c,p,15.8,11.57,,s,w,,,t,e,,g,w
p,5.64,f,,y,f,s,d,y,5.97,12.01,,i,y,,,f,f,,d,a
e,7.11,x,w,y,f,f,f,f,5.65,12.6,,,y,,,f,f,,d,a
p,7.12,x,,n,t,x,,u,7.95,18.2,s,,u,,u,f,f,,d,a
e,1.22,x,s,y,f,d,,w,5.93,2.07,,t,y,,,f,f,,d,u
p,3.96,x,,w,f,x,c,p,8.37,4.27,,,n,,,f,f,,l,a
e,6.37,x,s,o,f,d,d,b,5.35,11.58,,,w,,,f,f,,g,a
p,8.46,x,g,n,f,e,,w,8.85,17.91,,y,w,u,w,t,p,,d,u
p,3.78,b,h,l,f,s,c,u,5.66,7.52,,y,n,,,t,e,u,m,a
e,6.01,f,s,n,f,s,c,w,6.04,10.19,b,i,w,,,f,f,,m,u
p,6.71,x,,n,t,x,,u,7.54,17.17,s,,g,,u,f,f,,d,a
p,6.68,x,s,n,t,s,d,r,6.19,13.65,r,i,w,,,f,f,,d,a
p,3.34,b,w,u,f,a,c,g,5.91,6.0,,s,u,,,f,f,,d,a
p,2.41,x,y,o,f,a,,y,3.22,5.65,,,o,,,f,f,,m,a
e,4.15,x,s,o,f,a,c,o,5.36,7.69,,,e,,,f,f,,g,w
p,3.44,f,d,b,f,x,c,y,5.03,3.3,b,s,n,,,f,f,,d,u
e,5.55,b,h,g,f,s,d,w,4.16,8.89,,s,g,,,f,f,,d,a
e,1.03,p,g,w,f,,,g,3.35,1.58,,,w,,,f,f,,d,u
p,7.95,x,h,r,f,,c,w,11.21,17.41,,,w,u,w,t,g,,d,u
p,10.26,f,y,u,f,s,c,y,9.09,19.29,,y,u,,,f,f,,d,a
e,5.0,o,l,n,f,f,f,f,5.67,34.77,,,n,,,f,f,g,d,w
e,8.41,x,s,n,t,p,,n,8.49,16.81,,,n,,w,t,p,,d,a
p,6.15,x,,y,f,s,d,y,6.11,13.84,,i,y,,,f,f,,d,a
e,3.32,x,d,e,f,a,c,o,4.11,7.07,,,e,,,f,f,,m,u
p,5.84,o,s,w,f,,c,w,0.0,0.0,f,f,f,,,f,f,n,d,u
e,6.08,f,h,k,f,s,d,w,4.27,9.36,,s,g,,,f,f,,d,a
p,7.34,x,i,n,f,a,c,k,8.73,7.58,,i,n,,k,t,z,k,g,u
e,5.46,f,w,y,f,f,f,f,4.81,15.04,,,y,,,f,f,,d,a
e,9.71,p,s,w,f,e,c,k,24.2,12.91,,s,w,,,t,e,,u,w
e,10.03,s,,n,f,s,c,b,7.07,18.34,,,u,,,f,f,,l,a
e,11.03,x,d,n,t,p,,y,7.56,17.31,,,y,,,f,f,,d,u
p,4.33,o,,w,f,f,f,f,6.07,34.93,,g,w,,,t,f,,p,a
p,5.93,x,s,e,f,e,,k,5.72,6.66,,,y,,,f,f,,m,u
p,2.52,b,g,y,f,,c,n,7.13,3.39,,,n,,,f,f,,d,a
e,7.0,p,s,w,f,e,c,p,5.47,12.51,,,w,,w,t,e,,g,u
p,2.19,c,h,n,f,,,n,8.5,3.09,,,y,,,f,f,,g,u
e,1.46,c,g,n,f,a,,g,5.05,1.43,,,g,,,f,f,,d,a
p,4.07,b,y,n,f,,c,w,6.5,4.66,s,s,w,,,f,f,,d,a
p,6.01,x,i,k,f,e,,y,7.62,7.95,,,y,,,f,f,,m,u
e,3.12,b,g,n,f,x,d,w,5.25,3.43,,,y,,,f,f,,g,a
p,3.18,o,l,g,f,f,f,f,0.0,0.0,f,f,f,,,f,f,,d,w
e,6.42,p,y,w,f,e,c,n,4.64,12.27,,,w,,w,t,e,,m,a
e,3.17,b,g,n,f,a,d,g,5.06,3.1,,s,n,,,f,f,,d,u
p,8.3,x,,w,f,x,c,w,10.54,10.52,r,i,w,,,f,f,,h,u
p,6.19,x,e,e,f,a,,g,8.24,10.64,,,y,,w,t,z,,d,a
p,9.65,x,i,n,f,a,,n,10.24,14.25,s,,n,,n,f,f,,d,a
e,6.57,f,s,n,f,s,c,w,5.7,8.92,b,i,w,,,f,f,,g,a
p,2.7,s,d,w,f,d,d,w,3.32,2.46,,h,w,,,f,f,,g,u
p,3.15,x,s,w,f,d,c,w,3.17,7.99,,,w,,,f,f,,g,u
e,3.25,x,s,e,f,a,c,o,3.83,5.59,,,e,,,f,f,,g,u
e,3.65,b,g,n,f,x,d,w,4.48,2.89,,,y,,,f,f,,g,u
p,9.24,f,,w,f,x,c,w,10.66,11.95,r,i,w,,,f,f,,d,u
e,11.95,f,s,n,f,d,d,w,8.76,13.69,,i,n,,,t,,w,d,u
p,5.29,b,s,o,f,e,,y,7.0,7.46,,,o,,,f,f,,g,u
e,14.17,s,,g,f,s,c,u,9.26,21.73,,,b,,,f,f,,d,a
p,6.78,x,i,y,f,a,c,k,8.11,7.8,,i,n,,k,t,z,k,d,u
p,3.82,b,y,n,f,,c,u,6.36,4.49,s,s,w,,,f,f,,d,u
e,2.95,x,h,n,f,,c,n,5.87,6.69,,s,w,,w,f,f,k,d,a
p,4.96,s,,e,t,d,c,w,5.01,5.36,,,e,,,f,f,,d,u
e,5.1,x,s,n,f,x,c,w,6.92,10.17,,s,n,,,f,f,,l,a
e,3.61,x,,y,f,a,c,y,5.19,10.38,,,w,,,f,f,,d,u
e,7.68,f,i,n,f,e,c,n,4.37,12.91,,,w,,,t,l,,w,u
p,9.94,s,t,n,t,d,c,n,5.81,13.1,,,n,,,f,f,,d,a
p,4.06,x,s,y,f,,c,y,7.89,7.83,,,y,u,w,t,z,r,d,u
p,1.76,x,g,y,f,d,d,n,2.94,2.84,,s,n,,,f,f,,h,u
p,11.07,x,t,n,f,a,d,w,8.95,26.44,,,w,,,f,f,,d,a
e,6.37,x,t,y,t,x,c,y,6.87,15.95,,,w,,,f,f,,d,a
p,3.7,f,t,n,f,x,c,p,5.08,4.05,,i,n,,,f,f,,d,u
e,7.86,f,,l,f,s,c,u,7.34,20.26,,,b,,,f,f,,l,w
e,3.7,s,d,p,t,d,c,p,4.95,6.82,,,g,,,f,f,,d,a
e,4.24,x,,w,f,x,c,n,7.48,7.98,b,,w,,w,t,,,g,a
p,5.69,c,i,y,f,,c,n,6.71,8.16,,,w,,,f,f,,d,u
e,7.88,x,,e,f,x,c,w,7.02,18.46,,s,w,,,f,f,,d,u
e,12.61,s,t,p,t,d,c,o,5.1,16.49,,,w,,,f,f,,d,u
e,1.04,f,g,e,t,a,,w,5.98,1.04,,,n,,,f,f,,h,a
e,11.47,f,e,b,f,,c,b,4.97,21.4,,,w,,,t,f,,d,a
e,12.52,p,s,w,t,e,,g,8.71,17.12,s,,w,,,t,r,,m,a
e,4.35,x,t,o,f,p,,n,5.65,11.07,,,n,,,f,f,,d,u
e,8.03,x,,g,f,a,,w,8.17,13.69,,,g,,,f,f,,d,u
e,5.31,s,s,b,f,d,d,b,5.87,12.48,,,w,,,f,f,,m,a
p,3.13,x,s,o,f,a,,y,3.09,5.94,,,o,,,f,f,,m,a
p,1.76,x,,n,f,,,n,5.39,2.56,,s,n,,,f,f,k,g,u
p,9.22,p,,n,f,p,,p,9.72,29.18,c,,n,,,f,f,w,d,a
e,4.74,x,y,g,f,s,,y,3.93,7.75,,,w,,,f,f,,d,a
e,1.66,x,w,n,f,,d,k,5.34,2.65,,,w,,,f,f,,g,w
p,9.59,x,h,r,f,,c,w,11.28,14.78,,,w,u,w,t,g,,d,a
e,4.82,x,,n,f,x,c,n,8.27,9.71,b,,w,,w,t,,,d,s
p,8.22,x,i,y,f,a,c,n,8.88,7.82,,i,n,,k,t,z,k,d,u
p,3.65,s,,u,f,a,,w,3.78,6.46,,,w,,,f,f,,d,a
p,14.93,x,h,o,f,e,,w,17.71,18.23,s,y,w,u,w,t,g,,d,w
e,8.52,x,e,l,f,x,c,w,6.59,18.98,,,w,,,f,f,,d,a
e,4.66,x,s,n,f,p,,n,5.12,10.99,,,e,,,f,f,,d,u
p,5.11,x,s,r,t,s,d,w,4.35,12.79,r,i,w,,,f,f,,d,a
p,3.28,b,h,n,f,,,n,9.75,5.15,,,w,,,t,,k,g,w
e,4.13,f,,y,f,x,c,w,6.29,3.75,,,w,,,f,f,,d,a
p,2.94,f,t,r,f,a,,r,5.05,6.73,,t,y,,,f,f,,g,a
e,6.6,x,,y,f,a,c,w,5.92,14.31,,,w,,,f,f,,d,w
e,7.0,f,w,y,f,f,f,f,5.35,12.18,,,y,,,f,f,,d,u
p,5.05,f,k,n,f,a,c,y,5.24,6.49,,i,y,,,t,,,d,u
p,2.94,x,t,n,f,s,c,p,5.2,6.83,,,w,,n,t,z,,d,a
p,7.26,f,t,e,f,x,d,w,5.88,17.24,b,,w,,,f,f,,d,u
e,3.06,b,y,n,f,,c,k,6.34,3.48,,,w,,,f,f,,d,a
e,7.83,x,w,y,f,f,f,f,6.37,17.08,,,y,,,f,f,,d,a
e,12.24,f,e,b,f,,c,b,5.29,20.92,,,w,,,t,f,,d,a
e,7.73,x,w,y,f,f,f,f,4.49,13.37,,,y,,,f,f,,d,u
p,2.57,f,y,o,f,a,,o,3.23,5.09,,,y,,,f,f,,m,a
p,2.99,x,h,r,f,s,c,g,5.08,5.77,,y,n,,,t,e,u,d,u
p,4.16,x,i,e,f,,,e,4.35,5.69,,,e,,,f,f,n,d,a
p,12.65,f,d,n,f,p,,y,5.12,40.28,,,n,,,f,f,,d,a
p,7.86,s,,y,t,d,,o,4.18,11.9,,,w,,,t,f,,d,u
e,1.6,x,s,n,f,a,,w,5.99,2.03,,t,y,,,f,f,,d,u
p,1.18,s,s,y,f,f,f,f,3.16,5.23,,,y,,,f,f,,d,u
p,6.16,x,w,p,f,s,c,p,4.41,9.75,,,p,,,f,f,,d,a
p,4.59,s,d,y,f,d,c,o,3.78,6.98,,,y,,,f,f,,d,a
p,5.06,f,k,n,f,p,,n,3.42,5.34,,k,n,,,t,f,,d,u
e,9.66,x,e,y,f,x,c,w,8.5,20.52,,,w,,,f,f,,d,a
e,4.43,x,h,n,f,e,,w,12.54,12.28,,s,w,u,w,f,f,,d,a
p,7.44,x,t,n,f,s,,n,6.18,8.02,,y,n,,,f,f,,d,a
p,3.48,f,w,u,f,a,c,u,6.51,5.44,,s,u,,,f,f,,d,u
e,5.73,x,,w,f,x,c,n,8.24,9.13,b,,w,,w,t,,,d,a
e,6.0,s,,n,f,d,c,w,6.79,9.61,,s,w,,,f,f,,h,u
e,3.75,x,t,n,f,d,,o,5.72,5.88,,t,o,,,f,f,,d,a
e,6.91,f,s,o,f,s,,n,9.13,13.38,,t,o,,,f,f,,d,a
p,10.76,x,e,n,t,p,,e,10.35,28.35,,,u,,,f,f,,d,a
e,8.42,f,h,o,f,s,,y,8.39,11.31,,i,n,,,f,f,,d,a
e,2.73,s,y,n,f,a,d,p,5.86,2.75,,i,n,,,f,f,,h,u
e,6.18,p,,g,f,f,f,f,4.25,17.09,,,n,,,f,f,,d,s
p,5.14,x,,e,f,,c,r,4.94,13.07,,,y,,,f,f,,d,a
e,10.27,f,y,w,f,e,c,p,24.21,12.07,,s,w,,,t,e,,g,u
e,1.7,x,,b,f,,d,w,4.93,3.8,,,w,,,f,f,,d,u
e,15.78,p,y,n,f,,,w,20.92,18.36,s,,n,,,t,m,,m,a
e,4.35,f,t,o,f,a,d,y,5.29,4.83,,s,o,,,f,f,,d,a
p,13.96,f,t,g,t,d,c,w,5.02,23.97,,,r,,,f,f,,d,u
p,7.58,s,,o,t,d,,o,4.98,13.32,,,w,,,t,f,,d,u
e,1.55,c,g,n,f,a,,w,4.88,1.5,,,g,,,f,f,,d,a
e,4.88,x,y,n,f,s,,w,4.44,7.35,,,w,,,f,f,,d,u
e,6.81,x,h,n,f,e,,w,13.45,12.79,,s,w,u,w,f,f,,d,a
e,11.91,f,s,y,f,x,,n,7.93,27.08,,,n,,,f,f,,d,u
e,4.36,x,,y,f,x,c,n,6.99,4.29,,,w,,,f,f,,d,u
e,7.59,x,s,u,f,a,c,w,4.45,15.67,,,w,,,f,f,,d,a
p,9.12,x,,n,t,x,,u,10.29,20.39,s,,n,,u,f,f,,d,a
p,13.66,x,s,n,t,p,,e,9.15,26.43,c,,y,,,f,f,,d,u
p,4.8,f,,n,f,d,c,w,5.26,8.87,b,,n,,,f,f,,d,w
e,3.26,f,d,g,t,d,c,p,4.29,6.29,,,n,,,f,f,,d,u
e,5.78,x,,w,f,e,,w,5.7,11.57,b,,w,u,y,t,g,,d,a
e,48.68,o,y,y,f,p,,y,7.39,40.96,,k,n,,,f,f,,d,u
p,3.08,x,y,o,f,d,,o,2.83,5.14,,,y,,,f,f,,m,a
p,17.07,x,k,n,t,p,,o,8.9,28.47,c,,y,,,f,f,,d,a
e,0.94,p,g,g,f,,,g,2.94,1.45,,,w,,,f,f,,d,w
e,11.01,f,e,n,f,a,c,w,9.04,22.55,s,,w,,,f,f,,l,a
e,5.08,f,g,g,f,a,d,g,5.66,4.23,,s,g,,,f,f,,d,a
e,4.53,x,,n,f,x,c,w,8.02,8.86,b,,n,,w,t,,,d,a
e,7.51,s,,n,f,d,c,w,4.63,7.73,,s,w,,,f,f,,h,a
e,8.37,x,s,n,t,p,,n,6.54,16.36,,,n,,w,t,p,,d,u
p,2.96,b,,n,f,a,,n,9.5,2.66,,,n,,w,f,f,k,g,a
e,7.15,f,s,n,f,s,c,w,5.5,10.17,b,i,w,,,f,f,,m,u
e,1.13,p,g,g,f,,,g,2.84,1.39,,,w,,,f,f,,d,w
e,5.78,x,h,n,f,x,c,w,5.36,5.41,,s,n,,,t,r,,d,w
p,7.47,f,t,e,f,x,,w,13.69,8.05,r,g,n,,,f,f,,d,a
e,3.82,x,d,n,f,p,,y,4.57,10.88,,,y,,,f,f,,d,a
e,5.57,x,h,n,f,a,d,n,5.98,4.93,,t,g,,,t,l,,d,u
e,5.19,x,t,n,f,p,,n,6.21,12.81,,,n,,,f,f,,d,u
p,7.47,f,t,n,f,x,c,y,6.2,16.17,,,y,,,f,f,,d,a
e,20.92,p,d,o,f,p,,n,16.9,37.14,s,y,w,,,f,f,,d,a
e,5.42,x,,y,f,x,c,n,6.65,4.27,,,w,,,f,f,,d,u
p,3.52,f,d,n,f,x,c,y,5.14,2.98,b,s,n,,,f,f,,d,u
p,0.82,x,g,o,f,,,y,3.64,0.83,,,w,,,f,f,,d,u
p,21.44,s,s,n,f,d,c,y,6.78,45.78,,k,k,,,f,f,,d,a
p,8.17,s,d,n,t,d,c,w,7.91,11.55,,,e,,,f,f,,d,u
e,50.56,o,y,y,f,p,,y,7.6,28.31,,k,n,,,f,f,,d,u
p,3.29,f,,n,f,x,c,p,7.64,3.82,,,n,,,f,f,,d,u
p,1.17,c,,u,f,a,c,w,3.13,3.39,,i,u,,,f,f,,p,a
e,1.52,x,s,n,f,d,,w,4.87,1.66,,t,y,,,f,f,,d,u
p,2.8,o,,g,f,f,f,f,3.56,15.32,,g,n,,,f,f,,d,u
p,17.98,x,t,k,t,d,c,n,5.14,26.57,,,n,,,f,f,,d,u
e,4.22,f,t,n,f,a,d,y,6.58,5.64,,s,o,,,f,f,,d,s
e,3.89,f,h,n,f,,c,k,5.88,6.66,,s,w,,w,f,f,k,d,u
e,9.85,x,y,n,t,e,,p,8.61,16.5,,y,w,,,t,l,,d,a
p,5.95,x,d,n,f,a,c,y,5.14,6.22,,i,y,,,t,,,d,u
e,10.09,s,,w,t,d,c,y,5.55,24.98,,,w,,,f,f,,d,u
p,1.65,x,,n,f,,,k,5.5,2.8,,s,n,,,f,f,k,g,u
p,0.79,x,g,o,f,,,y,3.47,0.76,,,w,,,f,f,,d,a
p,9.91,x,s,n,t,s,d,w,6.71,17.09,r,y,w,,,f,f,,d,a
p,11.89,x,e,o,f,a,,y,11.97,22.85,r,,y,,,t,r,n,d,u
p,2.71,f,,u,f,a,c,w,3.27,3.59,,i,w,,,f,f,,d,a
e,5.96,p,,n,f,f,f,f,6.41,21.37,,,n,,,f,f,,d,s
p,8.01,x,h,e,f,x,d,w,5.84,18.06,b,,w,,,f,f,,d,u
p,14.35,f,s,n,f,p,,y,5.3,50.92,,,n,,,f,f,,d,w
p,8.09,x,y,y,f,a,c,y,12.33,11.55,,y,y,,,t,,,d,u
p,6.39,f,t,y,f,x,c,y,4.72,11.8,,,y,,,f,f,,d,a
p,8.89,s,t,r,t,d,,w,4.83,12.74,,t,g,,,f,f,,d,a
p,11.44,x,e,y,t,p,,e,8.61,26.57,,,e,,,f,f,,d,u
e,14.21,f,,w,f,d,c,y,2.56,15.9,,,w,,,f,f,,d,w
p,7.71,s,t,y,f,x,c,y,6.14,15.22,,,y,,,f,f,,d,a
e,9.45,x,e,l,f,x,c,w,5.2,12.94,,,w,,,f,f,,d,a
p,10.11,o,,e,f,f,f,f,3.8,25.9,,g,n,,,f,f,,d,s
e,4.1,x,,w,f,d,,r,5.67,7.41,,,r,,,f,f,,l,u
p,6.95,s,d,o,f,d,c,y,3.88,7.75,,,y,,,f,f,,h,u
p,6.21,o,t,y,f,,c,o,1.35,12.53,,,n,,,f,f,,d,w
p,5.14,x,e,e,f,a,,w,6.96,10.07,,,y,,w,t,z,,d,a
p,4.68,x,e,e,f,a,,g,6.92,8.41,,,y,,w,t,z,,d,a
p,10.4,x,y,y,f,a,,y,11.7,20.99,r,,y,,,t,r,n,d,a
p,11.31,x,e,n,t,p,,e,7.72,25.04,,,u,,,f,f,,d,a
p,2.92,s,w,o,t,d,c,y,3.13,5.94,,,n,,,f,f,,d,u
e,7.46,x,l,w,f,d,,w,3.45,10.29,,,w,,,f,f,,d,u
e,7.59,x,,y,f,e,,w,6.51,13.91,b,,w,u,w,t,g,,d,a
e,3.28,s,,y,f,f,f,f,6.68,7.32,,,y,,,f,f,,d,a
e,2.95,o,l,n,f,f,f,f,6.0,34.65,,,n,,,f,f,g,l,u
p,7.47,f,y,u,f,s,c,y,4.87,12.56,,y,u,,,f,f,,d,a
e,6.53,x,,y,f,e,,w,6.4,12.68,b,,y,u,y,t,g,,d,a
e,4.1,x,,y,f,a,c,o,4.62,9.22,,,w,,,f,f,,d,a
p,3.04,x,i,e,f,,,e,4.01,4.49,,,e,,,f,f,n,d,a
p,5.82,x,s,g,t,s,d,r,5.25,14.71,r,i,n,,,f,f,,d,a
p,4.81,x,,y,f,s,d,y,5.35,12.06,,i,y,,,f,f,,d,a
e,6.9,f,,g,f,d,c,w,2.15,10.86,,,w,,,f,f,,d,a
p,6.73,s,,n,t,d,c,w,5.99,6.13,,,n,,,f,f,,d,a
p,2.13,f,t,y,f,,,y,6.08,3.04,,,y,,,f,f,,g,u
p,5.65,s,,e,t,d,c,w,5.77,5.39,,,n,,,f,f,,d,a
e,7.19,f,g,n,f,s,,y,8.91,12.6,,t,o,,,f,f,,d,a
e,16.5,p,d,o,f,p,,n,14.23,32.6,s,y,w,,,f,f,,d,a
e,3.48,x,s,w,f,d,d,w,2.72,5.7,,,w,,,f,f,,m,a
e,3.4,f,s,w,f,d,d,w,3.93,6.14,,,w,,,f,f,,m,a
p,5.0,x,s,k,f,e,,y,6.97,7.69,,,o,,,f,f,,g,u
p,2.96,s,s,g,f,d,c,w,2.88,7.19,,,w,,,f,f,,g,a
p,0.98,f,,o,f,d,,o,5.77,1.16,,,y,,,f,f,w,g,u
p,6.19,x,w,p,f,s,c,p,3.87,9.41,,,p,,,f,f,,d,a
p,1.41,o,k,n,f,,,n,2.53,1.23,,,n,,,f,f,,d,u
p,6.39,o,t,o,f,,c,y,1.64,16.8,,,n,,,f,f,,d,w
p,4.72,x,,n,f,x,c,p,10.35,4.62,,,n,,,f,f,,l,a
e,18.94,x,t,n,f,p,,w,20.47,85.51,,,n,,,f,f,,d,u
p,4.86,f,l,e,f,x,d,e,6.01,4.7,,,y,,,f,f,,l,u
e,2.35,f,y,n,f,a,d,p,7.09,3.44,,i,n,,,f,f,,h,u
p,10.93,x,t,n,f,a,d,w,10.06,27.04,,,w,,,f,f,,d,a
e,0.86,p,g,g,f,,,g,3.07,1.6,,,w,,,f,f,,d,s
e,6.88,x,,g,f,a,,w,6.71,12.44,,,g,,,f,f,,g,u
p,9.76,s,t,p,t,d,c,p,7.99,15.41,,,p,,,t,f,,d,a
e,5.14,x,t,n,f,p,,n,6.79,11.79,,,e,,,f,f,,d,a
p,7.79,x,,g,t,x,,u,10.17,18.23,s,,g,,u,f,f,,d,a
e,4.32,x,d,b,f,d,d,b,5.45,12.53,,,w,,,f,f,,g,w
e,4.2,x,t,n,f,a,d,y,7.91,5.41,,s,n,,,f,f,,d,a
p,3.69,f,w,u,f,a,c,g,4.61,4.52,,s,u,,,f,f,,l,u
e,3.24,s,,y,f,f,f,f,6.06,7.12,,,o,,,f,f,,d,a
p,12.85,f,,g,f,e,,w,11.42,16.86,,,w,u,w,t,g,,d,a
e,10.12,s,t,p,t,d,c,o,6.3,17.0,,,w,,,f,f,,d,a
e,2.48,b,y,n,f,,c,k,5.78,3.02,,,w,,,f,f,,d,s
e,10.66,p,y,n,t,e,,p,9.78,18.3,,y,w,,,t,l,,l,a
e,6.77,f,d,b,f,d,d,b,6.34,13.25,,,w,,,f,f,,d,w
p,1.66,c,t,y,f,,,n,7.78,2.64,,,y,,,f,f,,g,u
e,4.3,f,,y,f,x,c,g,5.9,3.52,,,w,,,f,f,,d,a
p,8.56,x,s,g,f,s,,y,6.13,15.91,,i,n,,,f,f,,d,a
p,2.54,o,l,g,f,f,f,f,0.0,0.0,f,f,f,,,f,f,,d,w
e,13.98,x,y,n,t,e,,w,9.91,17.22,,,w,,,t,,,g,u
e,6.85,x,h,y,t,x,c,y,8.47,17.45,,,w,,,f,f,,d,u
p,1.4,b,h,n,f,a,,n,4.8,1.32,,t,n,,,f,f,,g,u
p,1.8,o,k,n,f,,,n,4.32,1.58,,,n,,,f,f,,d,s
p,8.97,x,,g,t,x,,u,10.03,22.21,s,,n,,u,f,f,,d,a
e,6.26,s,,n,f,d,c,w,4.43,8.2,,s,w,,,f,f,,d,a
p,6.72,p,y,g,f,,,w,11.01,13.97,,s,w,,,t,z,,g,u
e,3.53,s,l,n,f,f,f,f,5.97,32.05,,,n,,,f,f,g,d,w
p,4.2,x,,w,f,,c,g,3.45,12.98,,,y,,,f,f,,d,a
p,2.98,b,,k,f,a,,k,9.81,2.6,,,n,,w,f,f,k,g,u
e,53.44,o,y,y,f,p,,y,9.02,43.07,,k,k,,,f,f,,d,u
p,7.75,s,h,n,t,d,,g,4.39,11.71,,t,n,,,f,f,,d,u
p,2.81,o,,w,f,f,f,f,5.64,31.86,,g,w,,,t,f,,p,u
e,6.36,x,h,n,f,e,,w,12.86,12.73,,s,n,u,w,f,f,,d,a
p,2.96,f,,u,f,a,c,n,3.83,3.54,,i,w,,,f,f,,d,a
p,8.97,x,y,y,f,a,c,n,11.9,12.85,,y,n,,,t,,,d,u
e,10.29,x,t,y,f,p,,y,7.59,14.97,,,y,,y,t,,,d,a
e,7.14,f,s,n,f,s,c,w,6.18,9.57,b,i,w,,,f,f,,g,u
p,4.5,x,y,n,f,a,,w,6.43,3.74,,y,n,,,t,r,,g,u
e,3.8,f,g,g,f,a,d,g,6.37,3.27,,s,n,,,f,f,,d,s
p,7.47,f,y,u,f,s,c,y,7.07,17.33,,y,e,,,f,f,,d,a
e,6.37,x,h,g,f,a,d,n,6.09,4.76,,t,g,,,t,l,,d,u
p,2.97,s,s,g,f,d,c,w,3.22,8.25,,,w,,,f,f,,g,u
e,20.77,p,w,n,f,p,,w,20.23,76.3,,,n,,,f,f,,d,a
p,4.17,f,l,e,f,x,d,y,4.6,4.39,,,y,,,f,f,,l,u
p,4.08,o,s,w,f,,c,w,0.0,0.0,f,f,f,,,f,f,n,d,u
e,5.99,x,l,w,f,d,,p,3.37,7.42,,,w,,,f,f,,g,a
e,4.87,x,,l,f,d,,r,6.25,8.23,,,l,,,f,f,,d,u
e,6.0,f,h,k,f,s,d,w,5.22,10.17,,s,g,,,f,f,,d,u
p,3.25,b,,n,f,a,,n,9.86,2.76,,,g,,w,f,f,k,g,a
e,2.77,o,l,n,f,f,f,f,8.09,54.42,,,n,,,f,f,g,d,w
e,1.58,x,s,y,f,d,,w,6.05,2.25,,t,y,,,f,f,,h,a
e,8.24,x,d,y,t,p,,y,5.71,12.61,,,y,,,f,f,,d,u
p,7.08,x,s,g,t,s,d,r,6.36,15.21,r,y,n,,,f,f,,d,a
p,3.57,x,k,w,f,s,,p,3.65,2.47,,,n,,,f,f,p,g,u
e,6.96,x,d,e,t,p,,r,4.73,10.74,,,e,,,f,f,,d,a
p,0.91,x,k,n,f,,,n,2.19,1.26,,,n,,,f,f,,d,u
e,15.49,x,s,n,f,a,d,k,7.64,23.49,,,w,,,f,f,w,d,a
p,1.67,x,g,n,f,d,d,n,2.39,2.73,,s,n,,,f,f,,d,u
e,9.93,s,,n,f,,,w,4.75,23.32,,,n,,,f,f,,d,u
e,48.92,o,y,y,f,p,,y,7.35,35.46,,k,k,,,f,f,,d,u
p,21.29,x,k,w,t,d,d,w,8.16,33.86,,,w,,,f,f,,d,w
p,16.1,x,h,n,t,p,,e,10.85,31.61,c,,y,,,f,f,,d,u
p,4.47,b,w,u,f,a,c,u,5.23,5.96,,s,u,,,f,f,,d,u
e,9.88,f,y,n,f,,,w,6.24,25.08,b,,n,,w,t,e,,d,w
p,3.07,o,,w,f,f,f,f,5.09,25.7,,g,w,,,t,f,,p,a
e,6.92,f,d,w,f,s,c,w,4.74,23.83,,,w,,,f,f,,m,s
e,7.18,s,l,w,f,d,,w,3.62,9.37,,,w,,,f,f,,d,a
e,11.21,f,s,y,f,x,,n,8.53,25.3,,,n,,,f,f,,d,u
e,3.12,s,,y,f,f,f,f,6.35,6.55,,,o,,,f,f,,d,a
e,2.43,x,,u,f,,d,u,6.23,4.34,,,w,,,f,f,,d,u
p,5.64,c,k,w,t,x,c,r,6.88,12.1,,,w,,,f,f,,d,s
e,8.71,f,y,y,f,,,w,6.05,24.86,b,,n,,w,t,e,,d,w
e,7.13,s,,n,f,d,c,w,6.54,8.68,,s,w,,,f,f,,h,a
p,8.83,x,i,n,f,a,,n,9.01,12.44,s,,n,,e,f,f,,h,a
e,51.27,o,y,y,f,p,,y,6.91,36.83,,k,k,,,f,f,,d,u
p,7.67,s,t,p,t,d,c,p,8.43,12.46,,,p,,,t,f,,d,a
e,5.6,x,h,o,f,a,d,y,7.95,7.24,,k,o,,,f,f,,d,s
p,1.03,b,t,y,f,,c,k,3.1,2.48,,,n,,,t,f,,m,a
e,2.9,s,,y,f,f,f,f,5.64,6.49,,,o,,,f,f,,d,a
e,22.36,p,w,n,f,p,,w,13.73,66.32,,,n,,,f,f,,d,u
e,3.71,x,,l,f,d,,r,4.96,8.3,,,l,,,f,f,,d,u
p,6.92,f,w,n,f,x,,w,14.08,7.79,r,g,n,,,f,f,,d,u
e,8.77,f,,n,f,x,c,w,6.03,18.1,,s,w,,,f,f,,d,u
p,8.87,f,,w,f,x,c,w,10.18,11.19,r,i,w,,,f,f,,h,a
e,13.17,s,,l,f,s,c,b,7.46,20.48,,,b,,,f,f,,l,w
e,9.66,s,,w,t,d,c,w,4.84,23.91,,,w,,,f,f,,d,u
e,10.51,s,,u,f,s,c,u,8.45,21.46,,,b,,,f,f,,l,w
p,1.66,b,g,o,f,,c,n,6.21,3.49,,,n,,,f,f,,g,u
e,1.52,x,w,g,f,,d,k,5.47,2.75,,,w,,,f,f,,g,a
e,7.51,f,g,o,f,s,,y,8.42,11.13,,i,o,,,f,f,,d,a
p,5.58,s,k,y,f,p,,n,4.43,6.3,,k,n,,,t,f,,d,u
e,6.73,p,s,w,f,e,c,w,19.7,12.02,,s,w,,,t,e,,d,a
p,3.7,s,k,y,f,p,,n,2.39,3.97,,k,n,,,t,f,,d,u
p,5.6,s,,u,f,a,,w,5.08,9.06,,,y,,,f,f,,d,a
p,2.15,b,g,o,f,,c,n,5.14,2.59,,,n,,,f,f,,g,s
p,3.75,x,k,n,f,s,,p,4.28,3.72,,,n,,,f,f,p,g,u
p,7.19,x,t,y,f,x,c,y,5.04,12.39,,,y,,,f,f,,d,a
e,9.08,x,,n,f,s,c,g,8.02,21.39,b,,u,,,f,f,,g,w
p,4.56,s,d,o,f,d,c,o,3.73,6.83,,,o,,,f,f,,d,a
e,5.89,x,h,y,t,x,c,y,6.16,12.01,,,w,,,f,f,,d,u
e,46.58,o,y,y,f,p,,y,8.77,47.71,,k,k,,,f,f,,d,s
p,11.58,x,t,n,t,d,c,n,5.95,14.91,,,n,,,f,f,,d,u
e,8.47,x,s,w,f,s,c,w,5.36,22.75,,,w,,,f,f,,m,u
p,8.13,x,s,n,t,s,d,r,5.35,14.38,r,i,n,,,f,f,,d,a
p,4.85,x,t,n,f,s,c,p,6.12,10.03,,,w,,n,t,z,,d,u
p,6.08,x,s,g,t,s,d,w,5.53,13.5,r,y,n,,,f,f,,d,u
p,2.82,f,w,o,t,d,c,y,2.56,5.42,,,n,,,f,f,,d,u
p,1.2,f,s,y,f,f,f,f,2.36,4.5,,,y,,,f,f,,d,u
e,11.45,s,t,p,t,d,c,o,5.91,18.65,,,w,,,f,f,,d,u
p,11.68,x,e,n,t,p,,e,7.03,29.28,,,u,,,f,f,,d,u
e,8.52,f,s,n,f,d,d,w,7.54,14.28,,i,n,,,t,,w,d,a
p,4.4,x,e,e,f,a,,n,7.08,9.46,,,y,,w,t,z,,d,a
p,0.88,x,g,p,f,a,,p,4.84,1.19,,h,k,,,f,f,,d,w
e,6.78,f,,g,f,d,c,w,2.19,12.59,,,w,,,f,f,,d,w
e,11.12,s,s,n,f,x,,n,7.84,24.9,,,w,,,f,f,,d,a
e,2.91,f,d,p,t,d,c,p,4.28,5.72,,,n,,,f,f,,d,u
e,7.6,x,d,n,t,p,,r,5.92,12.68,,,y,,,f,f,,d,u
p,5.27,b,s,k,f,e,,k,7.08,8.17,,,k,,,f,f,,g,u
e,11.11,x,s,n,f,d,d,w,10.37,16.17,,i,n,,,t,,w,d,u
e,5.09,f,d,o,f,d,d,b,4.98,12.14,,,w,,,f,f,,d,a
e,15.98,x,e,n,t,e,,w,9.57,17.66,,,w,,,t,,,g,u
e,8.84,x,t,y,f,p,,y,7.13,14.13,,,y,,y,t,,,d,u
e,7.04,f,g,o,f,s,,n,9.01,11.98,,t,o,,,f,f,,d,a
p,1.87,c,h,y,f,,,y,8.17,3.06,,,y,,,f,f,,g,u
p,3.35,b,y,n,f,,c,u,5.32,4.33,s,s,w,,,f,f,,d,a
e,15.53,x,y,n,t,e,,w,9.95,18.46,,,w,,,t,,,g,a
